Participant ID,Cluster,EDEN NUM,USS Date,Gestational Age (Weeks),Gestational Age (Days),Expected Deivery Date (EDD),Current Gestational Age,Due Date,Last Date,Visit
IN-M-060G,West Kiang,,22/06/2023,13,1,27/12/2023,20.14285714,02/08/2023,16/08/2023,Week 20
IN-M-063E,West Kiang,,03/07/2023,15,1,24/12/2023,20.57142857,30/07/2023,13/08/2023,Week 20
IN-M-033K,West Kiang,EDN0957-A,27/04/2023,11,4,12/11/2023,26.57142857,13/08/2023,27/08/2023,Week 28
IN-M-046J,West Kiang,EDN1015-O,24/05/2023,15,5,10/11/2023,26.85714286,11/08/2023,25/08/2023,Week 28
IN-M-048E,Central Kiang,EDN0066-H,30/05/2023,16,3,11/11/2023,26.71428571,12/08/2023,26/08/2023,Week 28
IN-M-058J,West Kiang,,22/06/2023,19,6,10/11/2023,26.85714286,11/08/2023,25/08/2023,Week 28
IN-M-018C,West Kiang,EDN1075-Y,12/04/2023,17,5,15/09/2023,34.85714286,11/08/2023,25/08/2023,Week 36
IN-M-021K,West Kiang,EDN0920-A,13/04/2023,16,6,22/09/2023,33.85714286,18/08/2023,01/09/2023,Week 36
