<?xml version='1.0' encoding='utf-8'?>
<data>
  <row>
    <cons_recordid_q1>IDeA30003H</cons_recordid_q1>
    <redcap_event_name>v1_arm_1</redcap_event_name>
    <redcap_repeat_instrument/>
    <redcap_repeat_instance/>
    <calprotectin_date>2024-01-30</calprotectin_date>
    <calp_conc>421.0246</calp_conc>
    <calprotectin_complete>2</calprotectin_complete>
  </row>
  <row>
    <cons_recordid_q1>IDeA30003H</cons_recordid_q1>
    <redcap_event_name>v12_arm_1</redcap_event_name>
    <redcap_repeat_instrument/>
    <redcap_repeat_instance/>
    <calprotectin_date>2024-01-30</calprotectin_date>
    <calp_conc>58.2387</calp_conc>
    <calprotectin_complete>2</calprotectin_complete>
  </row>
  <row>
    <cons_recordid_q1>IDeA30004F</cons_recordid_q1>
    <redcap_event_name>v1_arm_1</redcap_event_name>
    <redcap_repeat_instrument/>
    <redcap_repeat_instance/>
    <calprotectin_date>2024-01-30</calprotectin_date>
    <calp_conc>194.5374</calp_conc>
    <calprotectin_complete>2</calprotectin_complete>
  </row>
  <row>
    <cons_recordid_q1>IDeA30008E</cons_recordid_q1>
    <redcap_event_name>v1_arm_1</redcap_event_name>
    <redcap_repeat_instrument/>
    <redcap_repeat_instance/>
    <calprotectin_date>2024-01-30</calprotectin_date>
    <calp_conc>39.2228</calp_conc>
    <calprotectin_complete>2</calprotectin_complete>
  </row>
  <row>
    <cons_recordid_q1>IDeA30011H</cons_recordid_q1>
    <redcap_event_name>v1_arm_1</redcap_event_name>
    <redcap_repeat_instrument/>
    <redcap_repeat_instance/>
    <calprotectin_date>2024-01-30</calprotectin_date>
    <calp_conc>732.7778</calp_conc>
    <calprotectin_complete>2</calprotectin_complete>
  </row>
  <row>
    <cons_recordid_q1>IDeA30012F</cons_recordid_q1>
    <redcap_event_name>v1_arm_1</redcap_event_name>
    <redcap_repeat_instrument/>
    <redcap_repeat_instance/>
    <calprotectin_date>2024-01-30</calprotectin_date>
    <calp_conc>126.6178</calp_conc>
    <calprotectin_complete>2</calprotectin_complete>
  </row>
  <row>
    <cons_recordid_q1>IDeA30017E</cons_recordid_q1>
    <redcap_event_name>v12_arm_1</redcap_event_name>
    <redcap_repeat_instrument/>
    <redcap_repeat_instance/>
    <calprotectin_date>2024-01-30</calprotectin_date>
    <calp_conc>100.0411</calp_conc>
    <calprotectin_complete>2</calprotectin_complete>
  </row>
  <row>
    <cons_recordid_q1>IDeA30020H</cons_recordid_q1>
    <redcap_event_name>v1_arm_1</redcap_event_name>
    <redcap_repeat_instrument/>
    <redcap_repeat_instance/>
    <calprotectin_date>2024-01-30</calprotectin_date>
    <calp_conc>62.3133</calp_conc>
    <calprotectin_complete>2</calprotectin_complete>
  </row>
  <row>
    <cons_recordid_q1>IDeA30020H</cons_recordid_q1>
    <redcap_event_name>v12_arm_1</redcap_event_name>
    <redcap_repeat_instrument/>
    <redcap_repeat_instance/>
    <calprotectin_date>2024-01-30</calprotectin_date>
    <calp_conc>6.5676</calp_conc>
    <calprotectin_complete>2</calprotectin_complete>
  </row>
  <row>
    <cons_recordid_q1>IDeA30021A</cons_recordid_q1>
    <redcap_event_name>v1_arm_1</redcap_event_name>
    <redcap_repeat_instrument/>
    <redcap_repeat_instance/>
    <calprotectin_date>2024-01-30</calprotectin_date>
    <calp_conc>119.9161</calp_conc>
    <calprotectin_complete>2</calprotectin_complete>
  </row>
  <row>
    <cons_recordid_q1>IDeA30022K</cons_recordid_q1>
    <redcap_event_name>v1_arm_1</redcap_event_name>
    <redcap_repeat_instrument/>
    <redcap_repeat_instance/>
    <calprotectin_date>2024-01-30</calprotectin_date>
    <calp_conc>79.9107</calp_conc>
    <calprotectin_complete>2</calprotectin_complete>
  </row>
  <row>
    <cons_recordid_q1>IDeA30022K</cons_recordid_q1>
    <redcap_event_name>v12_arm_1</redcap_event_name>
    <redcap_repeat_instrument/>
    <redcap_repeat_instance/>
    <calprotectin_date>2024-01-30</calprotectin_date>
    <calp_conc>67.5775</calp_conc>
    <calprotectin_complete>2</calprotectin_complete>
  </row>
  <row>
    <cons_recordid_q1>IDeA30023C</cons_recordid_q1>
    <redcap_event_name>v1_arm_1</redcap_event_name>
    <redcap_repeat_instrument/>
    <redcap_repeat_instance/>
    <calprotectin_date>2024-01-30</calprotectin_date>
    <calp_conc>200.1031</calp_conc>
    <calprotectin_complete>2</calprotectin_complete>
  </row>
  <row>
    <cons_recordid_q1>IDeA30024B</cons_recordid_q1>
    <redcap_event_name>v12_arm_1</redcap_event_name>
    <redcap_repeat_instrument/>
    <redcap_repeat_instance/>
    <calprotectin_date>2024-01-30</calprotectin_date>
    <calp_conc>158.2789</calp_conc>
    <calprotectin_complete>2</calprotectin_complete>
  </row>
  <row>
    <cons_recordid_q1>IDeA30026E</cons_recordid_q1>
    <redcap_event_name>v1_arm_1</redcap_event_name>
    <redcap_repeat_instrument/>
    <redcap_repeat_instance/>
    <calprotectin_date>2024-01-30</calprotectin_date>
    <calp_conc>243.5496</calp_conc>
    <calprotectin_complete>2</calprotectin_complete>
  </row>
  <row>
    <cons_recordid_q1>IDeA30028G</cons_recordid_q1>
    <redcap_event_name>v1_arm_1</redcap_event_name>
    <redcap_repeat_instrument/>
    <redcap_repeat_instance/>
    <calprotectin_date>2024-01-30</calprotectin_date>
    <calp_conc>173.4803</calp_conc>
    <calprotectin_complete>2</calprotectin_complete>
  </row>
  <row>
    <cons_recordid_q1>IDeA30029D</cons_recordid_q1>
    <redcap_event_name>v1_arm_1</redcap_event_name>
    <redcap_repeat_instrument/>
    <redcap_repeat_instance/>
    <calprotectin_date>2024-01-30</calprotectin_date>
    <calp_conc>55.0815</calp_conc>
    <calprotectin_complete>2</calprotectin_complete>
  </row>
  <row>
    <cons_recordid_q1>IDeA30029D</cons_recordid_q1>
    <redcap_event_name>v12_arm_1</redcap_event_name>
    <redcap_repeat_instrument/>
    <redcap_repeat_instance/>
    <calprotectin_date>2024-01-30</calprotectin_date>
    <calp_conc>22.0765</calp_conc>
    <calprotectin_complete>2</calprotectin_complete>
  </row>
  <row>
    <cons_recordid_q1>IDeA30030J</cons_recordid_q1>
    <redcap_event_name>v12_arm_1</redcap_event_name>
    <redcap_repeat_instrument/>
    <redcap_repeat_instance/>
    <calprotectin_date>2024-01-30</calprotectin_date>
    <calp_conc>175.2482</calp_conc>
    <calprotectin_complete>2</calprotectin_complete>
  </row>
  <row>
    <cons_recordid_q1>IDeA30031K</cons_recordid_q1>
    <redcap_event_name>v1_arm_1</redcap_event_name>
    <redcap_repeat_instrument/>
    <redcap_repeat_instance/>
    <calprotectin_date>2024-01-30</calprotectin_date>
    <calp_conc>130.8689</calp_conc>
    <calprotectin_complete>2</calprotectin_complete>
  </row>
  <row>
    <cons_recordid_q1>IDeA30037A</cons_recordid_q1>
    <redcap_event_name>v1_arm_1</redcap_event_name>
    <redcap_repeat_instrument/>
    <redcap_repeat_instance/>
    <calprotectin_date>2024-01-30</calprotectin_date>
    <calp_conc>37.1261</calp_conc>
    <calprotectin_complete>2</calprotectin_complete>
  </row>
  <row>
    <cons_recordid_q1>IDeA30037A</cons_recordid_q1>
    <redcap_event_name>v12_arm_1</redcap_event_name>
    <redcap_repeat_instrument/>
    <redcap_repeat_instance/>
    <calprotectin_date>2024-01-30</calprotectin_date>
    <calp_conc>52.1130</calp_conc>
    <calprotectin_complete>2</calprotectin_complete>
  </row>
  <row>
    <cons_recordid_q1>IDeA30042H</cons_recordid_q1>
    <redcap_event_name>v1_arm_1</redcap_event_name>
    <redcap_repeat_instrument/>
    <redcap_repeat_instance/>
    <calprotectin_date>2024-01-30</calprotectin_date>
    <calp_conc>89.2170</calp_conc>
    <calprotectin_complete>2</calprotectin_complete>
  </row>
  <row>
    <cons_recordid_q1>IDeA30042H</cons_recordid_q1>
    <redcap_event_name>v12_arm_1</redcap_event_name>
    <redcap_repeat_instrument/>
    <redcap_repeat_instance/>
    <calprotectin_date>2024-01-30</calprotectin_date>
    <calp_conc>72.2563</calp_conc>
    <calprotectin_complete>2</calprotectin_complete>
  </row>
  <row>
    <cons_recordid_q1>IDeA30043E</cons_recordid_q1>
    <redcap_event_name>v1_arm_1</redcap_event_name>
    <redcap_repeat_instrument/>
    <redcap_repeat_instance/>
    <calprotectin_date>2024-01-30</calprotectin_date>
    <calp_conc>213.2778</calp_conc>
    <calprotectin_complete>2</calprotectin_complete>
  </row>
  <row>
    <cons_recordid_q1>IDeA30043E</cons_recordid_q1>
    <redcap_event_name>v12_arm_1</redcap_event_name>
    <redcap_repeat_instrument/>
    <redcap_repeat_instance/>
    <calprotectin_date>2024-01-30</calprotectin_date>
    <calp_conc>28.1395</calp_conc>
    <calprotectin_complete>2</calprotectin_complete>
  </row>
  <row>
    <cons_recordid_q1>IDeA30045A</cons_recordid_q1>
    <redcap_event_name>v12_arm_1</redcap_event_name>
    <redcap_repeat_instrument/>
    <redcap_repeat_instance/>
    <calprotectin_date>2024-01-30</calprotectin_date>
    <calp_conc>138.1915</calp_conc>
    <calprotectin_complete>2</calprotectin_complete>
  </row>
  <row>
    <cons_recordid_q1>IDeA30049B</cons_recordid_q1>
    <redcap_event_name>v1_arm_1</redcap_event_name>
    <redcap_repeat_instrument/>
    <redcap_repeat_instance/>
    <calprotectin_date>2024-01-30</calprotectin_date>
    <calp_conc>101.3437</calp_conc>
    <calprotectin_complete>2</calprotectin_complete>
  </row>
  <row>
    <cons_recordid_q1>IDeA30049B</cons_recordid_q1>
    <redcap_event_name>v12_arm_1</redcap_event_name>
    <redcap_repeat_instrument/>
    <redcap_repeat_instance/>
    <calprotectin_date>2024-01-30</calprotectin_date>
    <calp_conc>12.7732</calp_conc>
    <calprotectin_complete>2</calprotectin_complete>
  </row>
  <row>
    <cons_recordid_q1>IDeA30051F</cons_recordid_q1>
    <redcap_event_name>v1_arm_1</redcap_event_name>
    <redcap_repeat_instrument/>
    <redcap_repeat_instance/>
    <calprotectin_date>2024-01-30</calprotectin_date>
    <calp_conc>433.3607</calp_conc>
    <calprotectin_complete>2</calprotectin_complete>
  </row>
  <row>
    <cons_recordid_q1>IDeA30051F</cons_recordid_q1>
    <redcap_event_name>v12_arm_1</redcap_event_name>
    <redcap_repeat_instrument/>
    <redcap_repeat_instance/>
    <calprotectin_date>2024-01-30</calprotectin_date>
    <calp_conc>81.3295</calp_conc>
    <calprotectin_complete>2</calprotectin_complete>
  </row>
  <row>
    <cons_recordid_q1>IDeA30052J</cons_recordid_q1>
    <redcap_event_name>v12_arm_1</redcap_event_name>
    <redcap_repeat_instrument/>
    <redcap_repeat_instance/>
    <calprotectin_date>2024-01-30</calprotectin_date>
    <calp_conc>82.2939</calp_conc>
    <calprotectin_complete>2</calprotectin_complete>
  </row>
  <row>
    <cons_recordid_q1>IDeA30059A</cons_recordid_q1>
    <redcap_event_name>v1_arm_1</redcap_event_name>
    <redcap_repeat_instrument/>
    <redcap_repeat_instance/>
    <calprotectin_date>2024-01-30</calprotectin_date>
    <calp_conc>315.1880</calp_conc>
    <calprotectin_complete>2</calprotectin_complete>
  </row>
  <row>
    <cons_recordid_q1>IDeA30059A</cons_recordid_q1>
    <redcap_event_name>v12_arm_1</redcap_event_name>
    <redcap_repeat_instrument/>
    <redcap_repeat_instance/>
    <calprotectin_date>2024-01-30</calprotectin_date>
    <calp_conc>180.6426</calp_conc>
    <calprotectin_complete>2</calprotectin_complete>
  </row>
  <row>
    <cons_recordid_q1>IDeA30063J</cons_recordid_q1>
    <redcap_event_name>v1_arm_1</redcap_event_name>
    <redcap_repeat_instrument/>
    <redcap_repeat_instance/>
    <calprotectin_date>2024-01-30</calprotectin_date>
    <calp_conc>73.3339</calp_conc>
    <calprotectin_complete>2</calprotectin_complete>
  </row>
  <row>
    <cons_recordid_q1>IDeA30063J</cons_recordid_q1>
    <redcap_event_name>v12_arm_1</redcap_event_name>
    <redcap_repeat_instrument/>
    <redcap_repeat_instance/>
    <calprotectin_date>2024-01-30</calprotectin_date>
    <calp_conc>21.5322</calp_conc>
    <calprotectin_complete>2</calprotectin_complete>
  </row>
  <row>
    <cons_recordid_q1>IDeA30064G</cons_recordid_q1>
    <redcap_event_name>v1_arm_1</redcap_event_name>
    <redcap_repeat_instrument/>
    <redcap_repeat_instance/>
    <calprotectin_date>2024-01-30</calprotectin_date>
    <calp_conc>162.3938</calp_conc>
    <calprotectin_complete>2</calprotectin_complete>
  </row>
  <row>
    <cons_recordid_q1>IDeA30064G</cons_recordid_q1>
    <redcap_event_name>v12_arm_1</redcap_event_name>
    <redcap_repeat_instrument/>
    <redcap_repeat_instance/>
    <calprotectin_date>2024-01-30</calprotectin_date>
    <calp_conc>175.8796</calp_conc>
    <calprotectin_complete>2</calprotectin_complete>
  </row>
  <row>
    <cons_recordid_q1>IDeA30065B</cons_recordid_q1>
    <redcap_event_name>v12_arm_1</redcap_event_name>
    <redcap_repeat_instrument/>
    <redcap_repeat_instance/>
    <calprotectin_date>2024-01-30</calprotectin_date>
    <calp_conc>55.2667</calp_conc>
    <calprotectin_complete>2</calprotectin_complete>
  </row>
  <row>
    <cons_recordid_q1>IDeA30066H</cons_recordid_q1>
    <redcap_event_name>v1_arm_1</redcap_event_name>
    <redcap_repeat_instrument/>
    <redcap_repeat_instance/>
    <calprotectin_date>2024-01-30</calprotectin_date>
    <calp_conc>438.3298</calp_conc>
    <calprotectin_complete>2</calprotectin_complete>
  </row>
  <row>
    <cons_recordid_q1>IDeA30066H</cons_recordid_q1>
    <redcap_event_name>v12_arm_1</redcap_event_name>
    <redcap_repeat_instrument/>
    <redcap_repeat_instance/>
    <calprotectin_date>2024-01-30</calprotectin_date>
    <calp_conc>66.3961</calp_conc>
    <calprotectin_complete>2</calprotectin_complete>
  </row>
  <row>
    <cons_recordid_q1>IDeA30070F</cons_recordid_q1>
    <redcap_event_name>v1_arm_1</redcap_event_name>
    <redcap_repeat_instrument/>
    <redcap_repeat_instance/>
    <calprotectin_date>2024-01-30</calprotectin_date>
    <calp_conc>80.3424</calp_conc>
    <calprotectin_complete>2</calprotectin_complete>
  </row>
  <row>
    <cons_recordid_q1>IDeA30070F</cons_recordid_q1>
    <redcap_event_name>v12_arm_1</redcap_event_name>
    <redcap_repeat_instrument/>
    <redcap_repeat_instance/>
    <calprotectin_date>2024-01-30</calprotectin_date>
    <calp_conc>143.0759</calp_conc>
    <calprotectin_complete>2</calprotectin_complete>
  </row>
  <row>
    <cons_recordid_q1>IDeA30071J</cons_recordid_q1>
    <redcap_event_name>v12_arm_1</redcap_event_name>
    <redcap_repeat_instrument/>
    <redcap_repeat_instance/>
    <calprotectin_date>2024-01-30</calprotectin_date>
    <calp_conc>194.1915</calp_conc>
    <calprotectin_complete>2</calprotectin_complete>
  </row>
  <row>
    <cons_recordid_q1>IDeA30074H</cons_recordid_q1>
    <redcap_event_name>v1_arm_1</redcap_event_name>
    <redcap_repeat_instrument/>
    <redcap_repeat_instance/>
    <calprotectin_date>2024-01-30</calprotectin_date>
    <calp_conc>200.9153</calp_conc>
    <calprotectin_complete>2</calprotectin_complete>
  </row>
  <row>
    <cons_recordid_q1>IDeA30074H</cons_recordid_q1>
    <redcap_event_name>v12_arm_1</redcap_event_name>
    <redcap_repeat_instrument/>
    <redcap_repeat_instance/>
    <calprotectin_date>2024-01-30</calprotectin_date>
    <calp_conc>69.6826</calp_conc>
    <calprotectin_complete>2</calprotectin_complete>
  </row>
  <row>
    <cons_recordid_q1>IDeA30081B</cons_recordid_q1>
    <redcap_event_name>v12_arm_1</redcap_event_name>
    <redcap_repeat_instrument/>
    <redcap_repeat_instance/>
    <calprotectin_date>2024-01-30</calprotectin_date>
    <calp_conc>111.6296</calp_conc>
    <calprotectin_complete>2</calprotectin_complete>
  </row>
  <row>
    <cons_recordid_q1>IDeA30085E</cons_recordid_q1>
    <redcap_event_name>v12_arm_1</redcap_event_name>
    <redcap_repeat_instrument/>
    <redcap_repeat_instance/>
    <calprotectin_date>2024-01-30</calprotectin_date>
    <calp_conc>97.2372</calp_conc>
    <calprotectin_complete>2</calprotectin_complete>
  </row>
  <row>
    <cons_recordid_q1>IDeA30089J</cons_recordid_q1>
    <redcap_event_name>v12_arm_1</redcap_event_name>
    <redcap_repeat_instrument/>
    <redcap_repeat_instance/>
    <calprotectin_date>2024-01-30</calprotectin_date>
    <calp_conc>398.1641</calp_conc>
    <calprotectin_complete>2</calprotectin_complete>
  </row>
  <row>
    <cons_recordid_q1>IDeA30090E</cons_recordid_q1>
    <redcap_event_name>v1_arm_1</redcap_event_name>
    <redcap_repeat_instrument/>
    <redcap_repeat_instance/>
    <calprotectin_date>2024-01-30</calprotectin_date>
    <calp_conc>201.5945</calp_conc>
    <calprotectin_complete>2</calprotectin_complete>
  </row>
  <row>
    <cons_recordid_q1>IDeA30090E</cons_recordid_q1>
    <redcap_event_name>v12_arm_1</redcap_event_name>
    <redcap_repeat_instrument/>
    <redcap_repeat_instance/>
    <calprotectin_date>2024-01-30</calprotectin_date>
    <calp_conc>111.5035</calp_conc>
    <calprotectin_complete>2</calprotectin_complete>
  </row>
  <row>
    <cons_recordid_q1>IDeA30095H</cons_recordid_q1>
    <redcap_event_name>v1_arm_1</redcap_event_name>
    <redcap_repeat_instrument/>
    <redcap_repeat_instance/>
    <calprotectin_date>2024-01-30</calprotectin_date>
    <calp_conc>39.0749</calp_conc>
    <calprotectin_complete>2</calprotectin_complete>
  </row>
  <row>
    <cons_recordid_q1>IDeA30097D</cons_recordid_q1>
    <redcap_event_name>v1_arm_1</redcap_event_name>
    <redcap_repeat_instrument/>
    <redcap_repeat_instance/>
    <calprotectin_date>2024-01-30</calprotectin_date>
    <calp_conc>177.4542</calp_conc>
    <calprotectin_complete>2</calprotectin_complete>
  </row>
  <row>
    <cons_recordid_q1>IDeA30098F</cons_recordid_q1>
    <redcap_event_name>v1_arm_1</redcap_event_name>
    <redcap_repeat_instrument/>
    <redcap_repeat_instance/>
    <calprotectin_date>2024-01-30</calprotectin_date>
    <calp_conc>103.2469</calp_conc>
    <calprotectin_complete>2</calprotectin_complete>
  </row>
  <row>
    <cons_recordid_q1>IDeA30101A</cons_recordid_q1>
    <redcap_event_name>v1_arm_1</redcap_event_name>
    <redcap_repeat_instrument/>
    <redcap_repeat_instance/>
    <calprotectin_date>2024-01-30</calprotectin_date>
    <calp_conc>121.0492</calp_conc>
    <calprotectin_complete>2</calprotectin_complete>
  </row>
  <row>
    <cons_recordid_q1>IDeA30103C</cons_recordid_q1>
    <redcap_event_name>v1_arm_1</redcap_event_name>
    <redcap_repeat_instrument/>
    <redcap_repeat_instance/>
    <calprotectin_date>2024-01-30</calprotectin_date>
    <calp_conc>185.2379</calp_conc>
    <calprotectin_complete>2</calprotectin_complete>
  </row>
  <row>
    <cons_recordid_q1>IDeA30103C</cons_recordid_q1>
    <redcap_event_name>v12_arm_1</redcap_event_name>
    <redcap_repeat_instrument/>
    <redcap_repeat_instance/>
    <calprotectin_date>2024-01-30</calprotectin_date>
    <calp_conc>206.0340</calp_conc>
    <calprotectin_complete>2</calprotectin_complete>
  </row>
  <row>
    <cons_recordid_q1>IDeA30109D</cons_recordid_q1>
    <redcap_event_name>v1_arm_1</redcap_event_name>
    <redcap_repeat_instrument/>
    <redcap_repeat_instance/>
    <calprotectin_date>2024-01-30</calprotectin_date>
    <calp_conc>96.8746</calp_conc>
    <calprotectin_complete>2</calprotectin_complete>
  </row>
  <row>
    <cons_recordid_q1>IDeA30109D</cons_recordid_q1>
    <redcap_event_name>v12_arm_1</redcap_event_name>
    <redcap_repeat_instrument/>
    <redcap_repeat_instance/>
    <calprotectin_date>2024-01-30</calprotectin_date>
    <calp_conc>89.2656</calp_conc>
    <calprotectin_complete>2</calprotectin_complete>
  </row>
  <row>
    <cons_recordid_q1>IDeA30112E</cons_recordid_q1>
    <redcap_event_name>v1_arm_1</redcap_event_name>
    <redcap_repeat_instrument/>
    <redcap_repeat_instance/>
    <calprotectin_date>2024-01-30</calprotectin_date>
    <calp_conc>78.9219</calp_conc>
    <calprotectin_complete>2</calprotectin_complete>
  </row>
  <row>
    <cons_recordid_q1>IDeA30121G</cons_recordid_q1>
    <redcap_event_name>v1_arm_1</redcap_event_name>
    <redcap_repeat_instrument/>
    <redcap_repeat_instance/>
    <calprotectin_date>2024-01-30</calprotectin_date>
    <calp_conc>148.9456</calp_conc>
    <calprotectin_complete>2</calprotectin_complete>
  </row>
  <row>
    <cons_recordid_q1>IDeA30131D</cons_recordid_q1>
    <redcap_event_name>v1_arm_1</redcap_event_name>
    <redcap_repeat_instrument/>
    <redcap_repeat_instance/>
    <calprotectin_date>2024-01-30</calprotectin_date>
    <calp_conc>142.4705</calp_conc>
    <calprotectin_complete>2</calprotectin_complete>
  </row>
  <row>
    <cons_recordid_q1>IDeA30148K</cons_recordid_q1>
    <redcap_event_name>v1_arm_1</redcap_event_name>
    <redcap_repeat_instrument/>
    <redcap_repeat_instance/>
    <calprotectin_date>2024-01-30</calprotectin_date>
    <calp_conc>14.3480</calp_conc>
    <calprotectin_complete>2</calprotectin_complete>
  </row>
  <row>
    <cons_recordid_q1>IDeA30148K</cons_recordid_q1>
    <redcap_event_name>v12_arm_1</redcap_event_name>
    <redcap_repeat_instrument/>
    <redcap_repeat_instance/>
    <calprotectin_date>2024-01-30</calprotectin_date>
    <calp_conc>102.7330</calp_conc>
    <calprotectin_complete>2</calprotectin_complete>
  </row>
  <row>
    <cons_recordid_q1>IDeA30151E</cons_recordid_q1>
    <redcap_event_name>v1_arm_1</redcap_event_name>
    <redcap_repeat_instrument/>
    <redcap_repeat_instance/>
    <calprotectin_date>2024-01-30</calprotectin_date>
    <calp_conc>15.5001</calp_conc>
    <calprotectin_complete>2</calprotectin_complete>
  </row>
  <row>
    <cons_recordid_q1>IDeA30154G</cons_recordid_q1>
    <redcap_event_name>v1_arm_1</redcap_event_name>
    <redcap_repeat_instrument/>
    <redcap_repeat_instance/>
    <calprotectin_date>2024-01-30</calprotectin_date>
    <calp_conc>140.3360</calp_conc>
    <calprotectin_complete>2</calprotectin_complete>
  </row>
  <row>
    <cons_recordid_q1>IDeA30154G</cons_recordid_q1>
    <redcap_event_name>v12_arm_1</redcap_event_name>
    <redcap_repeat_instrument/>
    <redcap_repeat_instance/>
    <calprotectin_date>2024-01-30</calprotectin_date>
    <calp_conc>156.7858</calp_conc>
    <calprotectin_complete>2</calprotectin_complete>
  </row>
  <row>
    <cons_recordid_q1>IDeA30160B</cons_recordid_q1>
    <redcap_event_name>v12_arm_1</redcap_event_name>
    <redcap_repeat_instrument/>
    <redcap_repeat_instance/>
    <calprotectin_date>2024-01-30</calprotectin_date>
    <calp_conc>58.5084</calp_conc>
    <calprotectin_complete>2</calprotectin_complete>
  </row>
  <row>
    <cons_recordid_q1>IDeA30164K</cons_recordid_q1>
    <redcap_event_name>v1_arm_1</redcap_event_name>
    <redcap_repeat_instrument/>
    <redcap_repeat_instance/>
    <calprotectin_date>2024-01-30</calprotectin_date>
    <calp_conc>124.9429</calp_conc>
    <calprotectin_complete>2</calprotectin_complete>
  </row>
  <row>
    <cons_recordid_q1>IDeA30165J</cons_recordid_q1>
    <redcap_event_name>v1_arm_1</redcap_event_name>
    <redcap_repeat_instrument/>
    <redcap_repeat_instance/>
    <calprotectin_date>2024-01-30</calprotectin_date>
    <calp_conc>137.2496</calp_conc>
    <calprotectin_complete>2</calprotectin_complete>
  </row>
  <row>
    <cons_recordid_q1>IDeA30165J</cons_recordid_q1>
    <redcap_event_name>v12_arm_1</redcap_event_name>
    <redcap_repeat_instrument/>
    <redcap_repeat_instance/>
    <calprotectin_date>2024-01-30</calprotectin_date>
    <calp_conc>39.9760</calp_conc>
    <calprotectin_complete>2</calprotectin_complete>
  </row>
  <row>
    <cons_recordid_q1>IDeA30176F</cons_recordid_q1>
    <redcap_event_name>v1_arm_1</redcap_event_name>
    <redcap_repeat_instrument/>
    <redcap_repeat_instance/>
    <calprotectin_date>2024-01-30</calprotectin_date>
    <calp_conc>44.3038</calp_conc>
    <calprotectin_complete>2</calprotectin_complete>
  </row>
  <row>
    <cons_recordid_q1>IDeA30176F</cons_recordid_q1>
    <redcap_event_name>v12_arm_1</redcap_event_name>
    <redcap_repeat_instrument/>
    <redcap_repeat_instance/>
    <calprotectin_date>2024-01-30</calprotectin_date>
    <calp_conc>62.1740</calp_conc>
    <calprotectin_complete>2</calprotectin_complete>
  </row>
  <row>
    <cons_recordid_q1>IDeA30179J</cons_recordid_q1>
    <redcap_event_name>v1_arm_1</redcap_event_name>
    <redcap_repeat_instrument/>
    <redcap_repeat_instance/>
    <calprotectin_date>2024-01-30</calprotectin_date>
    <calp_conc>87.7825</calp_conc>
    <calprotectin_complete>2</calprotectin_complete>
  </row>
  <row>
    <cons_recordid_q1>IDeA30180E</cons_recordid_q1>
    <redcap_event_name>v1_arm_1</redcap_event_name>
    <redcap_repeat_instrument/>
    <redcap_repeat_instance/>
    <calprotectin_date>2024-01-30</calprotectin_date>
    <calp_conc>201.0884</calp_conc>
    <calprotectin_complete>2</calprotectin_complete>
  </row>
  <row>
    <cons_recordid_q1>IDeA30181C</cons_recordid_q1>
    <redcap_event_name>v12_arm_1</redcap_event_name>
    <redcap_repeat_instrument/>
    <redcap_repeat_instance/>
    <calprotectin_date>2024-01-30</calprotectin_date>
    <calp_conc>9.4592</calp_conc>
    <calprotectin_complete>2</calprotectin_complete>
  </row>
  <row>
    <cons_recordid_q1>IDeA30191J</cons_recordid_q1>
    <redcap_event_name>v1_arm_1</redcap_event_name>
    <redcap_repeat_instrument/>
    <redcap_repeat_instance/>
    <calprotectin_date>2024-01-30</calprotectin_date>
    <calp_conc>9.0830</calp_conc>
    <calprotectin_complete>2</calprotectin_complete>
  </row>
  <row>
    <cons_recordid_q1>IDeA30192G</cons_recordid_q1>
    <redcap_event_name>v1_arm_1</redcap_event_name>
    <redcap_repeat_instrument/>
    <redcap_repeat_instance/>
    <calprotectin_date>2024-01-30</calprotectin_date>
    <calp_conc>132.5355</calp_conc>
    <calprotectin_complete>2</calprotectin_complete>
  </row>
  <row>
    <cons_recordid_q1>IDeA30193K</cons_recordid_q1>
    <redcap_event_name>v1_arm_1</redcap_event_name>
    <redcap_repeat_instrument/>
    <redcap_repeat_instance/>
    <calprotectin_date>2024-01-30</calprotectin_date>
    <calp_conc>68.2312</calp_conc>
    <calprotectin_complete>2</calprotectin_complete>
  </row>
  <row>
    <cons_recordid_q1>IDeA30194H</cons_recordid_q1>
    <redcap_event_name>v1_arm_1</redcap_event_name>
    <redcap_repeat_instrument/>
    <redcap_repeat_instance/>
    <calprotectin_date>2024-01-30</calprotectin_date>
    <calp_conc>32.8889</calp_conc>
    <calprotectin_complete>2</calprotectin_complete>
  </row>
  <row>
    <cons_recordid_q1>IDeA30196A</cons_recordid_q1>
    <redcap_event_name>v1_arm_1</redcap_event_name>
    <redcap_repeat_instrument/>
    <redcap_repeat_instance/>
    <calprotectin_date>2024-01-30</calprotectin_date>
    <calp_conc>552.3679</calp_conc>
    <calprotectin_complete>2</calprotectin_complete>
  </row>
  <row>
    <cons_recordid_q1>IDeA30201K</cons_recordid_q1>
    <redcap_event_name>v1_arm_1</redcap_event_name>
    <redcap_repeat_instrument/>
    <redcap_repeat_instance/>
    <calprotectin_date>2024-01-30</calprotectin_date>
    <calp_conc>325.8168</calp_conc>
    <calprotectin_complete>2</calprotectin_complete>
  </row>
  <row>
    <cons_recordid_q1>IDeA30210A</cons_recordid_q1>
    <redcap_event_name>v12_arm_1</redcap_event_name>
    <redcap_repeat_instrument/>
    <redcap_repeat_instance/>
    <calprotectin_date>2024-01-30</calprotectin_date>
    <calp_conc>40.6184</calp_conc>
    <calprotectin_complete>2</calprotectin_complete>
  </row>
  <row>
    <cons_recordid_q1>IDeA30212B</cons_recordid_q1>
    <redcap_event_name>v1_arm_1</redcap_event_name>
    <redcap_repeat_instrument/>
    <redcap_repeat_instance/>
    <calprotectin_date>2024-01-30</calprotectin_date>
    <calp_conc>353.3370</calp_conc>
    <calprotectin_complete>2</calprotectin_complete>
  </row>
  <row>
    <cons_recordid_q1>IDeA30212B</cons_recordid_q1>
    <redcap_event_name>v12_arm_1</redcap_event_name>
    <redcap_repeat_instrument/>
    <redcap_repeat_instance/>
    <calprotectin_date>2024-01-30</calprotectin_date>
    <calp_conc>61.5324</calp_conc>
    <calprotectin_complete>2</calprotectin_complete>
  </row>
  <row>
    <cons_recordid_q1>IDeA30221F</cons_recordid_q1>
    <redcap_event_name>v12_arm_1</redcap_event_name>
    <redcap_repeat_instrument/>
    <redcap_repeat_instance/>
    <calprotectin_date>2024-01-30</calprotectin_date>
    <calp_conc>166.6678</calp_conc>
    <calprotectin_complete>2</calprotectin_complete>
  </row>
  <row>
    <cons_recordid_q1>IDeA30224E</cons_recordid_q1>
    <redcap_event_name>v1_arm_1</redcap_event_name>
    <redcap_repeat_instrument/>
    <redcap_repeat_instance/>
    <calprotectin_date>2024-01-30</calprotectin_date>
    <calp_conc>355.1071</calp_conc>
    <calprotectin_complete>2</calprotectin_complete>
  </row>
  <row>
    <cons_recordid_q1>IDeA30229A</cons_recordid_q1>
    <redcap_event_name>v1_arm_1</redcap_event_name>
    <redcap_repeat_instrument/>
    <redcap_repeat_instance/>
    <calprotectin_date>2024-01-30</calprotectin_date>
    <calp_conc>110.6485</calp_conc>
    <calprotectin_complete>2</calprotectin_complete>
  </row>
  <row>
    <cons_recordid_q1>IDeA30232A</cons_recordid_q1>
    <redcap_event_name>v1_arm_1</redcap_event_name>
    <redcap_repeat_instrument/>
    <redcap_repeat_instance/>
    <calprotectin_date>2024-01-30</calprotectin_date>
    <calp_conc>168.1160</calp_conc>
    <calprotectin_complete>2</calprotectin_complete>
  </row>
  <row>
    <cons_recordid_q1>IDeA30232A</cons_recordid_q1>
    <redcap_event_name>v12_arm_1</redcap_event_name>
    <redcap_repeat_instrument/>
    <redcap_repeat_instance/>
    <calprotectin_date>2024-01-30</calprotectin_date>
    <calp_conc>577.9161</calp_conc>
    <calprotectin_complete>2</calprotectin_complete>
  </row>
  <row>
    <cons_recordid_q1>IDeA30234J</cons_recordid_q1>
    <redcap_event_name>v1_arm_1</redcap_event_name>
    <redcap_repeat_instrument/>
    <redcap_repeat_instance/>
    <calprotectin_date>2024-01-30</calprotectin_date>
    <calp_conc>272.0672</calp_conc>
    <calprotectin_complete>2</calprotectin_complete>
  </row>
  <row>
    <cons_recordid_q1>IDeA30235H</cons_recordid_q1>
    <redcap_event_name>v1_arm_1</redcap_event_name>
    <redcap_repeat_instrument/>
    <redcap_repeat_instance/>
    <calprotectin_date>2024-01-30</calprotectin_date>
    <calp_conc>403.1942</calp_conc>
    <calprotectin_complete>2</calprotectin_complete>
  </row>
  <row>
    <cons_recordid_q1>IDeA30236B</cons_recordid_q1>
    <redcap_event_name>v1_arm_1</redcap_event_name>
    <redcap_repeat_instrument/>
    <redcap_repeat_instance/>
    <calprotectin_date>2024-01-30</calprotectin_date>
    <calp_conc>144.4284</calp_conc>
    <calprotectin_complete>2</calprotectin_complete>
  </row>
  <row>
    <cons_recordid_q1>IDeA30237D</cons_recordid_q1>
    <redcap_event_name>v1_arm_1</redcap_event_name>
    <redcap_repeat_instrument/>
    <redcap_repeat_instance/>
    <calprotectin_date>2024-01-30</calprotectin_date>
    <calp_conc>111.3501</calp_conc>
    <calprotectin_complete>2</calprotectin_complete>
  </row>
  <row>
    <cons_recordid_q1>IDeA30237D</cons_recordid_q1>
    <redcap_event_name>v12_arm_1</redcap_event_name>
    <redcap_repeat_instrument/>
    <redcap_repeat_instance/>
    <calprotectin_date>2024-01-30</calprotectin_date>
    <calp_conc>50.4274</calp_conc>
    <calprotectin_complete>2</calprotectin_complete>
  </row>
  <row>
    <cons_recordid_q1>IDeA30239K</cons_recordid_q1>
    <redcap_event_name>v12_arm_1</redcap_event_name>
    <redcap_repeat_instrument/>
    <redcap_repeat_instance/>
    <calprotectin_date>2024-01-30</calprotectin_date>
    <calp_conc>131.6634</calp_conc>
    <calprotectin_complete>2</calprotectin_complete>
  </row>
  <row>
    <cons_recordid_q1>IDeA30240H</cons_recordid_q1>
    <redcap_event_name>v1_arm_1</redcap_event_name>
    <redcap_repeat_instrument/>
    <redcap_repeat_instance/>
    <calprotectin_date>2024-01-30</calprotectin_date>
    <calp_conc>168.5230</calp_conc>
    <calprotectin_complete>2</calprotectin_complete>
  </row>
  <row>
    <cons_recordid_q1>IDeA30243C</cons_recordid_q1>
    <redcap_event_name>v1_arm_1</redcap_event_name>
    <redcap_repeat_instrument/>
    <redcap_repeat_instance/>
    <calprotectin_date>2024-01-30</calprotectin_date>
    <calp_conc>126.7480</calp_conc>
    <calprotectin_complete>2</calprotectin_complete>
  </row>
  <row>
    <cons_recordid_q1>IDeA30255A</cons_recordid_q1>
    <redcap_event_name>v1_arm_1</redcap_event_name>
    <redcap_repeat_instrument/>
    <redcap_repeat_instance/>
    <calprotectin_date>2024-01-30</calprotectin_date>
    <calp_conc>133.1999</calp_conc>
    <calprotectin_complete>2</calprotectin_complete>
  </row>
  <row>
    <cons_recordid_q1>IDeA30257F</cons_recordid_q1>
    <redcap_event_name>v1_arm_1</redcap_event_name>
    <redcap_repeat_instrument/>
    <redcap_repeat_instance/>
    <calprotectin_date>2024-01-30</calprotectin_date>
    <calp_conc>59.6624</calp_conc>
    <calprotectin_complete>2</calprotectin_complete>
  </row>
  <row>
    <cons_recordid_q1>IDeA30257F</cons_recordid_q1>
    <redcap_event_name>v12_arm_1</redcap_event_name>
    <redcap_repeat_instrument/>
    <redcap_repeat_instance/>
    <calprotectin_date>2024-01-30</calprotectin_date>
    <calp_conc>205.3777</calp_conc>
    <calprotectin_complete>2</calprotectin_complete>
  </row>
  <row>
    <cons_recordid_q1>IDeA30265E</cons_recordid_q1>
    <redcap_event_name>v1_arm_1</redcap_event_name>
    <redcap_repeat_instrument/>
    <redcap_repeat_instance/>
    <calprotectin_date>2024-01-30</calprotectin_date>
    <calp_conc>232.3961</calp_conc>
    <calprotectin_complete>2</calprotectin_complete>
  </row>
  <row>
    <cons_recordid_q1>IDeA30265E</cons_recordid_q1>
    <redcap_event_name>v12_arm_1</redcap_event_name>
    <redcap_repeat_instrument/>
    <redcap_repeat_instance/>
    <calprotectin_date>2024-01-30</calprotectin_date>
    <calp_conc>43.6305</calp_conc>
    <calprotectin_complete>2</calprotectin_complete>
  </row>
  <row>
    <cons_recordid_q1>IDeA30277C</cons_recordid_q1>
    <redcap_event_name>v1_arm_1</redcap_event_name>
    <redcap_repeat_instrument/>
    <redcap_repeat_instance/>
    <calprotectin_date>2024-01-30</calprotectin_date>
    <calp_conc>96.6372</calp_conc>
    <calprotectin_complete>2</calprotectin_complete>
  </row>
  <row>
    <cons_recordid_q1>IDeA30290B</cons_recordid_q1>
    <redcap_event_name>v1_arm_1</redcap_event_name>
    <redcap_repeat_instrument/>
    <redcap_repeat_instance/>
    <calprotectin_date>2024-01-30</calprotectin_date>
    <calp_conc>23.8795</calp_conc>
    <calprotectin_complete>2</calprotectin_complete>
  </row>
  <row>
    <cons_recordid_q1>IDeA30294K</cons_recordid_q1>
    <redcap_event_name>v1_arm_1</redcap_event_name>
    <redcap_repeat_instrument/>
    <redcap_repeat_instance/>
    <calprotectin_date>2024-01-30</calprotectin_date>
    <calp_conc>412.7330</calp_conc>
    <calprotectin_complete>2</calprotectin_complete>
  </row>
  <row>
    <cons_recordid_q1>IDeA30298C</cons_recordid_q1>
    <redcap_event_name>v1_arm_1</redcap_event_name>
    <redcap_repeat_instrument/>
    <redcap_repeat_instance/>
    <calprotectin_date>2024-01-30</calprotectin_date>
    <calp_conc>203.9025</calp_conc>
    <calprotectin_complete>2</calprotectin_complete>
  </row>
  <row>
    <cons_recordid_q1>IDeA30300K</cons_recordid_q1>
    <redcap_event_name>v1_arm_1</redcap_event_name>
    <redcap_repeat_instrument/>
    <redcap_repeat_instance/>
    <calprotectin_date>2024-01-30</calprotectin_date>
    <calp_conc>129.3676</calp_conc>
    <calprotectin_complete>2</calprotectin_complete>
  </row>
  <row>
    <cons_recordid_q1>IDeA30301E</cons_recordid_q1>
    <redcap_event_name>v12_arm_1</redcap_event_name>
    <redcap_repeat_instrument/>
    <redcap_repeat_instance/>
    <calprotectin_date>2024-01-30</calprotectin_date>
    <calp_conc>722.8697</calp_conc>
    <calprotectin_complete>2</calprotectin_complete>
  </row>
  <row>
    <cons_recordid_q1>IDeA30317H</cons_recordid_q1>
    <redcap_event_name>v1_arm_1</redcap_event_name>
    <redcap_repeat_instrument/>
    <redcap_repeat_instance/>
    <calprotectin_date>2024-01-30</calprotectin_date>
    <calp_conc>355.1918</calp_conc>
    <calprotectin_complete>2</calprotectin_complete>
  </row>
  <row>
    <cons_recordid_q1>IDeA30318K</cons_recordid_q1>
    <redcap_event_name>v1_arm_1</redcap_event_name>
    <redcap_repeat_instrument/>
    <redcap_repeat_instance/>
    <calprotectin_date>2024-01-30</calprotectin_date>
    <calp_conc>186.0616</calp_conc>
    <calprotectin_complete>2</calprotectin_complete>
  </row>
  <row>
    <cons_recordid_q1>IDeA30318K</cons_recordid_q1>
    <redcap_event_name>v12_arm_1</redcap_event_name>
    <redcap_repeat_instrument/>
    <redcap_repeat_instance/>
    <calprotectin_date>2024-01-30</calprotectin_date>
    <calp_conc>18.2229</calp_conc>
    <calprotectin_complete>2</calprotectin_complete>
  </row>
  <row>
    <cons_recordid_q1>IDeA30320G</cons_recordid_q1>
    <redcap_event_name>v1_arm_1</redcap_event_name>
    <redcap_repeat_instrument/>
    <redcap_repeat_instance/>
    <calprotectin_date>2024-01-30</calprotectin_date>
    <calp_conc>53.8785</calp_conc>
    <calprotectin_complete>2</calprotectin_complete>
  </row>
  <row>
    <cons_recordid_q1>IDeA30327K</cons_recordid_q1>
    <redcap_event_name>v1_arm_1</redcap_event_name>
    <redcap_repeat_instrument/>
    <redcap_repeat_instance/>
    <calprotectin_date>2024-01-30</calprotectin_date>
    <calp_conc>61.3866</calp_conc>
    <calprotectin_complete>2</calprotectin_complete>
  </row>
  <row>
    <cons_recordid_q1>IDeA30328H</cons_recordid_q1>
    <redcap_event_name>v1_arm_1</redcap_event_name>
    <redcap_repeat_instrument/>
    <redcap_repeat_instance/>
    <calprotectin_date>2024-01-30</calprotectin_date>
    <calp_conc>126.9838</calp_conc>
    <calprotectin_complete>2</calprotectin_complete>
  </row>
  <row>
    <cons_recordid_q1>IDeA30328H</cons_recordid_q1>
    <redcap_event_name>v12_arm_1</redcap_event_name>
    <redcap_repeat_instrument/>
    <redcap_repeat_instance/>
    <calprotectin_date>2024-01-30</calprotectin_date>
    <calp_conc>113.0712</calp_conc>
    <calprotectin_complete>2</calprotectin_complete>
  </row>
  <row>
    <cons_recordid_q1>IDeA30330D</cons_recordid_q1>
    <redcap_event_name>v1_arm_1</redcap_event_name>
    <redcap_repeat_instrument/>
    <redcap_repeat_instance/>
    <calprotectin_date>2024-01-30</calprotectin_date>
    <calp_conc>169.3035</calp_conc>
    <calprotectin_complete>2</calprotectin_complete>
  </row>
  <row>
    <cons_recordid_q1>IDeA30330D</cons_recordid_q1>
    <redcap_event_name>v12_arm_1</redcap_event_name>
    <redcap_repeat_instrument/>
    <redcap_repeat_instance/>
    <calprotectin_date>2024-01-30</calprotectin_date>
    <calp_conc>29.8496</calp_conc>
    <calprotectin_complete>2</calprotectin_complete>
  </row>
  <row>
    <cons_recordid_q1>IDeA30334C</cons_recordid_q1>
    <redcap_event_name>v1_arm_1</redcap_event_name>
    <redcap_repeat_instrument/>
    <redcap_repeat_instance/>
    <calprotectin_date>2024-01-30</calprotectin_date>
    <calp_conc>75.4198</calp_conc>
    <calprotectin_complete>2</calprotectin_complete>
  </row>
  <row>
    <cons_recordid_q1>IDeA30334C</cons_recordid_q1>
    <redcap_event_name>v12_arm_1</redcap_event_name>
    <redcap_repeat_instrument/>
    <redcap_repeat_instance/>
    <calprotectin_date>2024-01-30</calprotectin_date>
    <calp_conc>158.1086</calp_conc>
    <calprotectin_complete>2</calprotectin_complete>
  </row>
  <row>
    <cons_recordid_q1>IDeA30342F</cons_recordid_q1>
    <redcap_event_name>v1_arm_1</redcap_event_name>
    <redcap_repeat_instrument/>
    <redcap_repeat_instance/>
    <calprotectin_date>2024-01-30</calprotectin_date>
    <calp_conc>94.2788</calp_conc>
    <calprotectin_complete>2</calprotectin_complete>
  </row>
  <row>
    <cons_recordid_q1>IDeA30343A</cons_recordid_q1>
    <redcap_event_name>v12_arm_1</redcap_event_name>
    <redcap_repeat_instrument/>
    <redcap_repeat_instance/>
    <calprotectin_date>2024-01-30</calprotectin_date>
    <calp_conc>61.9252</calp_conc>
    <calprotectin_complete>2</calprotectin_complete>
  </row>
  <row>
    <cons_recordid_q1>IDeA30344K</cons_recordid_q1>
    <redcap_event_name>v1_arm_1</redcap_event_name>
    <redcap_repeat_instrument/>
    <redcap_repeat_instance/>
    <calprotectin_date>2024-01-30</calprotectin_date>
    <calp_conc>26.0963</calp_conc>
    <calprotectin_complete>2</calprotectin_complete>
  </row>
  <row>
    <cons_recordid_q1>IDeA30347E</cons_recordid_q1>
    <redcap_event_name>v12_arm_1</redcap_event_name>
    <redcap_repeat_instrument/>
    <redcap_repeat_instance/>
    <calprotectin_date>2024-01-30</calprotectin_date>
    <calp_conc>74.4373</calp_conc>
    <calprotectin_complete>2</calprotectin_complete>
  </row>
  <row>
    <cons_recordid_q1>IDeA30351J</cons_recordid_q1>
    <redcap_event_name>v1_arm_1</redcap_event_name>
    <redcap_repeat_instrument/>
    <redcap_repeat_instance/>
    <calprotectin_date>2024-01-30</calprotectin_date>
    <calp_conc>182.0703</calp_conc>
    <calprotectin_complete>2</calprotectin_complete>
  </row>
  <row>
    <cons_recordid_q1>IDeA30352G</cons_recordid_q1>
    <redcap_event_name>v1_arm_1</redcap_event_name>
    <redcap_repeat_instrument/>
    <redcap_repeat_instance/>
    <calprotectin_date>2024-01-30</calprotectin_date>
    <calp_conc>236.9216</calp_conc>
    <calprotectin_complete>2</calprotectin_complete>
  </row>
  <row>
    <cons_recordid_q1>IDeA30352G</cons_recordid_q1>
    <redcap_event_name>v12_arm_1</redcap_event_name>
    <redcap_repeat_instrument/>
    <redcap_repeat_instance/>
    <calprotectin_date>2024-01-30</calprotectin_date>
    <calp_conc>118.2267</calp_conc>
    <calprotectin_complete>2</calprotectin_complete>
  </row>
  <row>
    <cons_recordid_q1>IDeA30353K</cons_recordid_q1>
    <redcap_event_name>v12_arm_1</redcap_event_name>
    <redcap_repeat_instrument/>
    <redcap_repeat_instance/>
    <calprotectin_date>2024-01-30</calprotectin_date>
    <calp_conc>129.2737</calp_conc>
    <calprotectin_complete>2</calprotectin_complete>
  </row>
  <row>
    <cons_recordid_q1>IDeA30359E</cons_recordid_q1>
    <redcap_event_name>v1_arm_1</redcap_event_name>
    <redcap_repeat_instrument/>
    <redcap_repeat_instance/>
    <calprotectin_date>2024-01-30</calprotectin_date>
    <calp_conc>124.4314</calp_conc>
    <calprotectin_complete>2</calprotectin_complete>
  </row>
  <row>
    <cons_recordid_q1>IDeA30364J</cons_recordid_q1>
    <redcap_event_name>v1_arm_1</redcap_event_name>
    <redcap_repeat_instrument/>
    <redcap_repeat_instance/>
    <calprotectin_date>2024-01-30</calprotectin_date>
    <calp_conc>50.1112</calp_conc>
    <calprotectin_complete>2</calprotectin_complete>
  </row>
  <row>
    <cons_recordid_q1>IDeA30365H</cons_recordid_q1>
    <redcap_event_name>v1_arm_1</redcap_event_name>
    <redcap_repeat_instrument/>
    <redcap_repeat_instance/>
    <calprotectin_date>2024-01-30</calprotectin_date>
    <calp_conc>284.4262</calp_conc>
    <calprotectin_complete>2</calprotectin_complete>
  </row>
  <row>
    <cons_recordid_q1>IDeA30370A</cons_recordid_q1>
    <redcap_event_name>v1_arm_1</redcap_event_name>
    <redcap_repeat_instrument/>
    <redcap_repeat_instance/>
    <calprotectin_date>2024-01-30</calprotectin_date>
    <calp_conc>57.0123</calp_conc>
    <calprotectin_complete>2</calprotectin_complete>
  </row>
  <row>
    <cons_recordid_q1>IDeA30374F</cons_recordid_q1>
    <redcap_event_name>v1_arm_1</redcap_event_name>
    <redcap_repeat_instrument/>
    <redcap_repeat_instance/>
    <calprotectin_date>2024-01-30</calprotectin_date>
    <calp_conc>206.5796</calp_conc>
    <calprotectin_complete>2</calprotectin_complete>
  </row>
  <row>
    <cons_recordid_q1>IDeA30376J</cons_recordid_q1>
    <redcap_event_name>v1_arm_1</redcap_event_name>
    <redcap_repeat_instrument/>
    <redcap_repeat_instance/>
    <calprotectin_date>2024-01-30</calprotectin_date>
    <calp_conc>85.4038</calp_conc>
    <calprotectin_complete>2</calprotectin_complete>
  </row>
  <row>
    <cons_recordid_q1>IDeA30377G</cons_recordid_q1>
    <redcap_event_name>v1_arm_1</redcap_event_name>
    <redcap_repeat_instrument/>
    <redcap_repeat_instance/>
    <calprotectin_date>2024-01-30</calprotectin_date>
    <calp_conc>87.4551</calp_conc>
    <calprotectin_complete>2</calprotectin_complete>
  </row>
  <row>
    <cons_recordid_q1>IDeA30380H</cons_recordid_q1>
    <redcap_event_name>v1_arm_1</redcap_event_name>
    <redcap_repeat_instrument/>
    <redcap_repeat_instance/>
    <calprotectin_date>2024-01-30</calprotectin_date>
    <calp_conc>100.6584</calp_conc>
    <calprotectin_complete>2</calprotectin_complete>
  </row>
  <row>
    <cons_recordid_q1>IDeA30380H</cons_recordid_q1>
    <redcap_event_name>v12_arm_1</redcap_event_name>
    <redcap_repeat_instrument/>
    <redcap_repeat_instance/>
    <calprotectin_date>2024-01-30</calprotectin_date>
    <calp_conc>77.9749</calp_conc>
    <calprotectin_complete>2</calprotectin_complete>
  </row>
  <row>
    <cons_recordid_q1>IDeA30386E</cons_recordid_q1>
    <redcap_event_name>v1_arm_1</redcap_event_name>
    <redcap_repeat_instrument/>
    <redcap_repeat_instance/>
    <calprotectin_date>2024-01-30</calprotectin_date>
    <calp_conc>179.1999</calp_conc>
    <calprotectin_complete>2</calprotectin_complete>
  </row>
  <row>
    <cons_recordid_q1>IDeA30388G</cons_recordid_q1>
    <redcap_event_name>v1_arm_1</redcap_event_name>
    <redcap_repeat_instrument/>
    <redcap_repeat_instance/>
    <calprotectin_date>2024-01-30</calprotectin_date>
    <calp_conc>80.1473</calp_conc>
    <calprotectin_complete>2</calprotectin_complete>
  </row>
  <row>
    <cons_recordid_q1>IDeA30388G</cons_recordid_q1>
    <redcap_event_name>v12_arm_1</redcap_event_name>
    <redcap_repeat_instrument/>
    <redcap_repeat_instance/>
    <calprotectin_date>2024-01-30</calprotectin_date>
    <calp_conc>108.5203</calp_conc>
    <calprotectin_complete>2</calprotectin_complete>
  </row>
  <row>
    <cons_recordid_q1>IDeA30390J</cons_recordid_q1>
    <redcap_event_name>v1_arm_1</redcap_event_name>
    <redcap_repeat_instrument/>
    <redcap_repeat_instance/>
    <calprotectin_date>2024-01-30</calprotectin_date>
    <calp_conc>93.8873</calp_conc>
    <calprotectin_complete>2</calprotectin_complete>
  </row>
  <row>
    <cons_recordid_q1>IDeA30397A</cons_recordid_q1>
    <redcap_event_name>v1_arm_1</redcap_event_name>
    <redcap_repeat_instrument/>
    <redcap_repeat_instance/>
    <calprotectin_date>2024-01-30</calprotectin_date>
    <calp_conc>453.0895</calp_conc>
    <calprotectin_complete>2</calprotectin_complete>
  </row>
  <row>
    <cons_recordid_q1>IDeA30397A</cons_recordid_q1>
    <redcap_event_name>v12_arm_1</redcap_event_name>
    <redcap_repeat_instrument/>
    <redcap_repeat_instance/>
    <calprotectin_date>2024-01-30</calprotectin_date>
    <calp_conc>79.7642</calp_conc>
    <calprotectin_complete>2</calprotectin_complete>
  </row>
  <row>
    <cons_recordid_q1>IDeA30404K</cons_recordid_q1>
    <redcap_event_name>v1_arm_1</redcap_event_name>
    <redcap_repeat_instrument/>
    <redcap_repeat_instance/>
    <calprotectin_date>2024-01-30</calprotectin_date>
    <calp_conc>115.7647</calp_conc>
    <calprotectin_complete>2</calprotectin_complete>
  </row>
  <row>
    <cons_recordid_q1>IDeA30406D</cons_recordid_q1>
    <redcap_event_name>v1_arm_1</redcap_event_name>
    <redcap_repeat_instrument/>
    <redcap_repeat_instance/>
    <calprotectin_date>2024-01-30</calprotectin_date>
    <calp_conc>84.4010</calp_conc>
    <calprotectin_complete>2</calprotectin_complete>
  </row>
  <row>
    <cons_recordid_q1>IDeA30407E</cons_recordid_q1>
    <redcap_event_name>v1_arm_1</redcap_event_name>
    <redcap_repeat_instrument/>
    <redcap_repeat_instance/>
    <calprotectin_date>2024-01-30</calprotectin_date>
    <calp_conc>178.6688</calp_conc>
    <calprotectin_complete>2</calprotectin_complete>
  </row>
  <row>
    <cons_recordid_q1>IDeA30417B</cons_recordid_q1>
    <redcap_event_name>v1_arm_1</redcap_event_name>
    <redcap_repeat_instrument/>
    <redcap_repeat_instance/>
    <calprotectin_date>2024-01-30</calprotectin_date>
    <calp_conc>123.1669</calp_conc>
    <calprotectin_complete>2</calprotectin_complete>
  </row>
  <row>
    <cons_recordid_q1>IDeA30417B</cons_recordid_q1>
    <redcap_event_name>v12_arm_1</redcap_event_name>
    <redcap_repeat_instrument/>
    <redcap_repeat_instance/>
    <calprotectin_date>2024-01-30</calprotectin_date>
    <calp_conc>619.2891</calp_conc>
    <calprotectin_complete>2</calprotectin_complete>
  </row>
  <row>
    <cons_recordid_q1>IDeA30418D</cons_recordid_q1>
    <redcap_event_name>v1_arm_1</redcap_event_name>
    <redcap_repeat_instrument/>
    <redcap_repeat_instance/>
    <calprotectin_date>2024-01-30</calprotectin_date>
    <calp_conc>111.4882</calp_conc>
    <calprotectin_complete>2</calprotectin_complete>
  </row>
  <row>
    <cons_recordid_q1>IDeA30418D</cons_recordid_q1>
    <redcap_event_name>v12_arm_1</redcap_event_name>
    <redcap_repeat_instrument/>
    <redcap_repeat_instance/>
    <calprotectin_date>2024-01-30</calprotectin_date>
    <calp_conc>49.5487</calp_conc>
    <calprotectin_complete>2</calprotectin_complete>
  </row>
  <row>
    <cons_recordid_q1>IDeA30419E</cons_recordid_q1>
    <redcap_event_name>v12_arm_1</redcap_event_name>
    <redcap_repeat_instrument/>
    <redcap_repeat_instance/>
    <calprotectin_date>2024-01-30</calprotectin_date>
    <calp_conc>48.1371</calp_conc>
    <calprotectin_complete>2</calprotectin_complete>
  </row>
  <row>
    <cons_recordid_q1>IDeA30420J</cons_recordid_q1>
    <redcap_event_name>v1_arm_1</redcap_event_name>
    <redcap_repeat_instrument/>
    <redcap_repeat_instance/>
    <calprotectin_date>2024-01-30</calprotectin_date>
    <calp_conc>60.6784</calp_conc>
    <calprotectin_complete>2</calprotectin_complete>
  </row>
  <row>
    <cons_recordid_q1>IDeA30423F</cons_recordid_q1>
    <redcap_event_name>v1_arm_1</redcap_event_name>
    <redcap_repeat_instrument/>
    <redcap_repeat_instance/>
    <calprotectin_date>2024-01-30</calprotectin_date>
    <calp_conc>51.1343</calp_conc>
    <calprotectin_complete>2</calprotectin_complete>
  </row>
  <row>
    <cons_recordid_q1>IDeA30423F</cons_recordid_q1>
    <redcap_event_name>v12_arm_1</redcap_event_name>
    <redcap_repeat_instrument/>
    <redcap_repeat_instance/>
    <calprotectin_date>2024-01-30</calprotectin_date>
    <calp_conc>56.7700</calp_conc>
    <calprotectin_complete>2</calprotectin_complete>
  </row>
  <row>
    <cons_recordid_q1>IDeA30430G</cons_recordid_q1>
    <redcap_event_name>v12_arm_1</redcap_event_name>
    <redcap_repeat_instrument/>
    <redcap_repeat_instance/>
    <calprotectin_date>2024-01-30</calprotectin_date>
    <calp_conc>40.9183</calp_conc>
    <calprotectin_complete>2</calprotectin_complete>
  </row>
  <row>
    <cons_recordid_q1>IDeA30431B</cons_recordid_q1>
    <redcap_event_name>v1_arm_1</redcap_event_name>
    <redcap_repeat_instrument/>
    <redcap_repeat_instance/>
    <calprotectin_date>2024-01-30</calprotectin_date>
    <calp_conc>149.8895</calp_conc>
    <calprotectin_complete>2</calprotectin_complete>
  </row>
  <row>
    <cons_recordid_q1>IDeA30431B</cons_recordid_q1>
    <redcap_event_name>v12_arm_1</redcap_event_name>
    <redcap_repeat_instrument/>
    <redcap_repeat_instance/>
    <calprotectin_date>2024-01-30</calprotectin_date>
    <calp_conc>122.6607</calp_conc>
    <calprotectin_complete>2</calprotectin_complete>
  </row>
  <row>
    <cons_recordid_q1>IDeA30433D</cons_recordid_q1>
    <redcap_event_name>v12_arm_1</redcap_event_name>
    <redcap_repeat_instrument/>
    <redcap_repeat_instance/>
    <calprotectin_date>2024-01-30</calprotectin_date>
    <calp_conc>64.3809</calp_conc>
    <calprotectin_complete>2</calprotectin_complete>
  </row>
  <row>
    <cons_recordid_q1>IDeA30437K</cons_recordid_q1>
    <redcap_event_name>v1_arm_1</redcap_event_name>
    <redcap_repeat_instrument/>
    <redcap_repeat_instance/>
    <calprotectin_date>2024-01-30</calprotectin_date>
    <calp_conc>60.5397</calp_conc>
    <calprotectin_complete>2</calprotectin_complete>
  </row>
  <row>
    <cons_recordid_q1>IDeA30437K</cons_recordid_q1>
    <redcap_event_name>v12_arm_1</redcap_event_name>
    <redcap_repeat_instrument/>
    <redcap_repeat_instance/>
    <calprotectin_date>2024-01-30</calprotectin_date>
    <calp_conc>113.2948</calp_conc>
    <calprotectin_complete>2</calprotectin_complete>
  </row>
  <row>
    <cons_recordid_q1>IDeA30440E</cons_recordid_q1>
    <redcap_event_name>v12_arm_1</redcap_event_name>
    <redcap_repeat_instrument/>
    <redcap_repeat_instance/>
    <calprotectin_date>2024-01-30</calprotectin_date>
    <calp_conc>163.6083</calp_conc>
    <calprotectin_complete>2</calprotectin_complete>
  </row>
  <row>
    <cons_recordid_q1>IDeA30441C</cons_recordid_q1>
    <redcap_event_name>v12_arm_1</redcap_event_name>
    <redcap_repeat_instrument/>
    <redcap_repeat_instance/>
    <calprotectin_date>2024-01-30</calprotectin_date>
    <calp_conc>102.3467</calp_conc>
    <calprotectin_complete>2</calprotectin_complete>
  </row>
  <row>
    <cons_recordid_q1>IDeA30444J</cons_recordid_q1>
    <redcap_event_name>v1_arm_1</redcap_event_name>
    <redcap_repeat_instrument/>
    <redcap_repeat_instance/>
    <calprotectin_date>2024-01-30</calprotectin_date>
    <calp_conc>94.2108</calp_conc>
    <calprotectin_complete>2</calprotectin_complete>
  </row>
  <row>
    <cons_recordid_q1>IDeA30445H</cons_recordid_q1>
    <redcap_event_name>v1_arm_1</redcap_event_name>
    <redcap_repeat_instrument/>
    <redcap_repeat_instance/>
    <calprotectin_date>2024-01-30</calprotectin_date>
    <calp_conc>259.3483</calp_conc>
    <calprotectin_complete>2</calprotectin_complete>
  </row>
  <row>
    <cons_recordid_q1>IDeA30448F</cons_recordid_q1>
    <redcap_event_name>v1_arm_1</redcap_event_name>
    <redcap_repeat_instrument/>
    <redcap_repeat_instance/>
    <calprotectin_date>2024-01-30</calprotectin_date>
    <calp_conc>24.0184</calp_conc>
    <calprotectin_complete>2</calprotectin_complete>
  </row>
  <row>
    <cons_recordid_q1>IDeA30448F</cons_recordid_q1>
    <redcap_event_name>v12_arm_1</redcap_event_name>
    <redcap_repeat_instrument/>
    <redcap_repeat_instance/>
    <calprotectin_date>2024-01-30</calprotectin_date>
    <calp_conc>48.1080</calp_conc>
    <calprotectin_complete>2</calprotectin_complete>
  </row>
  <row>
    <cons_recordid_q1>IDeA30449K</cons_recordid_q1>
    <redcap_event_name>v1_arm_1</redcap_event_name>
    <redcap_repeat_instrument/>
    <redcap_repeat_instance/>
    <calprotectin_date>2024-01-30</calprotectin_date>
    <calp_conc>21.6750</calp_conc>
    <calprotectin_complete>2</calprotectin_complete>
  </row>
  <row>
    <cons_recordid_q1>IDeA30449K</cons_recordid_q1>
    <redcap_event_name>v12_arm_1</redcap_event_name>
    <redcap_repeat_instrument/>
    <redcap_repeat_instance/>
    <calprotectin_date>2024-01-30</calprotectin_date>
    <calp_conc>13.3719</calp_conc>
    <calprotectin_complete>2</calprotectin_complete>
  </row>
  <row>
    <cons_recordid_q1>IDeA30453H</cons_recordid_q1>
    <redcap_event_name>v1_arm_1</redcap_event_name>
    <redcap_repeat_instrument/>
    <redcap_repeat_instance/>
    <calprotectin_date>2024-01-30</calprotectin_date>
    <calp_conc>199.3424</calp_conc>
    <calprotectin_complete>2</calprotectin_complete>
  </row>
  <row>
    <cons_recordid_q1>IDeA30454F</cons_recordid_q1>
    <redcap_event_name>v12_arm_1</redcap_event_name>
    <redcap_repeat_instrument/>
    <redcap_repeat_instance/>
    <calprotectin_date>2024-01-30</calprotectin_date>
    <calp_conc>115.8360</calp_conc>
    <calprotectin_complete>2</calprotectin_complete>
  </row>
  <row>
    <cons_recordid_q1>IDeA30455K</cons_recordid_q1>
    <redcap_event_name>v1_arm_1</redcap_event_name>
    <redcap_repeat_instrument/>
    <redcap_repeat_instance/>
    <calprotectin_date>2024-01-30</calprotectin_date>
    <calp_conc>70.0037</calp_conc>
    <calprotectin_complete>2</calprotectin_complete>
  </row>
  <row>
    <cons_recordid_q1>IDeA30456J</cons_recordid_q1>
    <redcap_event_name>v12_arm_1</redcap_event_name>
    <redcap_repeat_instrument/>
    <redcap_repeat_instance/>
    <calprotectin_date>2024-01-30</calprotectin_date>
    <calp_conc>149.6849</calp_conc>
    <calprotectin_complete>2</calprotectin_complete>
  </row>
  <row>
    <cons_recordid_q1>IDeA30458E</cons_recordid_q1>
    <redcap_event_name>v12_arm_1</redcap_event_name>
    <redcap_repeat_instrument/>
    <redcap_repeat_instance/>
    <calprotectin_date>2024-01-30</calprotectin_date>
    <calp_conc>33.0085</calp_conc>
    <calprotectin_complete>2</calprotectin_complete>
  </row>
  <row>
    <cons_recordid_q1>IDeA30461F</cons_recordid_q1>
    <redcap_event_name>v1_arm_1</redcap_event_name>
    <redcap_repeat_instrument/>
    <redcap_repeat_instance/>
    <calprotectin_date>2024-01-30</calprotectin_date>
    <calp_conc>50.5977</calp_conc>
    <calprotectin_complete>2</calprotectin_complete>
  </row>
  <row>
    <cons_recordid_q1>IDeA30461F</cons_recordid_q1>
    <redcap_event_name>v12_arm_1</redcap_event_name>
    <redcap_repeat_instrument/>
    <redcap_repeat_instance/>
    <calprotectin_date>2024-01-30</calprotectin_date>
    <calp_conc>80.4890</calp_conc>
    <calprotectin_complete>2</calprotectin_complete>
  </row>
  <row>
    <cons_recordid_q1>IDeA30464E</cons_recordid_q1>
    <redcap_event_name>v1_arm_1</redcap_event_name>
    <redcap_repeat_instrument/>
    <redcap_repeat_instance/>
    <calprotectin_date>2024-01-30</calprotectin_date>
    <calp_conc>88.9519</calp_conc>
    <calprotectin_complete>2</calprotectin_complete>
  </row>
  <row>
    <cons_recordid_q1>IDeA30468K</cons_recordid_q1>
    <redcap_event_name>v12_arm_1</redcap_event_name>
    <redcap_repeat_instrument/>
    <redcap_repeat_instance/>
    <calprotectin_date>2024-01-30</calprotectin_date>
    <calp_conc>137.0630</calp_conc>
    <calprotectin_complete>2</calprotectin_complete>
  </row>
  <row>
    <cons_recordid_q1>IDeA30469A</cons_recordid_q1>
    <redcap_event_name>v1_arm_1</redcap_event_name>
    <redcap_repeat_instrument/>
    <redcap_repeat_instance/>
    <calprotectin_date>2024-01-30</calprotectin_date>
    <calp_conc>84.7062</calp_conc>
    <calprotectin_complete>2</calprotectin_complete>
  </row>
  <row>
    <cons_recordid_q1>IDeA30469A</cons_recordid_q1>
    <redcap_event_name>v12_arm_1</redcap_event_name>
    <redcap_repeat_instrument/>
    <redcap_repeat_instance/>
    <calprotectin_date>2024-01-30</calprotectin_date>
    <calp_conc>138.6047</calp_conc>
    <calprotectin_complete>2</calprotectin_complete>
  </row>
  <row>
    <cons_recordid_q1>IDeA30470D</cons_recordid_q1>
    <redcap_event_name>v1_arm_1</redcap_event_name>
    <redcap_repeat_instrument/>
    <redcap_repeat_instance/>
    <calprotectin_date>2024-01-30</calprotectin_date>
    <calp_conc>31.8181</calp_conc>
    <calprotectin_complete>2</calprotectin_complete>
  </row>
  <row>
    <cons_recordid_q1>IDeA30472H</cons_recordid_q1>
    <redcap_event_name>v1_arm_1</redcap_event_name>
    <redcap_repeat_instrument/>
    <redcap_repeat_instance/>
    <calprotectin_date>2024-01-30</calprotectin_date>
    <calp_conc>87.0963</calp_conc>
    <calprotectin_complete>2</calprotectin_complete>
  </row>
  <row>
    <cons_recordid_q1>IDeA30473E</cons_recordid_q1>
    <redcap_event_name>v1_arm_1</redcap_event_name>
    <redcap_repeat_instrument/>
    <redcap_repeat_instance/>
    <calprotectin_date>2024-01-30</calprotectin_date>
    <calp_conc>58.7583</calp_conc>
    <calprotectin_complete>2</calprotectin_complete>
  </row>
  <row>
    <cons_recordid_q1>IDeA30473E</cons_recordid_q1>
    <redcap_event_name>v12_arm_1</redcap_event_name>
    <redcap_repeat_instrument/>
    <redcap_repeat_instance/>
    <calprotectin_date>2024-01-30</calprotectin_date>
    <calp_conc>158.0660</calp_conc>
    <calprotectin_complete>2</calprotectin_complete>
  </row>
  <row>
    <cons_recordid_q1>IDeA30478J</cons_recordid_q1>
    <redcap_event_name>v12_arm_1</redcap_event_name>
    <redcap_repeat_instrument/>
    <redcap_repeat_instance/>
    <calprotectin_date>2024-01-30</calprotectin_date>
    <calp_conc>246.3072</calp_conc>
    <calprotectin_complete>2</calprotectin_complete>
  </row>
  <row>
    <cons_recordid_q1>IDeA30479B</cons_recordid_q1>
    <redcap_event_name>v1_arm_1</redcap_event_name>
    <redcap_repeat_instrument/>
    <redcap_repeat_instance/>
    <calprotectin_date>2024-01-30</calprotectin_date>
    <calp_conc>20.6813</calp_conc>
    <calprotectin_complete>2</calprotectin_complete>
  </row>
  <row>
    <cons_recordid_q1>IDeA30489F</cons_recordid_q1>
    <redcap_event_name>v1_arm_1</redcap_event_name>
    <redcap_repeat_instrument/>
    <redcap_repeat_instance/>
    <calprotectin_date>2024-01-30</calprotectin_date>
    <calp_conc>129.2463</calp_conc>
    <calprotectin_complete>2</calprotectin_complete>
  </row>
  <row>
    <cons_recordid_q1>IDeA30489F</cons_recordid_q1>
    <redcap_event_name>v12_arm_1</redcap_event_name>
    <redcap_repeat_instrument/>
    <redcap_repeat_instance/>
    <calprotectin_date>2024-01-30</calprotectin_date>
    <calp_conc>123.2306</calp_conc>
    <calprotectin_complete>2</calprotectin_complete>
  </row>
  <row>
    <cons_recordid_q1>IDeA30490H</cons_recordid_q1>
    <redcap_event_name>v1_arm_1</redcap_event_name>
    <redcap_repeat_instrument/>
    <redcap_repeat_instance/>
    <calprotectin_date>2024-01-30</calprotectin_date>
    <calp_conc>44.4393</calp_conc>
    <calprotectin_complete>2</calprotectin_complete>
  </row>
  <row>
    <cons_recordid_q1>IDeA30491A</cons_recordid_q1>
    <redcap_event_name>v1_arm_1</redcap_event_name>
    <redcap_repeat_instrument/>
    <redcap_repeat_instance/>
    <calprotectin_date>2024-01-30</calprotectin_date>
    <calp_conc>155.9382</calp_conc>
    <calprotectin_complete>2</calprotectin_complete>
  </row>
  <row>
    <cons_recordid_q1>IDeA30491A</cons_recordid_q1>
    <redcap_event_name>v12_arm_1</redcap_event_name>
    <redcap_repeat_instrument/>
    <redcap_repeat_instance/>
    <calprotectin_date>2024-01-30</calprotectin_date>
    <calp_conc>105.2361</calp_conc>
    <calprotectin_complete>2</calprotectin_complete>
  </row>
  <row>
    <cons_recordid_q1>IDeA30493C</cons_recordid_q1>
    <redcap_event_name>v12_arm_1</redcap_event_name>
    <redcap_repeat_instrument/>
    <redcap_repeat_instance/>
    <calprotectin_date>2024-01-30</calprotectin_date>
    <calp_conc>75.2240</calp_conc>
    <calprotectin_complete>2</calprotectin_complete>
  </row>
  <row>
    <cons_recordid_q1>IDeA30495F</cons_recordid_q1>
    <redcap_event_name>v1_arm_1</redcap_event_name>
    <redcap_repeat_instrument/>
    <redcap_repeat_instance/>
    <calprotectin_date>2024-01-30</calprotectin_date>
    <calp_conc>126.3557</calp_conc>
    <calprotectin_complete>2</calprotectin_complete>
  </row>
  <row>
    <cons_recordid_q1>IDeA30495F</cons_recordid_q1>
    <redcap_event_name>v12_arm_1</redcap_event_name>
    <redcap_repeat_instrument/>
    <redcap_repeat_instance/>
    <calprotectin_date>2024-01-30</calprotectin_date>
    <calp_conc>185.8741</calp_conc>
    <calprotectin_complete>2</calprotectin_complete>
  </row>
  <row>
    <cons_recordid_q1>IDeA30500E</cons_recordid_q1>
    <redcap_event_name>v1_arm_1</redcap_event_name>
    <redcap_repeat_instrument/>
    <redcap_repeat_instance/>
    <calprotectin_date>2024-01-30</calprotectin_date>
    <calp_conc>245.8295</calp_conc>
    <calprotectin_complete>2</calprotectin_complete>
  </row>
  <row>
    <cons_recordid_q1>IDeA30500E</cons_recordid_q1>
    <redcap_event_name>v12_arm_1</redcap_event_name>
    <redcap_repeat_instrument/>
    <redcap_repeat_instance/>
    <calprotectin_date>2024-01-30</calprotectin_date>
    <calp_conc>121.2776</calp_conc>
    <calprotectin_complete>2</calprotectin_complete>
  </row>
  <row>
    <cons_recordid_q1>IDeA30501C</cons_recordid_q1>
    <redcap_event_name>v1_arm_1</redcap_event_name>
    <redcap_repeat_instrument/>
    <redcap_repeat_instance/>
    <calprotectin_date>2024-01-30</calprotectin_date>
    <calp_conc>85.8756</calp_conc>
    <calprotectin_complete>2</calprotectin_complete>
  </row>
  <row>
    <cons_recordid_q1>IDeA30509K</cons_recordid_q1>
    <redcap_event_name>v1_arm_1</redcap_event_name>
    <redcap_repeat_instrument/>
    <redcap_repeat_instance/>
    <calprotectin_date>2024-01-30</calprotectin_date>
    <calp_conc>105.9374</calp_conc>
    <calprotectin_complete>2</calprotectin_complete>
  </row>
  <row>
    <cons_recordid_q1>IDeA30513E</cons_recordid_q1>
    <redcap_event_name>v1_arm_1</redcap_event_name>
    <redcap_repeat_instrument/>
    <redcap_repeat_instance/>
    <calprotectin_date>2024-01-30</calprotectin_date>
    <calp_conc>195.7378</calp_conc>
    <calprotectin_complete>2</calprotectin_complete>
  </row>
  <row>
    <cons_recordid_q1>IDeA30513E</cons_recordid_q1>
    <redcap_event_name>v12_arm_1</redcap_event_name>
    <redcap_repeat_instrument/>
    <redcap_repeat_instance/>
    <calprotectin_date>2024-01-30</calprotectin_date>
    <calp_conc>61.8439</calp_conc>
    <calprotectin_complete>2</calprotectin_complete>
  </row>
  <row>
    <cons_recordid_q1>IDeA30514C</cons_recordid_q1>
    <redcap_event_name>v1_arm_1</redcap_event_name>
    <redcap_repeat_instrument/>
    <redcap_repeat_instance/>
    <calprotectin_date>2024-01-30</calprotectin_date>
    <calp_conc>100.4529</calp_conc>
    <calprotectin_complete>2</calprotectin_complete>
  </row>
  <row>
    <cons_recordid_q1>IDeA30519B</cons_recordid_q1>
    <redcap_event_name>v1_arm_1</redcap_event_name>
    <redcap_repeat_instrument/>
    <redcap_repeat_instance/>
    <calprotectin_date>2024-01-30</calprotectin_date>
    <calp_conc>211.7447</calp_conc>
    <calprotectin_complete>2</calprotectin_complete>
  </row>
  <row>
    <cons_recordid_q1>IDeA30538G</cons_recordid_q1>
    <redcap_event_name>v1_arm_1</redcap_event_name>
    <redcap_repeat_instrument/>
    <redcap_repeat_instance/>
    <calprotectin_date>2024-01-30</calprotectin_date>
    <calp_conc>20.2313</calp_conc>
    <calprotectin_complete>2</calprotectin_complete>
  </row>
  <row>
    <cons_recordid_q1>IDeA30543D</cons_recordid_q1>
    <redcap_event_name>v1_arm_1</redcap_event_name>
    <redcap_repeat_instrument/>
    <redcap_repeat_instance/>
    <calprotectin_date>2024-01-30</calprotectin_date>
    <calp_conc>76.0771</calp_conc>
    <calprotectin_complete>2</calprotectin_complete>
  </row>
  <row>
    <cons_recordid_q1>IDeA30553A</cons_recordid_q1>
    <redcap_event_name>v1_arm_1</redcap_event_name>
    <redcap_repeat_instrument/>
    <redcap_repeat_instance/>
    <calprotectin_date>2024-01-30</calprotectin_date>
    <calp_conc>205.3722</calp_conc>
    <calprotectin_complete>2</calprotectin_complete>
  </row>
  <row>
    <cons_recordid_q1>IDeA30554K</cons_recordid_q1>
    <redcap_event_name>v1_arm_1</redcap_event_name>
    <redcap_repeat_instrument/>
    <redcap_repeat_instance/>
    <calprotectin_date>2024-01-30</calprotectin_date>
    <calp_conc>339.0760</calp_conc>
    <calprotectin_complete>2</calprotectin_complete>
  </row>
  <row>
    <cons_recordid_q1>IDeA30559G</cons_recordid_q1>
    <redcap_event_name>v1_arm_1</redcap_event_name>
    <redcap_repeat_instrument/>
    <redcap_repeat_instance/>
    <calprotectin_date>2024-01-30</calprotectin_date>
    <calp_conc>19.4846</calp_conc>
    <calprotectin_complete>2</calprotectin_complete>
  </row>
  <row>
    <cons_recordid_q1>IDeA30559G</cons_recordid_q1>
    <redcap_event_name>v12_arm_1</redcap_event_name>
    <redcap_repeat_instrument/>
    <redcap_repeat_instance/>
    <calprotectin_date>2024-01-30</calprotectin_date>
    <calp_conc>8.8870</calp_conc>
    <calprotectin_complete>2</calprotectin_complete>
  </row>
  <row>
    <cons_recordid_q1>IDeA30560F</cons_recordid_q1>
    <redcap_event_name>v1_arm_1</redcap_event_name>
    <redcap_repeat_instrument/>
    <redcap_repeat_instance/>
    <calprotectin_date>2024-01-30</calprotectin_date>
    <calp_conc>209.5444</calp_conc>
    <calprotectin_complete>2</calprotectin_complete>
  </row>
  <row>
    <cons_recordid_q1>IDeA30561J</cons_recordid_q1>
    <redcap_event_name>v1_arm_1</redcap_event_name>
    <redcap_repeat_instrument/>
    <redcap_repeat_instance/>
    <calprotectin_date>2024-01-30</calprotectin_date>
    <calp_conc>98.0041</calp_conc>
    <calprotectin_complete>2</calprotectin_complete>
  </row>
  <row>
    <cons_recordid_q1>IDeA30568D</cons_recordid_q1>
    <redcap_event_name>v1_arm_1</redcap_event_name>
    <redcap_repeat_instrument/>
    <redcap_repeat_instance/>
    <calprotectin_date>2024-01-30</calprotectin_date>
    <calp_conc>71.8854</calp_conc>
    <calprotectin_complete>2</calprotectin_complete>
  </row>
  <row>
    <cons_recordid_q1>IDeA30568D</cons_recordid_q1>
    <redcap_event_name>v12_arm_1</redcap_event_name>
    <redcap_repeat_instrument/>
    <redcap_repeat_instance/>
    <calprotectin_date>2024-01-30</calprotectin_date>
    <calp_conc>169.6395</calp_conc>
    <calprotectin_complete>2</calprotectin_complete>
  </row>
  <row>
    <cons_recordid_q1>IDeA30570J</cons_recordid_q1>
    <redcap_event_name>v1_arm_1</redcap_event_name>
    <redcap_repeat_instrument/>
    <redcap_repeat_instance/>
    <calprotectin_date>2024-01-30</calprotectin_date>
    <calp_conc>107.2072</calp_conc>
    <calprotectin_complete>2</calprotectin_complete>
  </row>
  <row>
    <cons_recordid_q1>IDeA30574D</cons_recordid_q1>
    <redcap_event_name>v1_arm_1</redcap_event_name>
    <redcap_repeat_instrument/>
    <redcap_repeat_instance/>
    <calprotectin_date>2024-01-30</calprotectin_date>
    <calp_conc>123.0704</calp_conc>
    <calprotectin_complete>2</calprotectin_complete>
  </row>
  <row>
    <cons_recordid_q1>IDeA30583B</cons_recordid_q1>
    <redcap_event_name>v1_arm_1</redcap_event_name>
    <redcap_repeat_instrument/>
    <redcap_repeat_instance/>
    <calprotectin_date>2024-01-30</calprotectin_date>
    <calp_conc>287.4383</calp_conc>
    <calprotectin_complete>2</calprotectin_complete>
  </row>
  <row>
    <cons_recordid_q1>IDeA30584E</cons_recordid_q1>
    <redcap_event_name>v1_arm_1</redcap_event_name>
    <redcap_repeat_instrument/>
    <redcap_repeat_instance/>
    <calprotectin_date>2024-01-30</calprotectin_date>
    <calp_conc>86.4015</calp_conc>
    <calprotectin_complete>2</calprotectin_complete>
  </row>
  <row>
    <cons_recordid_q1>IDeA30587H</cons_recordid_q1>
    <redcap_event_name>v1_arm_1</redcap_event_name>
    <redcap_repeat_instrument/>
    <redcap_repeat_instance/>
    <calprotectin_date>2024-01-30</calprotectin_date>
    <calp_conc>698.9887</calp_conc>
    <calprotectin_complete>2</calprotectin_complete>
  </row>
  <row>
    <cons_recordid_q1>IDeA30587H</cons_recordid_q1>
    <redcap_event_name>v12_arm_1</redcap_event_name>
    <redcap_repeat_instrument/>
    <redcap_repeat_instance/>
    <calprotectin_date>2024-01-30</calprotectin_date>
    <calp_conc>274.3473</calp_conc>
    <calprotectin_complete>2</calprotectin_complete>
  </row>
  <row>
    <cons_recordid_q1>IDeA30592B</cons_recordid_q1>
    <redcap_event_name>v1_arm_1</redcap_event_name>
    <redcap_repeat_instrument/>
    <redcap_repeat_instance/>
    <calprotectin_date>2024-01-30</calprotectin_date>
    <calp_conc>149.0976</calp_conc>
    <calprotectin_complete>2</calprotectin_complete>
  </row>
  <row>
    <cons_recordid_q1>IDeA30596J</cons_recordid_q1>
    <redcap_event_name>v1_arm_1</redcap_event_name>
    <redcap_repeat_instrument/>
    <redcap_repeat_instance/>
    <calprotectin_date>2024-01-30</calprotectin_date>
    <calp_conc>32.2588</calp_conc>
    <calprotectin_complete>2</calprotectin_complete>
  </row>
  <row>
    <cons_recordid_q1>IDeA30600C</cons_recordid_q1>
    <redcap_event_name>v12_arm_1</redcap_event_name>
    <redcap_repeat_instrument/>
    <redcap_repeat_instance/>
    <calprotectin_date>2024-01-30</calprotectin_date>
    <calp_conc>61.5313</calp_conc>
    <calprotectin_complete>2</calprotectin_complete>
  </row>
</data>
