<?xml version='1.0' encoding='utf-8'?>
<data>
  <row>
    <cons_recordid_q1>IDeA30003H</cons_recordid_q1>
    <redcap_event_name>v1_arm_1</redcap_event_name>
    <redcap_repeat_instrument>ip_accountability_log</redcap_repeat_instrument>
    <redcap_repeat_instance>1</redcap_repeat_instance>
    <ip_date_q1>2023-05-22</ip_date_q1>
    <ip_issued>84</ip_issued>
    <ip_accountability_log_complete>2</ip_accountability_log_complete>
  </row>
  <row>
    <cons_recordid_q1>IDeA30004F</cons_recordid_q1>
    <redcap_event_name>v1_arm_1</redcap_event_name>
    <redcap_repeat_instrument>ip_accountability_log</redcap_repeat_instrument>
    <redcap_repeat_instance>1</redcap_repeat_instance>
    <ip_date_q1>2023-05-22</ip_date_q1>
    <ip_issued>84</ip_issued>
    <ip_accountability_log_complete>2</ip_accountability_log_complete>
  </row>
  <row>
    <cons_recordid_q1>IDeA30008E</cons_recordid_q1>
    <redcap_event_name>v1_arm_1</redcap_event_name>
    <redcap_repeat_instrument>ip_accountability_log</redcap_repeat_instrument>
    <redcap_repeat_instance>1</redcap_repeat_instance>
    <ip_date_q1>2023-05-22</ip_date_q1>
    <ip_issued>84</ip_issued>
    <ip_accountability_log_complete>2</ip_accountability_log_complete>
  </row>
  <row>
    <cons_recordid_q1>IDeA30010B</cons_recordid_q1>
    <redcap_event_name>v1_arm_1</redcap_event_name>
    <redcap_repeat_instrument>ip_accountability_log</redcap_repeat_instrument>
    <redcap_repeat_instance>1</redcap_repeat_instance>
    <ip_date_q1>2023-05-11</ip_date_q1>
    <ip_issued>84</ip_issued>
    <ip_accountability_log_complete>2</ip_accountability_log_complete>
  </row>
  <row>
    <cons_recordid_q1>IDeA30012F</cons_recordid_q1>
    <redcap_event_name>v1_arm_1</redcap_event_name>
    <redcap_repeat_instrument>ip_accountability_log</redcap_repeat_instrument>
    <redcap_repeat_instance>1</redcap_repeat_instance>
    <ip_date_q1>2023-05-29</ip_date_q1>
    <ip_issued>84</ip_issued>
    <ip_accountability_log_complete>2</ip_accountability_log_complete>
  </row>
  <row>
    <cons_recordid_q1>IDeA30017E</cons_recordid_q1>
    <redcap_event_name>v1_arm_1</redcap_event_name>
    <redcap_repeat_instrument>ip_accountability_log</redcap_repeat_instrument>
    <redcap_repeat_instance>1</redcap_repeat_instance>
    <ip_date_q1>2023-05-29</ip_date_q1>
    <ip_issued>84</ip_issued>
    <ip_accountability_log_complete>2</ip_accountability_log_complete>
  </row>
  <row>
    <cons_recordid_q1>IDeA30020H</cons_recordid_q1>
    <redcap_event_name>v1_arm_1</redcap_event_name>
    <redcap_repeat_instrument>ip_accountability_log</redcap_repeat_instrument>
    <redcap_repeat_instance>1</redcap_repeat_instance>
    <ip_date_q1>2023-05-22</ip_date_q1>
    <ip_issued>84</ip_issued>
    <ip_accountability_log_complete>2</ip_accountability_log_complete>
  </row>
  <row>
    <cons_recordid_q1>IDeA30021A</cons_recordid_q1>
    <redcap_event_name>v1_arm_1</redcap_event_name>
    <redcap_repeat_instrument>ip_accountability_log</redcap_repeat_instrument>
    <redcap_repeat_instance>1</redcap_repeat_instance>
    <ip_date_q1>2023-05-22</ip_date_q1>
    <ip_issued>84</ip_issued>
    <ip_accountability_log_complete>2</ip_accountability_log_complete>
  </row>
  <row>
    <cons_recordid_q1>IDeA30022K</cons_recordid_q1>
    <redcap_event_name>v1_arm_1</redcap_event_name>
    <redcap_repeat_instrument>ip_accountability_log</redcap_repeat_instrument>
    <redcap_repeat_instance>1</redcap_repeat_instance>
    <ip_date_q1>2023-05-22</ip_date_q1>
    <ip_issued>84</ip_issued>
    <ip_accountability_log_complete>2</ip_accountability_log_complete>
  </row>
  <row>
    <cons_recordid_q1>IDeA30023C</cons_recordid_q1>
    <redcap_event_name>v1_arm_1</redcap_event_name>
    <redcap_repeat_instrument>ip_accountability_log</redcap_repeat_instrument>
    <redcap_repeat_instance>1</redcap_repeat_instance>
    <ip_date_q1>2023-05-22</ip_date_q1>
    <ip_issued>84</ip_issued>
    <ip_accountability_log_complete>2</ip_accountability_log_complete>
  </row>
  <row>
    <cons_recordid_q1>IDeA30024B</cons_recordid_q1>
    <redcap_event_name>v1_arm_1</redcap_event_name>
    <redcap_repeat_instrument>ip_accountability_log</redcap_repeat_instrument>
    <redcap_repeat_instance>1</redcap_repeat_instance>
    <ip_date_q1>2023-05-22</ip_date_q1>
    <ip_issued>84</ip_issued>
    <ip_accountability_log_complete>2</ip_accountability_log_complete>
  </row>
  <row>
    <cons_recordid_q1>IDeA30026E</cons_recordid_q1>
    <redcap_event_name>v1_arm_1</redcap_event_name>
    <redcap_repeat_instrument>ip_accountability_log</redcap_repeat_instrument>
    <redcap_repeat_instance>1</redcap_repeat_instance>
    <ip_date_q1>2023-05-16</ip_date_q1>
    <ip_issued>84</ip_issued>
    <ip_accountability_log_complete>2</ip_accountability_log_complete>
  </row>
  <row>
    <cons_recordid_q1>IDeA30028G</cons_recordid_q1>
    <redcap_event_name>v1_arm_1</redcap_event_name>
    <redcap_repeat_instrument>ip_accountability_log</redcap_repeat_instrument>
    <redcap_repeat_instance>1</redcap_repeat_instance>
    <ip_date_q1>2023-05-30</ip_date_q1>
    <ip_issued>84</ip_issued>
    <ip_accountability_log_complete>2</ip_accountability_log_complete>
  </row>
  <row>
    <cons_recordid_q1>IDeA30029D</cons_recordid_q1>
    <redcap_event_name>v1_arm_1</redcap_event_name>
    <redcap_repeat_instrument>ip_accountability_log</redcap_repeat_instrument>
    <redcap_repeat_instance>1</redcap_repeat_instance>
    <ip_date_q1>2023-06-05</ip_date_q1>
    <ip_issued>84</ip_issued>
    <ip_accountability_log_complete>2</ip_accountability_log_complete>
  </row>
  <row>
    <cons_recordid_q1>IDeA30030J</cons_recordid_q1>
    <redcap_event_name>v1_arm_1</redcap_event_name>
    <redcap_repeat_instrument>ip_accountability_log</redcap_repeat_instrument>
    <redcap_repeat_instance>1</redcap_repeat_instance>
    <ip_date_q1>2023-05-16</ip_date_q1>
    <ip_issued>84</ip_issued>
    <ip_accountability_log_complete>2</ip_accountability_log_complete>
  </row>
  <row>
    <cons_recordid_q1>IDeA30031K</cons_recordid_q1>
    <redcap_event_name>v1_arm_1</redcap_event_name>
    <redcap_repeat_instrument>ip_accountability_log</redcap_repeat_instrument>
    <redcap_repeat_instance>1</redcap_repeat_instance>
    <ip_date_q1>2023-05-23</ip_date_q1>
    <ip_issued>84</ip_issued>
    <ip_accountability_log_complete>2</ip_accountability_log_complete>
  </row>
  <row>
    <cons_recordid_q1>IDeA30037A</cons_recordid_q1>
    <redcap_event_name>v1_arm_1</redcap_event_name>
    <redcap_repeat_instrument>ip_accountability_log</redcap_repeat_instrument>
    <redcap_repeat_instance>1</redcap_repeat_instance>
    <ip_date_q1>2023-07-17</ip_date_q1>
    <ip_issued>84</ip_issued>
    <ip_accountability_log_complete>2</ip_accountability_log_complete>
  </row>
  <row>
    <cons_recordid_q1>IDeA30042H</cons_recordid_q1>
    <redcap_event_name>v1_arm_1</redcap_event_name>
    <redcap_repeat_instrument>ip_accountability_log</redcap_repeat_instrument>
    <redcap_repeat_instance>1</redcap_repeat_instance>
    <ip_date_q1>2023-05-16</ip_date_q1>
    <ip_issued>84</ip_issued>
    <ip_accountability_log_complete>2</ip_accountability_log_complete>
  </row>
  <row>
    <cons_recordid_q1>IDeA30043E</cons_recordid_q1>
    <redcap_event_name>v1_arm_1</redcap_event_name>
    <redcap_repeat_instrument>ip_accountability_log</redcap_repeat_instrument>
    <redcap_repeat_instance>1</redcap_repeat_instance>
    <ip_date_q1>2023-05-16</ip_date_q1>
    <ip_issued>84</ip_issued>
    <ip_accountability_log_complete>2</ip_accountability_log_complete>
  </row>
  <row>
    <cons_recordid_q1>IDeA30045A</cons_recordid_q1>
    <redcap_event_name>v1_arm_1</redcap_event_name>
    <redcap_repeat_instrument>ip_accountability_log</redcap_repeat_instrument>
    <redcap_repeat_instance>1</redcap_repeat_instance>
    <ip_date_q1>2023-05-30</ip_date_q1>
    <ip_issued>84</ip_issued>
    <ip_accountability_log_complete>2</ip_accountability_log_complete>
  </row>
  <row>
    <cons_recordid_q1>IDeA30049B</cons_recordid_q1>
    <redcap_event_name>v1_arm_1</redcap_event_name>
    <redcap_repeat_instrument>ip_accountability_log</redcap_repeat_instrument>
    <redcap_repeat_instance>1</redcap_repeat_instance>
    <ip_date_q1>2023-05-16</ip_date_q1>
    <ip_issued>84</ip_issued>
    <ip_accountability_log_complete>2</ip_accountability_log_complete>
  </row>
  <row>
    <cons_recordid_q1>IDeA30051F</cons_recordid_q1>
    <redcap_event_name>v1_arm_1</redcap_event_name>
    <redcap_repeat_instrument>ip_accountability_log</redcap_repeat_instrument>
    <redcap_repeat_instance>1</redcap_repeat_instance>
    <ip_date_q1>2023-05-15</ip_date_q1>
    <ip_issued>84</ip_issued>
    <ip_accountability_log_complete>2</ip_accountability_log_complete>
  </row>
  <row>
    <cons_recordid_q1>IDeA30052J</cons_recordid_q1>
    <redcap_event_name>v1_arm_1</redcap_event_name>
    <redcap_repeat_instrument>ip_accountability_log</redcap_repeat_instrument>
    <redcap_repeat_instance>1</redcap_repeat_instance>
    <ip_date_q1>2023-05-11</ip_date_q1>
    <ip_issued>84</ip_issued>
    <ip_accountability_log_complete>2</ip_accountability_log_complete>
  </row>
  <row>
    <cons_recordid_q1>IDeA30059A</cons_recordid_q1>
    <redcap_event_name>v1_arm_1</redcap_event_name>
    <redcap_repeat_instrument>ip_accountability_log</redcap_repeat_instrument>
    <redcap_repeat_instance>1</redcap_repeat_instance>
    <ip_date_q1>2023-06-05</ip_date_q1>
    <ip_issued>84</ip_issued>
    <ip_accountability_log_complete>2</ip_accountability_log_complete>
  </row>
  <row>
    <cons_recordid_q1>IDeA30063J</cons_recordid_q1>
    <redcap_event_name>v1_arm_1</redcap_event_name>
    <redcap_repeat_instrument>ip_accountability_log</redcap_repeat_instrument>
    <redcap_repeat_instance>1</redcap_repeat_instance>
    <ip_date_q1>2023-05-15</ip_date_q1>
    <ip_issued>84</ip_issued>
    <ip_accountability_log_complete>2</ip_accountability_log_complete>
  </row>
  <row>
    <cons_recordid_q1>IDeA30064G</cons_recordid_q1>
    <redcap_event_name>v1_arm_1</redcap_event_name>
    <redcap_repeat_instrument>ip_accountability_log</redcap_repeat_instrument>
    <redcap_repeat_instance>1</redcap_repeat_instance>
    <ip_date_q1>2023-05-15</ip_date_q1>
    <ip_issued>84</ip_issued>
    <ip_accountability_log_complete>2</ip_accountability_log_complete>
  </row>
  <row>
    <cons_recordid_q1>IDeA30065B</cons_recordid_q1>
    <redcap_event_name>v1_arm_1</redcap_event_name>
    <redcap_repeat_instrument>ip_accountability_log</redcap_repeat_instrument>
    <redcap_repeat_instance>1</redcap_repeat_instance>
    <ip_date_q1>2023-05-15</ip_date_q1>
    <ip_issued>84</ip_issued>
    <ip_accountability_log_complete>2</ip_accountability_log_complete>
  </row>
  <row>
    <cons_recordid_q1>IDeA30066H</cons_recordid_q1>
    <redcap_event_name>v1_arm_1</redcap_event_name>
    <redcap_repeat_instrument>ip_accountability_log</redcap_repeat_instrument>
    <redcap_repeat_instance>1</redcap_repeat_instance>
    <ip_date_q1>2023-05-15</ip_date_q1>
    <ip_issued>84</ip_issued>
    <ip_accountability_log_complete>2</ip_accountability_log_complete>
  </row>
  <row>
    <cons_recordid_q1>IDeA30070F</cons_recordid_q1>
    <redcap_event_name>v1_arm_1</redcap_event_name>
    <redcap_repeat_instrument>ip_accountability_log</redcap_repeat_instrument>
    <redcap_repeat_instance>1</redcap_repeat_instance>
    <ip_date_q1>2023-05-16</ip_date_q1>
    <ip_issued>84</ip_issued>
    <ip_accountability_log_complete>2</ip_accountability_log_complete>
  </row>
  <row>
    <cons_recordid_q1>IDeA30071J</cons_recordid_q1>
    <redcap_event_name>v1_arm_1</redcap_event_name>
    <redcap_repeat_instrument>ip_accountability_log</redcap_repeat_instrument>
    <redcap_repeat_instance>1</redcap_repeat_instance>
    <ip_date_q1>2023-05-16</ip_date_q1>
    <ip_issued>84</ip_issued>
    <ip_accountability_log_complete>2</ip_accountability_log_complete>
  </row>
  <row>
    <cons_recordid_q1>IDeA30073K</cons_recordid_q1>
    <redcap_event_name>v1_arm_1</redcap_event_name>
    <redcap_repeat_instrument>ip_accountability_log</redcap_repeat_instrument>
    <redcap_repeat_instance>1</redcap_repeat_instance>
    <ip_date_q1>2023-06-05</ip_date_q1>
    <ip_issued>84</ip_issued>
    <ip_accountability_log_complete>2</ip_accountability_log_complete>
  </row>
  <row>
    <cons_recordid_q1>IDeA30074H</cons_recordid_q1>
    <redcap_event_name>v1_arm_1</redcap_event_name>
    <redcap_repeat_instrument>ip_accountability_log</redcap_repeat_instrument>
    <redcap_repeat_instance>1</redcap_repeat_instance>
    <ip_date_q1>2023-06-05</ip_date_q1>
    <ip_issued>84</ip_issued>
    <ip_accountability_log_complete>2</ip_accountability_log_complete>
  </row>
  <row>
    <cons_recordid_q1>IDeA30081B</cons_recordid_q1>
    <redcap_event_name>v1_arm_1</redcap_event_name>
    <redcap_repeat_instrument>ip_accountability_log</redcap_repeat_instrument>
    <redcap_repeat_instance>1</redcap_repeat_instance>
    <ip_date_q1>2023-05-29</ip_date_q1>
    <ip_issued>84</ip_issued>
    <ip_accountability_log_complete>2</ip_accountability_log_complete>
  </row>
  <row>
    <cons_recordid_q1>IDeA30085E</cons_recordid_q1>
    <redcap_event_name>v1_arm_1</redcap_event_name>
    <redcap_repeat_instrument>ip_accountability_log</redcap_repeat_instrument>
    <redcap_repeat_instance>1</redcap_repeat_instance>
    <ip_date_q1>2023-05-15</ip_date_q1>
    <ip_issued>84</ip_issued>
    <ip_accountability_log_complete>2</ip_accountability_log_complete>
  </row>
  <row>
    <cons_recordid_q1>IDeA30089J</cons_recordid_q1>
    <redcap_event_name>v1_arm_1</redcap_event_name>
    <redcap_repeat_instrument>ip_accountability_log</redcap_repeat_instrument>
    <redcap_repeat_instance>1</redcap_repeat_instance>
    <ip_date_q1>2023-05-15</ip_date_q1>
    <ip_issued>84</ip_issued>
    <ip_accountability_log_complete>2</ip_accountability_log_complete>
  </row>
  <row>
    <cons_recordid_q1>IDeA30090E</cons_recordid_q1>
    <redcap_event_name>v1_arm_1</redcap_event_name>
    <redcap_repeat_instrument>ip_accountability_log</redcap_repeat_instrument>
    <redcap_repeat_instance>1</redcap_repeat_instance>
    <ip_date_q1>2023-05-15</ip_date_q1>
    <ip_issued>84</ip_issued>
    <ip_accountability_log_complete>2</ip_accountability_log_complete>
  </row>
  <row>
    <cons_recordid_q1>IDeA30095H</cons_recordid_q1>
    <redcap_event_name>v1_arm_1</redcap_event_name>
    <redcap_repeat_instrument>ip_accountability_log</redcap_repeat_instrument>
    <redcap_repeat_instance>1</redcap_repeat_instance>
    <ip_date_q1>2023-05-16</ip_date_q1>
    <ip_issued>84</ip_issued>
    <ip_accountability_log_complete>2</ip_accountability_log_complete>
  </row>
  <row>
    <cons_recordid_q1>IDeA30097D</cons_recordid_q1>
    <redcap_event_name>v1_arm_1</redcap_event_name>
    <redcap_repeat_instrument>ip_accountability_log</redcap_repeat_instrument>
    <redcap_repeat_instance>1</redcap_repeat_instance>
    <ip_date_q1>2023-06-06</ip_date_q1>
    <ip_issued>84</ip_issued>
    <ip_accountability_log_complete>2</ip_accountability_log_complete>
  </row>
  <row>
    <cons_recordid_q1>IDeA30098F</cons_recordid_q1>
    <redcap_event_name>v1_arm_1</redcap_event_name>
    <redcap_repeat_instrument>ip_accountability_log</redcap_repeat_instrument>
    <redcap_repeat_instance>1</redcap_repeat_instance>
    <ip_date_q1>2023-05-16</ip_date_q1>
    <ip_issued>84</ip_issued>
    <ip_accountability_log_complete>2</ip_accountability_log_complete>
  </row>
  <row>
    <cons_recordid_q1>IDeA30101A</cons_recordid_q1>
    <redcap_event_name>v1_arm_1</redcap_event_name>
    <redcap_repeat_instrument>ip_accountability_log</redcap_repeat_instrument>
    <redcap_repeat_instance>1</redcap_repeat_instance>
    <ip_date_q1>2023-05-17</ip_date_q1>
    <ip_issued>84</ip_issued>
    <ip_accountability_log_complete>2</ip_accountability_log_complete>
  </row>
  <row>
    <cons_recordid_q1>IDeA30103C</cons_recordid_q1>
    <redcap_event_name>v1_arm_1</redcap_event_name>
    <redcap_repeat_instrument>ip_accountability_log</redcap_repeat_instrument>
    <redcap_repeat_instance>1</redcap_repeat_instance>
    <ip_date_q1>2023-05-17</ip_date_q1>
    <ip_issued>84</ip_issued>
    <ip_accountability_log_complete>2</ip_accountability_log_complete>
  </row>
  <row>
    <cons_recordid_q1>IDeA30109D</cons_recordid_q1>
    <redcap_event_name>v1_arm_1</redcap_event_name>
    <redcap_repeat_instrument>ip_accountability_log</redcap_repeat_instrument>
    <redcap_repeat_instance>1</redcap_repeat_instance>
    <ip_date_q1>2023-06-12</ip_date_q1>
    <ip_issued>84</ip_issued>
    <ip_accountability_log_complete>2</ip_accountability_log_complete>
  </row>
  <row>
    <cons_recordid_q1>IDeA30110J</cons_recordid_q1>
    <redcap_event_name>v1_arm_1</redcap_event_name>
    <redcap_repeat_instrument>ip_accountability_log</redcap_repeat_instrument>
    <redcap_repeat_instance>1</redcap_repeat_instance>
    <ip_date_q1>2023-06-20</ip_date_q1>
    <ip_issued>84</ip_issued>
    <ip_accountability_log_complete>2</ip_accountability_log_complete>
  </row>
  <row>
    <cons_recordid_q1>IDeA30121G</cons_recordid_q1>
    <redcap_event_name>v1_arm_1</redcap_event_name>
    <redcap_repeat_instrument>ip_accountability_log</redcap_repeat_instrument>
    <redcap_repeat_instance>1</redcap_repeat_instance>
    <ip_date_q1>2023-06-05</ip_date_q1>
    <ip_issued>84</ip_issued>
    <ip_accountability_log_complete>2</ip_accountability_log_complete>
  </row>
  <row>
    <cons_recordid_q1>IDeA30131D</cons_recordid_q1>
    <redcap_event_name>v1_arm_1</redcap_event_name>
    <redcap_repeat_instrument>ip_accountability_log</redcap_repeat_instrument>
    <redcap_repeat_instance>1</redcap_repeat_instance>
    <ip_date_q1>2023-05-30</ip_date_q1>
    <ip_issued>84</ip_issued>
    <ip_accountability_log_complete>2</ip_accountability_log_complete>
  </row>
  <row>
    <cons_recordid_q1>IDeA30135K</cons_recordid_q1>
    <redcap_event_name>v1_arm_1</redcap_event_name>
    <redcap_repeat_instrument>ip_accountability_log</redcap_repeat_instrument>
    <redcap_repeat_instance>1</redcap_repeat_instance>
    <ip_date_q1>2023-05-17</ip_date_q1>
    <ip_issued>84</ip_issued>
    <ip_accountability_log_complete>2</ip_accountability_log_complete>
  </row>
  <row>
    <cons_recordid_q1>IDeA30146G</cons_recordid_q1>
    <redcap_event_name>v1_arm_1</redcap_event_name>
    <redcap_repeat_instrument>ip_accountability_log</redcap_repeat_instrument>
    <redcap_repeat_instance>1</redcap_repeat_instance>
    <ip_date_q1>2023-05-30</ip_date_q1>
    <ip_issued>84</ip_issued>
    <ip_accountability_log_complete>2</ip_accountability_log_complete>
  </row>
  <row>
    <cons_recordid_q1>IDeA30148K</cons_recordid_q1>
    <redcap_event_name>v1_arm_1</redcap_event_name>
    <redcap_repeat_instrument>ip_accountability_log</redcap_repeat_instrument>
    <redcap_repeat_instance>1</redcap_repeat_instance>
    <ip_date_q1>2023-05-17</ip_date_q1>
    <ip_issued>84</ip_issued>
    <ip_accountability_log_complete>2</ip_accountability_log_complete>
  </row>
  <row>
    <cons_recordid_q1>IDeA30154G</cons_recordid_q1>
    <redcap_event_name>v1_arm_1</redcap_event_name>
    <redcap_repeat_instrument>ip_accountability_log</redcap_repeat_instrument>
    <redcap_repeat_instance>1</redcap_repeat_instance>
    <ip_date_q1>2023-05-16</ip_date_q1>
    <ip_issued>84</ip_issued>
    <ip_accountability_log_complete>2</ip_accountability_log_complete>
  </row>
  <row>
    <cons_recordid_q1>IDeA30159F</cons_recordid_q1>
    <redcap_event_name>v1_arm_1</redcap_event_name>
    <redcap_repeat_instrument>ip_accountability_log</redcap_repeat_instrument>
    <redcap_repeat_instance>1</redcap_repeat_instance>
    <ip_date_q1>2023-05-17</ip_date_q1>
    <ip_issued>84</ip_issued>
    <ip_accountability_log_complete>2</ip_accountability_log_complete>
  </row>
  <row>
    <cons_recordid_q1>IDeA30160B</cons_recordid_q1>
    <redcap_event_name>v1_arm_1</redcap_event_name>
    <redcap_repeat_instrument>ip_accountability_log</redcap_repeat_instrument>
    <redcap_repeat_instance>1</redcap_repeat_instance>
    <ip_date_q1>2023-06-20</ip_date_q1>
    <ip_issued>84</ip_issued>
    <ip_accountability_log_complete>2</ip_accountability_log_complete>
  </row>
  <row>
    <cons_recordid_q1>IDeA30164K</cons_recordid_q1>
    <redcap_event_name>v1_arm_1</redcap_event_name>
    <redcap_repeat_instrument>ip_accountability_log</redcap_repeat_instrument>
    <redcap_repeat_instance>1</redcap_repeat_instance>
    <ip_date_q1>2023-05-17</ip_date_q1>
    <ip_issued>84</ip_issued>
    <ip_accountability_log_complete>2</ip_accountability_log_complete>
  </row>
  <row>
    <cons_recordid_q1>IDeA30165J</cons_recordid_q1>
    <redcap_event_name>v1_arm_1</redcap_event_name>
    <redcap_repeat_instrument>ip_accountability_log</redcap_repeat_instrument>
    <redcap_repeat_instance>1</redcap_repeat_instance>
    <ip_date_q1>2023-05-11</ip_date_q1>
    <ip_issued>84</ip_issued>
    <ip_accountability_log_complete>2</ip_accountability_log_complete>
  </row>
  <row>
    <cons_recordid_q1>IDeA30169G</cons_recordid_q1>
    <redcap_event_name>v1_arm_1</redcap_event_name>
    <redcap_repeat_instrument>ip_accountability_log</redcap_repeat_instrument>
    <redcap_repeat_instance>1</redcap_repeat_instance>
    <ip_date_q1>2023-05-17</ip_date_q1>
    <ip_issued>84</ip_issued>
    <ip_accountability_log_complete>2</ip_accountability_log_complete>
  </row>
  <row>
    <cons_recordid_q1>IDeA30176F</cons_recordid_q1>
    <redcap_event_name>v1_arm_1</redcap_event_name>
    <redcap_repeat_instrument>ip_accountability_log</redcap_repeat_instrument>
    <redcap_repeat_instance>1</redcap_repeat_instance>
    <ip_date_q1>2023-05-11</ip_date_q1>
    <ip_issued>84</ip_issued>
    <ip_accountability_log_complete>2</ip_accountability_log_complete>
  </row>
  <row>
    <cons_recordid_q1>IDeA30179J</cons_recordid_q1>
    <redcap_event_name>v1_arm_1</redcap_event_name>
    <redcap_repeat_instrument>ip_accountability_log</redcap_repeat_instrument>
    <redcap_repeat_instance>1</redcap_repeat_instance>
    <ip_date_q1>2023-07-10</ip_date_q1>
    <ip_issued>84</ip_issued>
    <ip_accountability_log_complete>2</ip_accountability_log_complete>
  </row>
  <row>
    <cons_recordid_q1>IDeA30180E</cons_recordid_q1>
    <redcap_event_name>v1_arm_1</redcap_event_name>
    <redcap_repeat_instrument>ip_accountability_log</redcap_repeat_instrument>
    <redcap_repeat_instance>1</redcap_repeat_instance>
    <ip_date_q1>2023-07-04</ip_date_q1>
    <ip_issued>84</ip_issued>
    <ip_accountability_log_complete>2</ip_accountability_log_complete>
  </row>
  <row>
    <cons_recordid_q1>IDeA30181C</cons_recordid_q1>
    <redcap_event_name>v1_arm_1</redcap_event_name>
    <redcap_repeat_instrument>ip_accountability_log</redcap_repeat_instrument>
    <redcap_repeat_instance>1</redcap_repeat_instance>
    <ip_date_q1>2023-07-10</ip_date_q1>
    <ip_issued>84</ip_issued>
    <ip_accountability_log_complete>2</ip_accountability_log_complete>
  </row>
  <row>
    <cons_recordid_q1>IDeA30186B</cons_recordid_q1>
    <redcap_event_name>v1_arm_1</redcap_event_name>
    <redcap_repeat_instrument>ip_accountability_log</redcap_repeat_instrument>
    <redcap_repeat_instance>1</redcap_repeat_instance>
    <ip_date_q1>2023-05-17</ip_date_q1>
    <ip_issued>84</ip_issued>
    <ip_accountability_log_complete>2</ip_accountability_log_complete>
  </row>
  <row>
    <cons_recordid_q1>IDeA30188F</cons_recordid_q1>
    <redcap_event_name>v1_arm_1</redcap_event_name>
    <redcap_repeat_instrument>ip_accountability_log</redcap_repeat_instrument>
    <redcap_repeat_instance>1</redcap_repeat_instance>
    <ip_date_q1>2023-07-04</ip_date_q1>
    <ip_issued>84</ip_issued>
    <ip_accountability_log_complete>2</ip_accountability_log_complete>
  </row>
  <row>
    <cons_recordid_q1>IDeA30189K</cons_recordid_q1>
    <redcap_event_name>v1_arm_1</redcap_event_name>
    <redcap_repeat_instrument>ip_accountability_log</redcap_repeat_instrument>
    <redcap_repeat_instance>1</redcap_repeat_instance>
    <ip_date_q1>2023-06-20</ip_date_q1>
    <ip_issued>84</ip_issued>
    <ip_accountability_log_complete>2</ip_accountability_log_complete>
  </row>
  <row>
    <cons_recordid_q1>IDeA30191J</cons_recordid_q1>
    <redcap_event_name>v1_arm_1</redcap_event_name>
    <redcap_repeat_instrument>ip_accountability_log</redcap_repeat_instrument>
    <redcap_repeat_instance>1</redcap_repeat_instance>
    <ip_date_q1>2023-07-18</ip_date_q1>
    <ip_issued>84</ip_issued>
    <ip_accountability_log_complete>2</ip_accountability_log_complete>
  </row>
  <row>
    <cons_recordid_q1>IDeA30192G</cons_recordid_q1>
    <redcap_event_name>v1_arm_1</redcap_event_name>
    <redcap_repeat_instrument>ip_accountability_log</redcap_repeat_instrument>
    <redcap_repeat_instance>1</redcap_repeat_instance>
    <ip_date_q1>2023-09-06</ip_date_q1>
    <ip_issued>84</ip_issued>
    <ip_accountability_log_complete>2</ip_accountability_log_complete>
  </row>
  <row>
    <cons_recordid_q1>IDeA30193K</cons_recordid_q1>
    <redcap_event_name>v1_arm_1</redcap_event_name>
    <redcap_repeat_instrument>ip_accountability_log</redcap_repeat_instrument>
    <redcap_repeat_instance>1</redcap_repeat_instance>
    <ip_date_q1>2023-05-22</ip_date_q1>
    <ip_issued>84</ip_issued>
    <ip_accountability_log_complete>2</ip_accountability_log_complete>
  </row>
  <row>
    <cons_recordid_q1>IDeA30194H</cons_recordid_q1>
    <redcap_event_name>v1_arm_1</redcap_event_name>
    <redcap_repeat_instrument>ip_accountability_log</redcap_repeat_instrument>
    <redcap_repeat_instance>1</redcap_repeat_instance>
    <ip_date_q1>2023-07-17</ip_date_q1>
    <ip_issued>84</ip_issued>
    <ip_accountability_log_complete>2</ip_accountability_log_complete>
  </row>
  <row>
    <cons_recordid_q1>IDeA30196A</cons_recordid_q1>
    <redcap_event_name>v1_arm_1</redcap_event_name>
    <redcap_repeat_instrument>ip_accountability_log</redcap_repeat_instrument>
    <redcap_repeat_instance>1</redcap_repeat_instance>
    <ip_date_q1>2023-05-11</ip_date_q1>
    <ip_issued>84</ip_issued>
    <ip_accountability_log_complete>2</ip_accountability_log_complete>
  </row>
  <row>
    <cons_recordid_q1>IDeA30201K</cons_recordid_q1>
    <redcap_event_name>v1_arm_1</redcap_event_name>
    <redcap_repeat_instrument>ip_accountability_log</redcap_repeat_instrument>
    <redcap_repeat_instance>1</redcap_repeat_instance>
    <ip_date_q1>2023-06-12</ip_date_q1>
    <ip_issued>84</ip_issued>
    <ip_accountability_log_complete>2</ip_accountability_log_complete>
  </row>
  <row>
    <cons_recordid_q1>IDeA30210A</cons_recordid_q1>
    <redcap_event_name>v1_arm_1</redcap_event_name>
    <redcap_repeat_instrument>ip_accountability_log</redcap_repeat_instrument>
    <redcap_repeat_instance>1</redcap_repeat_instance>
    <ip_date_q1>2023-05-29</ip_date_q1>
    <ip_issued>84</ip_issued>
    <ip_accountability_log_complete>2</ip_accountability_log_complete>
  </row>
  <row>
    <cons_recordid_q1>IDeA30212B</cons_recordid_q1>
    <redcap_event_name>v1_arm_1</redcap_event_name>
    <redcap_repeat_instrument>ip_accountability_log</redcap_repeat_instrument>
    <redcap_repeat_instance>1</redcap_repeat_instance>
    <ip_date_q1>2023-05-30</ip_date_q1>
    <ip_issued>84</ip_issued>
    <ip_accountability_log_complete>2</ip_accountability_log_complete>
  </row>
  <row>
    <cons_recordid_q1>IDeA30213H</cons_recordid_q1>
    <redcap_event_name>v1_arm_1</redcap_event_name>
    <redcap_repeat_instrument>ip_accountability_log</redcap_repeat_instrument>
    <redcap_repeat_instance>1</redcap_repeat_instance>
    <ip_date_q1>2023-07-10</ip_date_q1>
    <ip_issued>84</ip_issued>
    <ip_accountability_log_complete>2</ip_accountability_log_complete>
  </row>
  <row>
    <cons_recordid_q1>IDeA30221F</cons_recordid_q1>
    <redcap_event_name>v1_arm_1</redcap_event_name>
    <redcap_repeat_instrument>ip_accountability_log</redcap_repeat_instrument>
    <redcap_repeat_instance>1</redcap_repeat_instance>
    <ip_date_q1>2023-05-30</ip_date_q1>
    <ip_issued>84</ip_issued>
    <ip_accountability_log_complete>2</ip_accountability_log_complete>
  </row>
  <row>
    <cons_recordid_q1>IDeA30223B</cons_recordid_q1>
    <redcap_event_name>v1_arm_1</redcap_event_name>
    <redcap_repeat_instrument>ip_accountability_log</redcap_repeat_instrument>
    <redcap_repeat_instance>1</redcap_repeat_instance>
    <ip_date_q1>2023-05-16</ip_date_q1>
    <ip_issued>84</ip_issued>
    <ip_accountability_log_complete>2</ip_accountability_log_complete>
  </row>
  <row>
    <cons_recordid_q1>IDeA30224E</cons_recordid_q1>
    <redcap_event_name>v1_arm_1</redcap_event_name>
    <redcap_repeat_instrument>ip_accountability_log</redcap_repeat_instrument>
    <redcap_repeat_instance>1</redcap_repeat_instance>
    <ip_date_q1>2023-05-30</ip_date_q1>
    <ip_issued>84</ip_issued>
    <ip_accountability_log_complete>2</ip_accountability_log_complete>
  </row>
  <row>
    <cons_recordid_q1>IDeA30228K</cons_recordid_q1>
    <redcap_event_name>v1_arm_1</redcap_event_name>
    <redcap_repeat_instrument>ip_accountability_log</redcap_repeat_instrument>
    <redcap_repeat_instance>1</redcap_repeat_instance>
    <ip_date_q1>2023-07-04</ip_date_q1>
    <ip_issued>84</ip_issued>
    <ip_accountability_log_complete>2</ip_accountability_log_complete>
  </row>
  <row>
    <cons_recordid_q1>IDeA30232A</cons_recordid_q1>
    <redcap_event_name>v1_arm_1</redcap_event_name>
    <redcap_repeat_instrument>ip_accountability_log</redcap_repeat_instrument>
    <redcap_repeat_instance>1</redcap_repeat_instance>
    <ip_date_q1>2023-07-04</ip_date_q1>
    <ip_issued>84</ip_issued>
    <ip_accountability_log_complete>2</ip_accountability_log_complete>
  </row>
  <row>
    <cons_recordid_q1>IDeA30235H</cons_recordid_q1>
    <redcap_event_name>v1_arm_1</redcap_event_name>
    <redcap_repeat_instrument>ip_accountability_log</redcap_repeat_instrument>
    <redcap_repeat_instance>1</redcap_repeat_instance>
    <ip_date_q1>2023-07-10</ip_date_q1>
    <ip_issued>84</ip_issued>
    <ip_accountability_log_complete>2</ip_accountability_log_complete>
  </row>
  <row>
    <cons_recordid_q1>IDeA30236B</cons_recordid_q1>
    <redcap_event_name>v1_arm_1</redcap_event_name>
    <redcap_repeat_instrument>ip_accountability_log</redcap_repeat_instrument>
    <redcap_repeat_instance>1</redcap_repeat_instance>
    <ip_date_q1>2023-05-29</ip_date_q1>
    <ip_issued>84</ip_issued>
    <ip_accountability_log_complete>2</ip_accountability_log_complete>
  </row>
  <row>
    <cons_recordid_q1>IDeA30237D</cons_recordid_q1>
    <redcap_event_name>v1_arm_1</redcap_event_name>
    <redcap_repeat_instrument>ip_accountability_log</redcap_repeat_instrument>
    <redcap_repeat_instance>1</redcap_repeat_instance>
    <ip_date_q1>2023-05-22</ip_date_q1>
    <ip_issued>84</ip_issued>
    <ip_accountability_log_complete>2</ip_accountability_log_complete>
  </row>
  <row>
    <cons_recordid_q1>IDeA30238F</cons_recordid_q1>
    <redcap_event_name>v1_arm_1</redcap_event_name>
    <redcap_repeat_instrument>ip_accountability_log</redcap_repeat_instrument>
    <redcap_repeat_instance>1</redcap_repeat_instance>
    <ip_date_q1>2023-05-22</ip_date_q1>
    <ip_issued>84</ip_issued>
    <ip_accountability_log_complete>2</ip_accountability_log_complete>
  </row>
  <row>
    <cons_recordid_q1>IDeA30239K</cons_recordid_q1>
    <redcap_event_name>v1_arm_1</redcap_event_name>
    <redcap_repeat_instrument>ip_accountability_log</redcap_repeat_instrument>
    <redcap_repeat_instance>1</redcap_repeat_instance>
    <ip_date_q1>2023-06-05</ip_date_q1>
    <ip_issued>84</ip_issued>
    <ip_accountability_log_complete>2</ip_accountability_log_complete>
  </row>
  <row>
    <cons_recordid_q1>IDeA30240H</cons_recordid_q1>
    <redcap_event_name>v1_arm_1</redcap_event_name>
    <redcap_repeat_instrument>ip_accountability_log</redcap_repeat_instrument>
    <redcap_repeat_instance>1</redcap_repeat_instance>
    <ip_date_q1>2023-05-22</ip_date_q1>
    <ip_issued>84</ip_issued>
    <ip_accountability_log_complete>2</ip_accountability_log_complete>
  </row>
  <row>
    <cons_recordid_q1>IDeA30243C</cons_recordid_q1>
    <redcap_event_name>v1_arm_1</redcap_event_name>
    <redcap_repeat_instrument>ip_accountability_log</redcap_repeat_instrument>
    <redcap_repeat_instance>1</redcap_repeat_instance>
    <ip_date_q1>2023-05-29</ip_date_q1>
    <ip_issued>84</ip_issued>
    <ip_accountability_log_complete>2</ip_accountability_log_complete>
  </row>
  <row>
    <cons_recordid_q1>IDeA30255A</cons_recordid_q1>
    <redcap_event_name>v1_arm_1</redcap_event_name>
    <redcap_repeat_instrument>ip_accountability_log</redcap_repeat_instrument>
    <redcap_repeat_instance>1</redcap_repeat_instance>
    <ip_date_q1>2023-05-17</ip_date_q1>
    <ip_issued>84</ip_issued>
    <ip_accountability_log_complete>2</ip_accountability_log_complete>
  </row>
  <row>
    <cons_recordid_q1>IDeA30257F</cons_recordid_q1>
    <redcap_event_name>v1_arm_1</redcap_event_name>
    <redcap_repeat_instrument>ip_accountability_log</redcap_repeat_instrument>
    <redcap_repeat_instance>1</redcap_repeat_instance>
    <ip_date_q1>2023-06-20</ip_date_q1>
    <ip_issued>84</ip_issued>
    <ip_accountability_log_complete>2</ip_accountability_log_complete>
  </row>
  <row>
    <cons_recordid_q1>IDeA30260G</cons_recordid_q1>
    <redcap_event_name>v1_arm_1</redcap_event_name>
    <redcap_repeat_instrument>ip_accountability_log</redcap_repeat_instrument>
    <redcap_repeat_instance>1</redcap_repeat_instance>
    <ip_date_q1>2023-05-23</ip_date_q1>
    <ip_issued>84</ip_issued>
    <ip_accountability_log_complete>2</ip_accountability_log_complete>
  </row>
  <row>
    <cons_recordid_q1>IDeA30265E</cons_recordid_q1>
    <redcap_event_name>v1_arm_1</redcap_event_name>
    <redcap_repeat_instrument>ip_accountability_log</redcap_repeat_instrument>
    <redcap_repeat_instance>1</redcap_repeat_instance>
    <ip_date_q1>2023-05-17</ip_date_q1>
    <ip_issued>84</ip_issued>
    <ip_accountability_log_complete>2</ip_accountability_log_complete>
  </row>
  <row>
    <cons_recordid_q1>IDeA30273J</cons_recordid_q1>
    <redcap_event_name>v1_arm_1</redcap_event_name>
    <redcap_repeat_instrument>ip_accountability_log</redcap_repeat_instrument>
    <redcap_repeat_instance>1</redcap_repeat_instance>
    <ip_date_q1>2023-08-08</ip_date_q1>
    <ip_issued>84</ip_issued>
    <ip_accountability_log_complete>2</ip_accountability_log_complete>
  </row>
  <row>
    <cons_recordid_q1>IDeA30277C</cons_recordid_q1>
    <redcap_event_name>v1_arm_1</redcap_event_name>
    <redcap_repeat_instrument>ip_accountability_log</redcap_repeat_instrument>
    <redcap_repeat_instance>1</redcap_repeat_instance>
    <ip_date_q1>2023-05-17</ip_date_q1>
    <ip_issued>84</ip_issued>
    <ip_accountability_log_complete>2</ip_accountability_log_complete>
  </row>
  <row>
    <cons_recordid_q1>IDeA30278A</cons_recordid_q1>
    <redcap_event_name>v1_arm_1</redcap_event_name>
    <redcap_repeat_instrument>ip_accountability_log</redcap_repeat_instrument>
    <redcap_repeat_instance>1</redcap_repeat_instance>
    <ip_date_q1>2023-07-25</ip_date_q1>
    <ip_issued>84</ip_issued>
    <ip_accountability_log_complete>2</ip_accountability_log_complete>
  </row>
  <row>
    <cons_recordid_q1>IDeA30280F</cons_recordid_q1>
    <redcap_event_name>v1_arm_1</redcap_event_name>
    <redcap_repeat_instrument>ip_accountability_log</redcap_repeat_instrument>
    <redcap_repeat_instance>1</redcap_repeat_instance>
    <ip_date_q1>2023-05-30</ip_date_q1>
    <ip_issued>84</ip_issued>
    <ip_accountability_log_complete>2</ip_accountability_log_complete>
  </row>
  <row>
    <cons_recordid_q1>IDeA30290B</cons_recordid_q1>
    <redcap_event_name>v1_arm_1</redcap_event_name>
    <redcap_repeat_instrument>ip_accountability_log</redcap_repeat_instrument>
    <redcap_repeat_instance>1</redcap_repeat_instance>
    <ip_date_q1>2023-05-30</ip_date_q1>
    <ip_issued>84</ip_issued>
    <ip_accountability_log_complete>2</ip_accountability_log_complete>
  </row>
  <row>
    <cons_recordid_q1>IDeA30294K</cons_recordid_q1>
    <redcap_event_name>v1_arm_1</redcap_event_name>
    <redcap_repeat_instrument>ip_accountability_log</redcap_repeat_instrument>
    <redcap_repeat_instance>1</redcap_repeat_instance>
    <ip_date_q1>2023-07-25</ip_date_q1>
    <ip_issued>84</ip_issued>
    <ip_accountability_log_complete>2</ip_accountability_log_complete>
  </row>
  <row>
    <cons_recordid_q1>IDeA30298C</cons_recordid_q1>
    <redcap_event_name>v1_arm_1</redcap_event_name>
    <redcap_repeat_instrument>ip_accountability_log</redcap_repeat_instrument>
    <redcap_repeat_instance>1</redcap_repeat_instance>
    <ip_date_q1>2023-05-17</ip_date_q1>
    <ip_issued>84</ip_issued>
    <ip_accountability_log_complete>2</ip_accountability_log_complete>
  </row>
  <row>
    <cons_recordid_q1>IDeA30299G</cons_recordid_q1>
    <redcap_event_name>v1_arm_1</redcap_event_name>
    <redcap_repeat_instrument>ip_accountability_log</redcap_repeat_instrument>
    <redcap_repeat_instance>1</redcap_repeat_instance>
    <ip_date_q1>2023-07-04</ip_date_q1>
    <ip_issued>84</ip_issued>
    <ip_accountability_log_complete>2</ip_accountability_log_complete>
  </row>
  <row>
    <cons_recordid_q1>IDeA30300K</cons_recordid_q1>
    <redcap_event_name>v1_arm_1</redcap_event_name>
    <redcap_repeat_instrument>ip_accountability_log</redcap_repeat_instrument>
    <redcap_repeat_instance>1</redcap_repeat_instance>
    <ip_date_q1>2023-06-20</ip_date_q1>
    <ip_issued>84</ip_issued>
    <ip_accountability_log_complete>2</ip_accountability_log_complete>
  </row>
  <row>
    <cons_recordid_q1>IDeA30301E</cons_recordid_q1>
    <redcap_event_name>v1_arm_1</redcap_event_name>
    <redcap_repeat_instrument>ip_accountability_log</redcap_repeat_instrument>
    <redcap_repeat_instance>1</redcap_repeat_instance>
    <ip_date_q1>2023-05-17</ip_date_q1>
    <ip_issued>84</ip_issued>
    <ip_accountability_log_complete>2</ip_accountability_log_complete>
  </row>
  <row>
    <cons_recordid_q1>IDeA30316G</cons_recordid_q1>
    <redcap_event_name>v1_arm_1</redcap_event_name>
    <redcap_repeat_instrument>ip_accountability_log</redcap_repeat_instrument>
    <redcap_repeat_instance>1</redcap_repeat_instance>
    <ip_date_q1>2023-08-08</ip_date_q1>
    <ip_issued>84</ip_issued>
    <ip_accountability_log_complete>2</ip_accountability_log_complete>
  </row>
  <row>
    <cons_recordid_q1>IDeA30317H</cons_recordid_q1>
    <redcap_event_name>v1_arm_1</redcap_event_name>
    <redcap_repeat_instrument>ip_accountability_log</redcap_repeat_instrument>
    <redcap_repeat_instance>1</redcap_repeat_instance>
    <ip_date_q1>2023-07-04</ip_date_q1>
    <ip_issued>84</ip_issued>
    <ip_accountability_log_complete>2</ip_accountability_log_complete>
  </row>
  <row>
    <cons_recordid_q1>IDeA30318K</cons_recordid_q1>
    <redcap_event_name>v1_arm_1</redcap_event_name>
    <redcap_repeat_instrument>ip_accountability_log</redcap_repeat_instrument>
    <redcap_repeat_instance>1</redcap_repeat_instance>
    <ip_date_q1>2023-05-15</ip_date_q1>
    <ip_issued>84</ip_issued>
    <ip_accountability_log_complete>2</ip_accountability_log_complete>
  </row>
  <row>
    <cons_recordid_q1>IDeA30327K</cons_recordid_q1>
    <redcap_event_name>v1_arm_1</redcap_event_name>
    <redcap_repeat_instrument>ip_accountability_log</redcap_repeat_instrument>
    <redcap_repeat_instance>1</redcap_repeat_instance>
    <ip_date_q1>2023-10-05</ip_date_q1>
    <ip_issued>84</ip_issued>
    <ip_accountability_log_complete>2</ip_accountability_log_complete>
  </row>
  <row>
    <cons_recordid_q1>IDeA30328H</cons_recordid_q1>
    <redcap_event_name>v1_arm_1</redcap_event_name>
    <redcap_repeat_instrument>ip_accountability_log</redcap_repeat_instrument>
    <redcap_repeat_instance>1</redcap_repeat_instance>
    <ip_date_q1>2023-06-20</ip_date_q1>
    <ip_issued>84</ip_issued>
    <ip_accountability_log_complete>2</ip_accountability_log_complete>
  </row>
  <row>
    <cons_recordid_q1>IDeA30330D</cons_recordid_q1>
    <redcap_event_name>v1_arm_1</redcap_event_name>
    <redcap_repeat_instrument>ip_accountability_log</redcap_repeat_instrument>
    <redcap_repeat_instance>1</redcap_repeat_instance>
    <ip_date_q1>2023-05-11</ip_date_q1>
    <ip_issued>84</ip_issued>
    <ip_accountability_log_complete>2</ip_accountability_log_complete>
  </row>
  <row>
    <cons_recordid_q1>IDeA30334C</cons_recordid_q1>
    <redcap_event_name>v1_arm_1</redcap_event_name>
    <redcap_repeat_instrument>ip_accountability_log</redcap_repeat_instrument>
    <redcap_repeat_instance>1</redcap_repeat_instance>
    <ip_date_q1>2023-05-16</ip_date_q1>
    <ip_issued>84</ip_issued>
    <ip_accountability_log_complete>2</ip_accountability_log_complete>
  </row>
  <row>
    <cons_recordid_q1>IDeA30342F</cons_recordid_q1>
    <redcap_event_name>v1_arm_1</redcap_event_name>
    <redcap_repeat_instrument>ip_accountability_log</redcap_repeat_instrument>
    <redcap_repeat_instance>1</redcap_repeat_instance>
    <ip_date_q1>2023-05-22</ip_date_q1>
    <ip_issued>84</ip_issued>
    <ip_accountability_log_complete>2</ip_accountability_log_complete>
  </row>
  <row>
    <cons_recordid_q1>IDeA30343A</cons_recordid_q1>
    <redcap_event_name>v1_arm_1</redcap_event_name>
    <redcap_repeat_instrument>ip_accountability_log</redcap_repeat_instrument>
    <redcap_repeat_instance>1</redcap_repeat_instance>
    <ip_date_q1>2023-07-10</ip_date_q1>
    <ip_issued>84</ip_issued>
    <ip_accountability_log_complete>2</ip_accountability_log_complete>
  </row>
  <row>
    <cons_recordid_q1>IDeA30347E</cons_recordid_q1>
    <redcap_event_name>v1_arm_1</redcap_event_name>
    <redcap_repeat_instrument>ip_accountability_log</redcap_repeat_instrument>
    <redcap_repeat_instance>1</redcap_repeat_instance>
    <ip_date_q1>2023-09-27</ip_date_q1>
    <ip_issued>84</ip_issued>
    <ip_accountability_log_complete>2</ip_accountability_log_complete>
  </row>
  <row>
    <cons_recordid_q1>IDeA30351J</cons_recordid_q1>
    <redcap_event_name>v1_arm_1</redcap_event_name>
    <redcap_repeat_instrument>ip_accountability_log</redcap_repeat_instrument>
    <redcap_repeat_instance>1</redcap_repeat_instance>
    <ip_date_q1>2023-06-12</ip_date_q1>
    <ip_issued>84</ip_issued>
    <ip_accountability_log_complete>2</ip_accountability_log_complete>
  </row>
  <row>
    <cons_recordid_q1>IDeA30352G</cons_recordid_q1>
    <redcap_event_name>v1_arm_1</redcap_event_name>
    <redcap_repeat_instrument>ip_accountability_log</redcap_repeat_instrument>
    <redcap_repeat_instance>1</redcap_repeat_instance>
    <ip_date_q1>2023-07-17</ip_date_q1>
    <ip_issued>84</ip_issued>
    <ip_accountability_log_complete>2</ip_accountability_log_complete>
  </row>
  <row>
    <cons_recordid_q1>IDeA30353K</cons_recordid_q1>
    <redcap_event_name>v1_arm_1</redcap_event_name>
    <redcap_repeat_instrument>ip_accountability_log</redcap_repeat_instrument>
    <redcap_repeat_instance>1</redcap_repeat_instance>
    <ip_date_q1>2023-08-16</ip_date_q1>
    <ip_issued>84</ip_issued>
    <ip_accountability_log_complete>2</ip_accountability_log_complete>
  </row>
  <row>
    <cons_recordid_q1>IDeA30359E</cons_recordid_q1>
    <redcap_event_name>v1_arm_1</redcap_event_name>
    <redcap_repeat_instrument>ip_accountability_log</redcap_repeat_instrument>
    <redcap_repeat_instance>1</redcap_repeat_instance>
    <ip_date_q1>2023-05-15</ip_date_q1>
    <ip_issued>84</ip_issued>
    <ip_accountability_log_complete>2</ip_accountability_log_complete>
  </row>
  <row>
    <cons_recordid_q1>IDeA30361C</cons_recordid_q1>
    <redcap_event_name>v1_arm_1</redcap_event_name>
    <redcap_repeat_instrument>ip_accountability_log</redcap_repeat_instrument>
    <redcap_repeat_instance>1</redcap_repeat_instance>
    <ip_date_q1>2023-09-20</ip_date_q1>
    <ip_issued>84</ip_issued>
    <ip_accountability_log_complete>2</ip_accountability_log_complete>
  </row>
  <row>
    <cons_recordid_q1>IDeA30362A</cons_recordid_q1>
    <redcap_event_name>v1_arm_1</redcap_event_name>
    <redcap_repeat_instrument>ip_accountability_log</redcap_repeat_instrument>
    <redcap_repeat_instance>1</redcap_repeat_instance>
    <ip_date_q1>2023-07-25</ip_date_q1>
    <ip_issued>84</ip_issued>
    <ip_accountability_log_complete>2</ip_accountability_log_complete>
  </row>
  <row>
    <cons_recordid_q1>IDeA30363G</cons_recordid_q1>
    <redcap_event_name>v1_arm_1</redcap_event_name>
    <redcap_repeat_instrument>ip_accountability_log</redcap_repeat_instrument>
    <redcap_repeat_instance>1</redcap_repeat_instance>
    <ip_date_q1>2023-08-30</ip_date_q1>
    <ip_issued>84</ip_issued>
    <ip_accountability_log_complete>2</ip_accountability_log_complete>
  </row>
  <row>
    <cons_recordid_q1>IDeA30364J</cons_recordid_q1>
    <redcap_event_name>v1_arm_1</redcap_event_name>
    <redcap_repeat_instrument>ip_accountability_log</redcap_repeat_instrument>
    <redcap_repeat_instance>1</redcap_repeat_instance>
    <ip_date_q1>2023-08-16</ip_date_q1>
    <ip_issued>84</ip_issued>
    <ip_accountability_log_complete>2</ip_accountability_log_complete>
  </row>
  <row>
    <cons_recordid_q1>IDeA30365H</cons_recordid_q1>
    <redcap_event_name>v1_arm_1</redcap_event_name>
    <redcap_repeat_instrument>ip_accountability_log</redcap_repeat_instrument>
    <redcap_repeat_instance>1</redcap_repeat_instance>
    <ip_date_q1>2023-09-20</ip_date_q1>
    <ip_issued>84</ip_issued>
    <ip_accountability_log_complete>2</ip_accountability_log_complete>
  </row>
  <row>
    <cons_recordid_q1>IDeA30370A</cons_recordid_q1>
    <redcap_event_name>v1_arm_1</redcap_event_name>
    <redcap_repeat_instrument>ip_accountability_log</redcap_repeat_instrument>
    <redcap_repeat_instance>1</redcap_repeat_instance>
    <ip_date_q1>2023-06-12</ip_date_q1>
    <ip_issued>84</ip_issued>
    <ip_accountability_log_complete>2</ip_accountability_log_complete>
  </row>
  <row>
    <cons_recordid_q1>IDeA30374F</cons_recordid_q1>
    <redcap_event_name>v1_arm_1</redcap_event_name>
    <redcap_repeat_instrument>ip_accountability_log</redcap_repeat_instrument>
    <redcap_repeat_instance>1</redcap_repeat_instance>
    <ip_date_q1>2023-06-05</ip_date_q1>
    <ip_issued>84</ip_issued>
    <ip_accountability_log_complete>2</ip_accountability_log_complete>
  </row>
  <row>
    <cons_recordid_q1>IDeA30376J</cons_recordid_q1>
    <redcap_event_name>v1_arm_1</redcap_event_name>
    <redcap_repeat_instrument>ip_accountability_log</redcap_repeat_instrument>
    <redcap_repeat_instance>1</redcap_repeat_instance>
    <ip_date_q1>2023-07-10</ip_date_q1>
    <ip_issued>84</ip_issued>
    <ip_accountability_log_complete>2</ip_accountability_log_complete>
  </row>
  <row>
    <cons_recordid_q1>IDeA30380H</cons_recordid_q1>
    <redcap_event_name>v1_arm_1</redcap_event_name>
    <redcap_repeat_instrument>ip_accountability_log</redcap_repeat_instrument>
    <redcap_repeat_instance>1</redcap_repeat_instance>
    <ip_date_q1>2023-07-04</ip_date_q1>
    <ip_issued>84</ip_issued>
    <ip_accountability_log_complete>2</ip_accountability_log_complete>
  </row>
  <row>
    <cons_recordid_q1>IDeA30381A</cons_recordid_q1>
    <redcap_event_name>v1_arm_1</redcap_event_name>
    <redcap_repeat_instrument>ip_accountability_log</redcap_repeat_instrument>
    <redcap_repeat_instance>1</redcap_repeat_instance>
    <ip_date_q1>2023-08-30</ip_date_q1>
    <ip_issued>84</ip_issued>
    <ip_accountability_log_complete>2</ip_accountability_log_complete>
  </row>
  <row>
    <cons_recordid_q1>IDeA30386E</cons_recordid_q1>
    <redcap_event_name>v1_arm_1</redcap_event_name>
    <redcap_repeat_instrument>ip_accountability_log</redcap_repeat_instrument>
    <redcap_repeat_instance>1</redcap_repeat_instance>
    <ip_date_q1>2023-06-20</ip_date_q1>
    <ip_issued>84</ip_issued>
    <ip_accountability_log_complete>2</ip_accountability_log_complete>
  </row>
  <row>
    <cons_recordid_q1>IDeA30388G</cons_recordid_q1>
    <redcap_event_name>v1_arm_1</redcap_event_name>
    <redcap_repeat_instrument>ip_accountability_log</redcap_repeat_instrument>
    <redcap_repeat_instance>1</redcap_repeat_instance>
    <ip_date_q1>2023-07-25</ip_date_q1>
    <ip_issued>84</ip_issued>
    <ip_accountability_log_complete>2</ip_accountability_log_complete>
  </row>
  <row>
    <cons_recordid_q1>IDeA30390J</cons_recordid_q1>
    <redcap_event_name>v1_arm_1</redcap_event_name>
    <redcap_repeat_instrument>ip_accountability_log</redcap_repeat_instrument>
    <redcap_repeat_instance>1</redcap_repeat_instance>
    <ip_date_q1>2023-08-30</ip_date_q1>
    <ip_issued>84</ip_issued>
    <ip_accountability_log_complete>2</ip_accountability_log_complete>
  </row>
  <row>
    <cons_recordid_q1>IDeA30393F</cons_recordid_q1>
    <redcap_event_name>v1_arm_1</redcap_event_name>
    <redcap_repeat_instrument>ip_accountability_log</redcap_repeat_instrument>
    <redcap_repeat_instance>1</redcap_repeat_instance>
    <ip_date_q1>2023-06-12</ip_date_q1>
    <ip_issued>84</ip_issued>
    <ip_accountability_log_complete>2</ip_accountability_log_complete>
  </row>
  <row>
    <cons_recordid_q1>IDeA30397A</cons_recordid_q1>
    <redcap_event_name>v1_arm_1</redcap_event_name>
    <redcap_repeat_instrument>ip_accountability_log</redcap_repeat_instrument>
    <redcap_repeat_instance>1</redcap_repeat_instance>
    <ip_date_q1>2023-09-06</ip_date_q1>
    <ip_issued>84</ip_issued>
    <ip_accountability_log_complete>2</ip_accountability_log_complete>
  </row>
  <row>
    <cons_recordid_q1>IDeA30401H</cons_recordid_q1>
    <redcap_event_name>v1_arm_1</redcap_event_name>
    <redcap_repeat_instrument>ip_accountability_log</redcap_repeat_instrument>
    <redcap_repeat_instance>1</redcap_repeat_instance>
    <ip_date_q1>2023-07-04</ip_date_q1>
    <ip_issued>84</ip_issued>
    <ip_accountability_log_complete>2</ip_accountability_log_complete>
  </row>
  <row>
    <cons_recordid_q1>IDeA30402F</cons_recordid_q1>
    <redcap_event_name>v1_arm_1</redcap_event_name>
    <redcap_repeat_instrument>ip_accountability_log</redcap_repeat_instrument>
    <redcap_repeat_instance>1</redcap_repeat_instance>
    <ip_date_q1>2023-07-04</ip_date_q1>
    <ip_issued>84</ip_issued>
    <ip_accountability_log_complete>2</ip_accountability_log_complete>
  </row>
  <row>
    <cons_recordid_q1>IDeA30404K</cons_recordid_q1>
    <redcap_event_name>v1_arm_1</redcap_event_name>
    <redcap_repeat_instrument>ip_accountability_log</redcap_repeat_instrument>
    <redcap_repeat_instance>1</redcap_repeat_instance>
    <ip_date_q1>2023-08-08</ip_date_q1>
    <ip_issued>84</ip_issued>
    <ip_accountability_log_complete>2</ip_accountability_log_complete>
  </row>
  <row>
    <cons_recordid_q1>IDeA30406D</cons_recordid_q1>
    <redcap_event_name>v1_arm_1</redcap_event_name>
    <redcap_repeat_instrument>ip_accountability_log</redcap_repeat_instrument>
    <redcap_repeat_instance>1</redcap_repeat_instance>
    <ip_date_q1>2023-07-04</ip_date_q1>
    <ip_issued>84</ip_issued>
    <ip_accountability_log_complete>2</ip_accountability_log_complete>
  </row>
  <row>
    <cons_recordid_q1>IDeA30414H</cons_recordid_q1>
    <redcap_event_name>v1_arm_1</redcap_event_name>
    <redcap_repeat_instrument>ip_accountability_log</redcap_repeat_instrument>
    <redcap_repeat_instance>1</redcap_repeat_instance>
    <ip_date_q1>2023-09-20</ip_date_q1>
    <ip_issued>84</ip_issued>
    <ip_accountability_log_complete>2</ip_accountability_log_complete>
  </row>
  <row>
    <cons_recordid_q1>IDeA30416A</cons_recordid_q1>
    <redcap_event_name>v1_arm_1</redcap_event_name>
    <redcap_repeat_instrument>ip_accountability_log</redcap_repeat_instrument>
    <redcap_repeat_instance>1</redcap_repeat_instance>
    <ip_date_q1>2023-08-01</ip_date_q1>
    <ip_issued>84</ip_issued>
    <ip_accountability_log_complete>2</ip_accountability_log_complete>
  </row>
  <row>
    <cons_recordid_q1>IDeA30417B</cons_recordid_q1>
    <redcap_event_name>v1_arm_1</redcap_event_name>
    <redcap_repeat_instrument>ip_accountability_log</redcap_repeat_instrument>
    <redcap_repeat_instance>1</redcap_repeat_instance>
    <ip_date_q1>2023-08-01</ip_date_q1>
    <ip_issued>84</ip_issued>
    <ip_accountability_log_complete>2</ip_accountability_log_complete>
  </row>
  <row>
    <cons_recordid_q1>IDeA30418D</cons_recordid_q1>
    <redcap_event_name>v1_arm_1</redcap_event_name>
    <redcap_repeat_instrument>ip_accountability_log</redcap_repeat_instrument>
    <redcap_repeat_instance>1</redcap_repeat_instance>
    <ip_date_q1>2023-08-01</ip_date_q1>
    <ip_issued>84</ip_issued>
    <ip_accountability_log_complete>2</ip_accountability_log_complete>
  </row>
  <row>
    <cons_recordid_q1>IDeA30419E</cons_recordid_q1>
    <redcap_event_name>v1_arm_1</redcap_event_name>
    <redcap_repeat_instrument>ip_accountability_log</redcap_repeat_instrument>
    <redcap_repeat_instance>1</redcap_repeat_instance>
    <ip_date_q1>2023-08-23</ip_date_q1>
    <ip_issued>84</ip_issued>
    <ip_accountability_log_complete>2</ip_accountability_log_complete>
  </row>
  <row>
    <cons_recordid_q1>IDeA30420J</cons_recordid_q1>
    <redcap_event_name>v1_arm_1</redcap_event_name>
    <redcap_repeat_instrument>ip_accountability_log</redcap_repeat_instrument>
    <redcap_repeat_instance>1</redcap_repeat_instance>
    <ip_date_q1>2023-08-23</ip_date_q1>
    <ip_issued>84</ip_issued>
    <ip_accountability_log_complete>2</ip_accountability_log_complete>
  </row>
  <row>
    <cons_recordid_q1>IDeA30423F</cons_recordid_q1>
    <redcap_event_name>v1_arm_1</redcap_event_name>
    <redcap_repeat_instrument>ip_accountability_log</redcap_repeat_instrument>
    <redcap_repeat_instance>1</redcap_repeat_instance>
    <ip_date_q1>2023-08-01</ip_date_q1>
    <ip_issued>84</ip_issued>
    <ip_accountability_log_complete>2</ip_accountability_log_complete>
  </row>
  <row>
    <cons_recordid_q1>IDeA30424D</cons_recordid_q1>
    <redcap_event_name>v1_arm_1</redcap_event_name>
    <redcap_repeat_instrument>ip_accountability_log</redcap_repeat_instrument>
    <redcap_repeat_instance>1</redcap_repeat_instance>
    <ip_date_q1>2023-09-06</ip_date_q1>
    <ip_issued>84</ip_issued>
    <ip_accountability_log_complete>2</ip_accountability_log_complete>
  </row>
  <row>
    <cons_recordid_q1>IDeA30426C</cons_recordid_q1>
    <redcap_event_name>v1_arm_1</redcap_event_name>
    <redcap_repeat_instrument>ip_accountability_log</redcap_repeat_instrument>
    <redcap_repeat_instance>1</redcap_repeat_instance>
    <ip_date_q1>2023-08-08</ip_date_q1>
    <ip_issued>84</ip_issued>
    <ip_accountability_log_complete>2</ip_accountability_log_complete>
  </row>
  <row>
    <cons_recordid_q1>IDeA30430G</cons_recordid_q1>
    <redcap_event_name>v1_arm_1</redcap_event_name>
    <redcap_repeat_instrument>ip_accountability_log</redcap_repeat_instrument>
    <redcap_repeat_instance>1</redcap_repeat_instance>
    <ip_date_q1>2023-07-10</ip_date_q1>
    <ip_issued>84</ip_issued>
    <ip_accountability_log_complete>2</ip_accountability_log_complete>
  </row>
  <row>
    <cons_recordid_q1>IDeA30431B</cons_recordid_q1>
    <redcap_event_name>v1_arm_1</redcap_event_name>
    <redcap_repeat_instrument>ip_accountability_log</redcap_repeat_instrument>
    <redcap_repeat_instance>1</redcap_repeat_instance>
    <ip_date_q1>2023-06-20</ip_date_q1>
    <ip_issued>84</ip_issued>
    <ip_accountability_log_complete>2</ip_accountability_log_complete>
  </row>
  <row>
    <cons_recordid_q1>IDeA30433D</cons_recordid_q1>
    <redcap_event_name>v1_arm_1</redcap_event_name>
    <redcap_repeat_instrument>ip_accountability_log</redcap_repeat_instrument>
    <redcap_repeat_instance>1</redcap_repeat_instance>
    <ip_date_q1>2023-08-23</ip_date_q1>
    <ip_issued>84</ip_issued>
    <ip_accountability_log_complete>2</ip_accountability_log_complete>
  </row>
  <row>
    <cons_recordid_q1>IDeA30436F</cons_recordid_q1>
    <redcap_event_name>v1_arm_1</redcap_event_name>
    <redcap_repeat_instrument>ip_accountability_log</redcap_repeat_instrument>
    <redcap_repeat_instance>1</redcap_repeat_instance>
    <ip_date_q1>2023-08-30</ip_date_q1>
    <ip_issued>84</ip_issued>
    <ip_accountability_log_complete>2</ip_accountability_log_complete>
  </row>
  <row>
    <cons_recordid_q1>IDeA30437K</cons_recordid_q1>
    <redcap_event_name>v1_arm_1</redcap_event_name>
    <redcap_repeat_instrument>ip_accountability_log</redcap_repeat_instrument>
    <redcap_repeat_instance>1</redcap_repeat_instance>
    <ip_date_q1>2023-07-10</ip_date_q1>
    <ip_issued>84</ip_issued>
    <ip_accountability_log_complete>2</ip_accountability_log_complete>
  </row>
  <row>
    <cons_recordid_q1>IDeA30438H</cons_recordid_q1>
    <redcap_event_name>v1_arm_1</redcap_event_name>
    <redcap_repeat_instrument>ip_accountability_log</redcap_repeat_instrument>
    <redcap_repeat_instance>1</redcap_repeat_instance>
    <ip_date_q1>2023-07-04</ip_date_q1>
    <ip_issued>84</ip_issued>
    <ip_accountability_log_complete>2</ip_accountability_log_complete>
  </row>
  <row>
    <cons_recordid_q1>IDeA30439J</cons_recordid_q1>
    <redcap_event_name>v1_arm_1</redcap_event_name>
    <redcap_repeat_instrument>ip_accountability_log</redcap_repeat_instrument>
    <redcap_repeat_instance>1</redcap_repeat_instance>
    <ip_date_q1>2023-07-04</ip_date_q1>
    <ip_issued>84</ip_issued>
    <ip_accountability_log_complete>2</ip_accountability_log_complete>
  </row>
  <row>
    <cons_recordid_q1>IDeA30440E</cons_recordid_q1>
    <redcap_event_name>v1_arm_1</redcap_event_name>
    <redcap_repeat_instrument>ip_accountability_log</redcap_repeat_instrument>
    <redcap_repeat_instance>1</redcap_repeat_instance>
    <ip_date_q1>2023-08-16</ip_date_q1>
    <ip_issued>84</ip_issued>
    <ip_accountability_log_complete>2</ip_accountability_log_complete>
  </row>
  <row>
    <cons_recordid_q1>IDeA30441C</cons_recordid_q1>
    <redcap_event_name>v1_arm_1</redcap_event_name>
    <redcap_repeat_instrument>ip_accountability_log</redcap_repeat_instrument>
    <redcap_repeat_instance>1</redcap_repeat_instance>
    <ip_date_q1>2023-08-16</ip_date_q1>
    <ip_issued>84</ip_issued>
    <ip_accountability_log_complete>2</ip_accountability_log_complete>
  </row>
  <row>
    <cons_recordid_q1>IDeA30442A</cons_recordid_q1>
    <redcap_event_name>v1_arm_1</redcap_event_name>
    <redcap_repeat_instrument>ip_accountability_log</redcap_repeat_instrument>
    <redcap_repeat_instance>1</redcap_repeat_instance>
    <ip_date_q1>2023-08-16</ip_date_q1>
    <ip_issued>84</ip_issued>
    <ip_accountability_log_complete>2</ip_accountability_log_complete>
  </row>
  <row>
    <cons_recordid_q1>IDeA30444J</cons_recordid_q1>
    <redcap_event_name>v1_arm_1</redcap_event_name>
    <redcap_repeat_instrument>ip_accountability_log</redcap_repeat_instrument>
    <redcap_repeat_instance>1</redcap_repeat_instance>
    <ip_date_q1>2023-08-01</ip_date_q1>
    <ip_issued>84</ip_issued>
    <ip_accountability_log_complete>2</ip_accountability_log_complete>
  </row>
  <row>
    <cons_recordid_q1>IDeA30445H</cons_recordid_q1>
    <redcap_event_name>v1_arm_1</redcap_event_name>
    <redcap_repeat_instrument>ip_accountability_log</redcap_repeat_instrument>
    <redcap_repeat_instance>1</redcap_repeat_instance>
    <ip_date_q1>2023-08-23</ip_date_q1>
    <ip_issued>84</ip_issued>
    <ip_accountability_log_complete>2</ip_accountability_log_complete>
  </row>
  <row>
    <cons_recordid_q1>IDeA30448F</cons_recordid_q1>
    <redcap_event_name>v1_arm_1</redcap_event_name>
    <redcap_repeat_instrument>ip_accountability_log</redcap_repeat_instrument>
    <redcap_repeat_instance>1</redcap_repeat_instance>
    <ip_date_q1>2023-09-06</ip_date_q1>
    <ip_issued>84</ip_issued>
    <ip_accountability_log_complete>2</ip_accountability_log_complete>
  </row>
  <row>
    <cons_recordid_q1>IDeA30449K</cons_recordid_q1>
    <redcap_event_name>v1_arm_1</redcap_event_name>
    <redcap_repeat_instrument>ip_accountability_log</redcap_repeat_instrument>
    <redcap_repeat_instance>1</redcap_repeat_instance>
    <ip_date_q1>2023-08-23</ip_date_q1>
    <ip_issued>84</ip_issued>
    <ip_accountability_log_complete>2</ip_accountability_log_complete>
  </row>
  <row>
    <cons_recordid_q1>IDeA30453H</cons_recordid_q1>
    <redcap_event_name>v1_arm_1</redcap_event_name>
    <redcap_repeat_instrument>ip_accountability_log</redcap_repeat_instrument>
    <redcap_repeat_instance>1</redcap_repeat_instance>
    <ip_date_q1>2023-08-23</ip_date_q1>
    <ip_issued>84</ip_issued>
    <ip_accountability_log_complete>2</ip_accountability_log_complete>
  </row>
  <row>
    <cons_recordid_q1>IDeA30454F</cons_recordid_q1>
    <redcap_event_name>v1_arm_1</redcap_event_name>
    <redcap_repeat_instrument>ip_accountability_log</redcap_repeat_instrument>
    <redcap_repeat_instance>1</redcap_repeat_instance>
    <ip_date_q1>2023-08-23</ip_date_q1>
    <ip_issued>84</ip_issued>
    <ip_accountability_log_complete>2</ip_accountability_log_complete>
  </row>
  <row>
    <cons_recordid_q1>IDeA30455K</cons_recordid_q1>
    <redcap_event_name>v1_arm_1</redcap_event_name>
    <redcap_repeat_instrument>ip_accountability_log</redcap_repeat_instrument>
    <redcap_repeat_instance>1</redcap_repeat_instance>
    <ip_date_q1>2023-07-10</ip_date_q1>
    <ip_issued>84</ip_issued>
    <ip_accountability_log_complete>2</ip_accountability_log_complete>
  </row>
  <row>
    <cons_recordid_q1>IDeA30456J</cons_recordid_q1>
    <redcap_event_name>v1_arm_1</redcap_event_name>
    <redcap_repeat_instrument>ip_accountability_log</redcap_repeat_instrument>
    <redcap_repeat_instance>1</redcap_repeat_instance>
    <ip_date_q1>2023-07-17</ip_date_q1>
    <ip_issued>84</ip_issued>
    <ip_accountability_log_complete>2</ip_accountability_log_complete>
  </row>
  <row>
    <cons_recordid_q1>IDeA30458E</cons_recordid_q1>
    <redcap_event_name>v1_arm_1</redcap_event_name>
    <redcap_repeat_instrument>ip_accountability_log</redcap_repeat_instrument>
    <redcap_repeat_instance>1</redcap_repeat_instance>
    <ip_date_q1>2023-11-03</ip_date_q1>
    <ip_issued>84</ip_issued>
    <ip_accountability_log_complete>2</ip_accountability_log_complete>
  </row>
  <row>
    <cons_recordid_q1>IDeA30461F</cons_recordid_q1>
    <redcap_event_name>v1_arm_1</redcap_event_name>
    <redcap_repeat_instrument>ip_accountability_log</redcap_repeat_instrument>
    <redcap_repeat_instance>1</redcap_repeat_instance>
    <ip_date_q1>2023-10-26</ip_date_q1>
    <ip_issued>84</ip_issued>
    <ip_accountability_log_complete>2</ip_accountability_log_complete>
  </row>
  <row>
    <cons_recordid_q1>IDeA30464E</cons_recordid_q1>
    <redcap_event_name>v1_arm_1</redcap_event_name>
    <redcap_repeat_instrument>ip_accountability_log</redcap_repeat_instrument>
    <redcap_repeat_instance>1</redcap_repeat_instance>
    <ip_date_q1>2023-07-25</ip_date_q1>
    <ip_issued>84</ip_issued>
    <ip_accountability_log_complete>2</ip_accountability_log_complete>
  </row>
  <row>
    <cons_recordid_q1>IDeA30466G</cons_recordid_q1>
    <redcap_event_name>v1_arm_1</redcap_event_name>
    <redcap_repeat_instrument>ip_accountability_log</redcap_repeat_instrument>
    <redcap_repeat_instance>1</redcap_repeat_instance>
    <ip_date_q1>2023-08-16</ip_date_q1>
    <ip_issued>84</ip_issued>
    <ip_accountability_log_complete>2</ip_accountability_log_complete>
  </row>
  <row>
    <cons_recordid_q1>IDeA30468K</cons_recordid_q1>
    <redcap_event_name>v1_arm_1</redcap_event_name>
    <redcap_repeat_instrument>ip_accountability_log</redcap_repeat_instrument>
    <redcap_repeat_instance>1</redcap_repeat_instance>
    <ip_date_q1>2023-09-27</ip_date_q1>
    <ip_issued>84</ip_issued>
    <ip_accountability_log_complete>2</ip_accountability_log_complete>
  </row>
  <row>
    <cons_recordid_q1>IDeA30469A</cons_recordid_q1>
    <redcap_event_name>v1_arm_1</redcap_event_name>
    <redcap_repeat_instrument>ip_accountability_log</redcap_repeat_instrument>
    <redcap_repeat_instance>1</redcap_repeat_instance>
    <ip_date_q1>2023-08-23</ip_date_q1>
    <ip_issued>84</ip_issued>
    <ip_accountability_log_complete>2</ip_accountability_log_complete>
  </row>
  <row>
    <cons_recordid_q1>IDeA30470D</cons_recordid_q1>
    <redcap_event_name>v1_arm_1</redcap_event_name>
    <redcap_repeat_instrument>ip_accountability_log</redcap_repeat_instrument>
    <redcap_repeat_instance>1</redcap_repeat_instance>
    <ip_date_q1>2023-08-23</ip_date_q1>
    <ip_issued>84</ip_issued>
    <ip_accountability_log_complete>2</ip_accountability_log_complete>
  </row>
  <row>
    <cons_recordid_q1>IDeA30472H</cons_recordid_q1>
    <redcap_event_name>v1_arm_1</redcap_event_name>
    <redcap_repeat_instrument>ip_accountability_log</redcap_repeat_instrument>
    <redcap_repeat_instance>1</redcap_repeat_instance>
    <ip_date_q1>2023-08-08</ip_date_q1>
    <ip_issued>84</ip_issued>
    <ip_accountability_log_complete>2</ip_accountability_log_complete>
  </row>
  <row>
    <cons_recordid_q1>IDeA30473E</cons_recordid_q1>
    <redcap_event_name>v1_arm_1</redcap_event_name>
    <redcap_repeat_instrument>ip_accountability_log</redcap_repeat_instrument>
    <redcap_repeat_instance>1</redcap_repeat_instance>
    <ip_date_q1>2023-08-30</ip_date_q1>
    <ip_issued>84</ip_issued>
    <ip_accountability_log_complete>2</ip_accountability_log_complete>
  </row>
  <row>
    <cons_recordid_q1>IDeA30478J</cons_recordid_q1>
    <redcap_event_name>v1_arm_1</redcap_event_name>
    <redcap_repeat_instrument>ip_accountability_log</redcap_repeat_instrument>
    <redcap_repeat_instance>1</redcap_repeat_instance>
    <ip_date_q1>2023-09-06</ip_date_q1>
    <ip_issued>84</ip_issued>
    <ip_accountability_log_complete>2</ip_accountability_log_complete>
  </row>
  <row>
    <cons_recordid_q1>IDeA30479B</cons_recordid_q1>
    <redcap_event_name>v1_arm_1</redcap_event_name>
    <redcap_repeat_instrument>ip_accountability_log</redcap_repeat_instrument>
    <redcap_repeat_instance>1</redcap_repeat_instance>
    <ip_date_q1>2023-10-19</ip_date_q1>
    <ip_issued>84</ip_issued>
    <ip_accountability_log_complete>2</ip_accountability_log_complete>
  </row>
  <row>
    <cons_recordid_q1>IDeA30489F</cons_recordid_q1>
    <redcap_event_name>v1_arm_1</redcap_event_name>
    <redcap_repeat_instrument>ip_accountability_log</redcap_repeat_instrument>
    <redcap_repeat_instance>1</redcap_repeat_instance>
    <ip_date_q1>2023-08-01</ip_date_q1>
    <ip_issued>84</ip_issued>
    <ip_accountability_log_complete>2</ip_accountability_log_complete>
  </row>
  <row>
    <cons_recordid_q1>IDeA30490H</cons_recordid_q1>
    <redcap_event_name>v1_arm_1</redcap_event_name>
    <redcap_repeat_instrument>ip_accountability_log</redcap_repeat_instrument>
    <redcap_repeat_instance>1</redcap_repeat_instance>
    <ip_date_q1>2023-08-30</ip_date_q1>
    <ip_issued>84</ip_issued>
    <ip_accountability_log_complete>2</ip_accountability_log_complete>
  </row>
  <row>
    <cons_recordid_q1>IDeA30491A</cons_recordid_q1>
    <redcap_event_name>v1_arm_1</redcap_event_name>
    <redcap_repeat_instrument>ip_accountability_log</redcap_repeat_instrument>
    <redcap_repeat_instance>1</redcap_repeat_instance>
    <ip_date_q1>2023-08-01</ip_date_q1>
    <ip_issued>84</ip_issued>
    <ip_accountability_log_complete>2</ip_accountability_log_complete>
  </row>
  <row>
    <cons_recordid_q1>IDeA30493C</cons_recordid_q1>
    <redcap_event_name>v1_arm_1</redcap_event_name>
    <redcap_repeat_instrument>ip_accountability_log</redcap_repeat_instrument>
    <redcap_repeat_instance>1</redcap_repeat_instance>
    <ip_date_q1>2023-08-01</ip_date_q1>
    <ip_issued>84</ip_issued>
    <ip_accountability_log_complete>2</ip_accountability_log_complete>
  </row>
  <row>
    <cons_recordid_q1>IDeA30495F</cons_recordid_q1>
    <redcap_event_name>v1_arm_1</redcap_event_name>
    <redcap_repeat_instrument>ip_accountability_log</redcap_repeat_instrument>
    <redcap_repeat_instance>1</redcap_repeat_instance>
    <ip_date_q1>2023-08-01</ip_date_q1>
    <ip_issued>84</ip_issued>
    <ip_accountability_log_complete>2</ip_accountability_log_complete>
  </row>
  <row>
    <cons_recordid_q1>IDeA30500E</cons_recordid_q1>
    <redcap_event_name>v1_arm_1</redcap_event_name>
    <redcap_repeat_instrument>ip_accountability_log</redcap_repeat_instrument>
    <redcap_repeat_instance>1</redcap_repeat_instance>
    <ip_date_q1>2023-08-01</ip_date_q1>
    <ip_issued>84</ip_issued>
    <ip_accountability_log_complete>2</ip_accountability_log_complete>
  </row>
  <row>
    <cons_recordid_q1>IDeA30501C</cons_recordid_q1>
    <redcap_event_name>v1_arm_1</redcap_event_name>
    <redcap_repeat_instrument>ip_accountability_log</redcap_repeat_instrument>
    <redcap_repeat_instance>1</redcap_repeat_instance>
    <ip_date_q1>2023-08-30</ip_date_q1>
    <ip_issued>84</ip_issued>
    <ip_accountability_log_complete>2</ip_accountability_log_complete>
  </row>
  <row>
    <cons_recordid_q1>IDeA30504J</cons_recordid_q1>
    <redcap_event_name>v1_arm_1</redcap_event_name>
    <redcap_repeat_instrument>ip_accountability_log</redcap_repeat_instrument>
    <redcap_repeat_instance>1</redcap_repeat_instance>
    <ip_date_q1>2023-08-30</ip_date_q1>
    <ip_issued>84</ip_issued>
    <ip_accountability_log_complete>2</ip_accountability_log_complete>
  </row>
  <row>
    <cons_recordid_q1>IDeA30506B</cons_recordid_q1>
    <redcap_event_name>v1_arm_1</redcap_event_name>
    <redcap_repeat_instrument>ip_accountability_log</redcap_repeat_instrument>
    <redcap_repeat_instance>1</redcap_repeat_instance>
    <ip_date_q1>2023-11-03</ip_date_q1>
    <ip_issued>84</ip_issued>
    <ip_accountability_log_complete>2</ip_accountability_log_complete>
  </row>
  <row>
    <cons_recordid_q1>IDeA30508F</cons_recordid_q1>
    <redcap_event_name>v1_arm_1</redcap_event_name>
    <redcap_repeat_instrument>ip_accountability_log</redcap_repeat_instrument>
    <redcap_repeat_instance>1</redcap_repeat_instance>
    <ip_date_q1>2023-09-20</ip_date_q1>
    <ip_issued>84</ip_issued>
    <ip_accountability_log_complete>2</ip_accountability_log_complete>
  </row>
  <row>
    <cons_recordid_q1>IDeA30509K</cons_recordid_q1>
    <redcap_event_name>v1_arm_1</redcap_event_name>
    <redcap_repeat_instrument>ip_accountability_log</redcap_repeat_instrument>
    <redcap_repeat_instance>1</redcap_repeat_instance>
    <ip_date_q1>2023-08-30</ip_date_q1>
    <ip_issued>84</ip_issued>
    <ip_accountability_log_complete>2</ip_accountability_log_complete>
  </row>
  <row>
    <cons_recordid_q1>IDeA30513E</cons_recordid_q1>
    <redcap_event_name>v1_arm_1</redcap_event_name>
    <redcap_repeat_instrument>ip_accountability_log</redcap_repeat_instrument>
    <redcap_repeat_instance>1</redcap_repeat_instance>
    <ip_date_q1>2023-08-30</ip_date_q1>
    <ip_issued>84</ip_issued>
    <ip_accountability_log_complete>2</ip_accountability_log_complete>
  </row>
  <row>
    <cons_recordid_q1>IDeA30514C</cons_recordid_q1>
    <redcap_event_name>v1_arm_1</redcap_event_name>
    <redcap_repeat_instrument>ip_accountability_log</redcap_repeat_instrument>
    <redcap_repeat_instance>1</redcap_repeat_instance>
    <ip_date_q1>2023-09-06</ip_date_q1>
    <ip_issued>84</ip_issued>
    <ip_accountability_log_complete>2</ip_accountability_log_complete>
  </row>
  <row>
    <cons_recordid_q1>IDeA30517F</cons_recordid_q1>
    <redcap_event_name>v1_arm_1</redcap_event_name>
    <redcap_repeat_instrument>ip_accountability_log</redcap_repeat_instrument>
    <redcap_repeat_instance>1</redcap_repeat_instance>
    <ip_date_q1>2023-10-12</ip_date_q1>
    <ip_issued>84</ip_issued>
    <ip_accountability_log_complete>2</ip_accountability_log_complete>
  </row>
  <row>
    <cons_recordid_q1>IDeA30518J</cons_recordid_q1>
    <redcap_event_name>v1_arm_1</redcap_event_name>
    <redcap_repeat_instrument>ip_accountability_log</redcap_repeat_instrument>
    <redcap_repeat_instance>1</redcap_repeat_instance>
    <ip_date_q1>2023-10-12</ip_date_q1>
    <ip_issued>84</ip_issued>
    <ip_accountability_log_complete>2</ip_accountability_log_complete>
  </row>
  <row>
    <cons_recordid_q1>IDeA30519B</cons_recordid_q1>
    <redcap_event_name>v1_arm_1</redcap_event_name>
    <redcap_repeat_instrument>ip_accountability_log</redcap_repeat_instrument>
    <redcap_repeat_instance>1</redcap_repeat_instance>
    <ip_date_q1>2023-10-05</ip_date_q1>
    <ip_issued>94</ip_issued>
    <ip_accountability_log_complete>2</ip_accountability_log_complete>
  </row>
  <row>
    <cons_recordid_q1>IDeA30521E</cons_recordid_q1>
    <redcap_event_name>v1_arm_1</redcap_event_name>
    <redcap_repeat_instrument>ip_accountability_log</redcap_repeat_instrument>
    <redcap_repeat_instance>1</redcap_repeat_instance>
    <ip_date_q1>2023-09-06</ip_date_q1>
    <ip_issued>84</ip_issued>
    <ip_accountability_log_complete>2</ip_accountability_log_complete>
  </row>
  <row>
    <cons_recordid_q1>IDeA30523J</cons_recordid_q1>
    <redcap_event_name>v1_arm_1</redcap_event_name>
    <redcap_repeat_instrument>ip_accountability_log</redcap_repeat_instrument>
    <redcap_repeat_instance>1</redcap_repeat_instance>
    <ip_date_q1>2023-09-06</ip_date_q1>
    <ip_issued>84</ip_issued>
    <ip_accountability_log_complete>2</ip_accountability_log_complete>
  </row>
  <row>
    <cons_recordid_q1>IDeA30529F</cons_recordid_q1>
    <redcap_event_name>v1_arm_1</redcap_event_name>
    <redcap_repeat_instrument>ip_accountability_log</redcap_repeat_instrument>
    <redcap_repeat_instance>1</redcap_repeat_instance>
    <ip_date_q1>2023-09-20</ip_date_q1>
    <ip_issued>84</ip_issued>
    <ip_accountability_log_complete>2</ip_accountability_log_complete>
  </row>
  <row>
    <cons_recordid_q1>IDeA30538G</cons_recordid_q1>
    <redcap_event_name>v1_arm_1</redcap_event_name>
    <redcap_repeat_instrument>ip_accountability_log</redcap_repeat_instrument>
    <redcap_repeat_instance>1</redcap_repeat_instance>
    <ip_date_q1>2023-10-26</ip_date_q1>
    <ip_issued>84</ip_issued>
    <ip_accountability_log_complete>2</ip_accountability_log_complete>
  </row>
  <row>
    <cons_recordid_q1>IDeA30543D</cons_recordid_q1>
    <redcap_event_name>v1_arm_1</redcap_event_name>
    <redcap_repeat_instrument>ip_accountability_log</redcap_repeat_instrument>
    <redcap_repeat_instance>1</redcap_repeat_instance>
    <ip_date_q1>2023-10-19</ip_date_q1>
    <ip_issued>84</ip_issued>
    <ip_accountability_log_complete>2</ip_accountability_log_complete>
  </row>
  <row>
    <cons_recordid_q1>IDeA30547K</cons_recordid_q1>
    <redcap_event_name>v1_arm_1</redcap_event_name>
    <redcap_repeat_instrument>ip_accountability_log</redcap_repeat_instrument>
    <redcap_repeat_instance>1</redcap_repeat_instance>
    <ip_date_q1>2023-09-20</ip_date_q1>
    <ip_issued>84</ip_issued>
    <ip_accountability_log_complete>2</ip_accountability_log_complete>
  </row>
  <row>
    <cons_recordid_q1>IDeA30552F</cons_recordid_q1>
    <redcap_event_name>v1_arm_1</redcap_event_name>
    <redcap_repeat_instrument>ip_accountability_log</redcap_repeat_instrument>
    <redcap_repeat_instance>1</redcap_repeat_instance>
    <ip_date_q1>2023-09-20</ip_date_q1>
    <ip_issued>84</ip_issued>
    <ip_accountability_log_complete>2</ip_accountability_log_complete>
  </row>
  <row>
    <cons_recordid_q1>IDeA30553A</cons_recordid_q1>
    <redcap_event_name>v1_arm_1</redcap_event_name>
    <redcap_repeat_instrument>ip_accountability_log</redcap_repeat_instrument>
    <redcap_repeat_instance>1</redcap_repeat_instance>
    <ip_date_q1>2023-09-20</ip_date_q1>
    <ip_issued>84</ip_issued>
    <ip_accountability_log_complete>2</ip_accountability_log_complete>
  </row>
  <row>
    <cons_recordid_q1>IDeA30554K</cons_recordid_q1>
    <redcap_event_name>v1_arm_1</redcap_event_name>
    <redcap_repeat_instrument>ip_accountability_log</redcap_repeat_instrument>
    <redcap_repeat_instance>1</redcap_repeat_instance>
    <ip_date_q1>2023-09-20</ip_date_q1>
    <ip_issued>84</ip_issued>
    <ip_accountability_log_complete>2</ip_accountability_log_complete>
  </row>
  <row>
    <cons_recordid_q1>IDeA30555J</cons_recordid_q1>
    <redcap_event_name>v1_arm_1</redcap_event_name>
    <redcap_repeat_instrument>ip_accountability_log</redcap_repeat_instrument>
    <redcap_repeat_instance>1</redcap_repeat_instance>
    <ip_date_q1>2023-09-27</ip_date_q1>
    <ip_issued>84</ip_issued>
    <ip_accountability_log_complete>2</ip_accountability_log_complete>
  </row>
  <row>
    <cons_recordid_q1>IDeA30556D</cons_recordid_q1>
    <redcap_event_name>v1_arm_1</redcap_event_name>
    <redcap_repeat_instrument>ip_accountability_log</redcap_repeat_instrument>
    <redcap_repeat_instance>1</redcap_repeat_instance>
    <ip_date_q1>2023-09-27</ip_date_q1>
    <ip_issued>84</ip_issued>
    <ip_accountability_log_complete>2</ip_accountability_log_complete>
  </row>
  <row>
    <cons_recordid_q1>IDeA30559G</cons_recordid_q1>
    <redcap_event_name>v1_arm_1</redcap_event_name>
    <redcap_repeat_instrument>ip_accountability_log</redcap_repeat_instrument>
    <redcap_repeat_instance>1</redcap_repeat_instance>
    <ip_date_q1>2023-10-19</ip_date_q1>
    <ip_issued>84</ip_issued>
    <ip_accountability_log_complete>2</ip_accountability_log_complete>
  </row>
  <row>
    <cons_recordid_q1>IDeA30560F</cons_recordid_q1>
    <redcap_event_name>v1_arm_1</redcap_event_name>
    <redcap_repeat_instrument>ip_accountability_log</redcap_repeat_instrument>
    <redcap_repeat_instance>1</redcap_repeat_instance>
    <ip_date_q1>2023-10-12</ip_date_q1>
    <ip_issued>84</ip_issued>
    <ip_accountability_log_complete>2</ip_accountability_log_complete>
  </row>
  <row>
    <cons_recordid_q1>IDeA30561J</cons_recordid_q1>
    <redcap_event_name>v1_arm_1</redcap_event_name>
    <redcap_repeat_instrument>ip_accountability_log</redcap_repeat_instrument>
    <redcap_repeat_instance>1</redcap_repeat_instance>
    <ip_date_q1>2023-10-12</ip_date_q1>
    <ip_issued>84</ip_issued>
    <ip_accountability_log_complete>2</ip_accountability_log_complete>
  </row>
  <row>
    <cons_recordid_q1>IDeA30568D</cons_recordid_q1>
    <redcap_event_name>v1_arm_1</redcap_event_name>
    <redcap_repeat_instrument>ip_accountability_log</redcap_repeat_instrument>
    <redcap_repeat_instance>1</redcap_repeat_instance>
    <ip_date_q1>2023-10-05</ip_date_q1>
    <ip_issued>84</ip_issued>
    <ip_accountability_log_complete>2</ip_accountability_log_complete>
  </row>
  <row>
    <cons_recordid_q1>IDeA30570J</cons_recordid_q1>
    <redcap_event_name>v1_arm_1</redcap_event_name>
    <redcap_repeat_instrument>ip_accountability_log</redcap_repeat_instrument>
    <redcap_repeat_instance>1</redcap_repeat_instance>
    <ip_date_q1>2023-10-05</ip_date_q1>
    <ip_issued>84</ip_issued>
    <ip_accountability_log_complete>2</ip_accountability_log_complete>
  </row>
  <row>
    <cons_recordid_q1>IDeA30574D</cons_recordid_q1>
    <redcap_event_name>v1_arm_1</redcap_event_name>
    <redcap_repeat_instrument>ip_accountability_log</redcap_repeat_instrument>
    <redcap_repeat_instance>1</redcap_repeat_instance>
    <ip_date_q1>2023-10-05</ip_date_q1>
    <ip_issued>84</ip_issued>
    <ip_accountability_log_complete>2</ip_accountability_log_complete>
  </row>
  <row>
    <cons_recordid_q1>IDeA30582J</cons_recordid_q1>
    <redcap_event_name>v1_arm_1</redcap_event_name>
    <redcap_repeat_instrument>ip_accountability_log</redcap_repeat_instrument>
    <redcap_repeat_instance>1</redcap_repeat_instance>
    <ip_date_q1>2023-09-27</ip_date_q1>
    <ip_issued>84</ip_issued>
    <ip_accountability_log_complete>2</ip_accountability_log_complete>
  </row>
  <row>
    <cons_recordid_q1>IDeA30583B</cons_recordid_q1>
    <redcap_event_name>v1_arm_1</redcap_event_name>
    <redcap_repeat_instrument>ip_accountability_log</redcap_repeat_instrument>
    <redcap_repeat_instance>1</redcap_repeat_instance>
    <ip_date_q1>2023-10-05</ip_date_q1>
    <ip_issued>84</ip_issued>
    <ip_accountability_log_complete>2</ip_accountability_log_complete>
  </row>
  <row>
    <cons_recordid_q1>IDeA30584E</cons_recordid_q1>
    <redcap_event_name>v1_arm_1</redcap_event_name>
    <redcap_repeat_instrument>ip_accountability_log</redcap_repeat_instrument>
    <redcap_repeat_instance>1</redcap_repeat_instance>
    <ip_date_q1>2023-10-19</ip_date_q1>
    <ip_issued>84</ip_issued>
    <ip_accountability_log_complete>2</ip_accountability_log_complete>
  </row>
  <row>
    <cons_recordid_q1>IDeA30587H</cons_recordid_q1>
    <redcap_event_name>v1_arm_1</redcap_event_name>
    <redcap_repeat_instrument>ip_accountability_log</redcap_repeat_instrument>
    <redcap_repeat_instance>1</redcap_repeat_instance>
    <ip_date_q1>2023-10-05</ip_date_q1>
    <ip_issued>84</ip_issued>
    <ip_accountability_log_complete>2</ip_accountability_log_complete>
  </row>
  <row>
    <cons_recordid_q1>IDeA30593H</cons_recordid_q1>
    <redcap_event_name>v1_arm_1</redcap_event_name>
    <redcap_repeat_instrument>ip_accountability_log</redcap_repeat_instrument>
    <redcap_repeat_instance>1</redcap_repeat_instance>
    <ip_date_q1>2023-10-05</ip_date_q1>
    <ip_issued>84</ip_issued>
    <ip_accountability_log_complete>2</ip_accountability_log_complete>
  </row>
  <row>
    <cons_recordid_q1>IDeA30596J</cons_recordid_q1>
    <redcap_event_name>v1_arm_1</redcap_event_name>
    <redcap_repeat_instrument>ip_accountability_log</redcap_repeat_instrument>
    <redcap_repeat_instance>1</redcap_repeat_instance>
    <ip_date_q1>2023-10-05</ip_date_q1>
    <ip_issued>84</ip_issued>
    <ip_accountability_log_complete>2</ip_accountability_log_complete>
  </row>
  <row>
    <cons_recordid_q1>IDeA30600C</cons_recordid_q1>
    <redcap_event_name>v1_arm_1</redcap_event_name>
    <redcap_repeat_instrument>ip_accountability_log</redcap_repeat_instrument>
    <redcap_repeat_instance>1</redcap_repeat_instance>
    <ip_date_q1>2023-10-19</ip_date_q1>
    <ip_issued>84</ip_issued>
    <ip_accountability_log_complete>2</ip_accountability_log_complete>
  </row>
</data>
