<?xml version='1.0' encoding='utf-8'?>
<data>
  <row>
    <cons_recordid_q1>IDeA30003H</cons_recordid_q1>
    <redcap_event_name>v1_arm_1</redcap_event_name>
    <redcap_repeat_instrument/>
    <redcap_repeat_instance/>
    <rand_date_q1>2023-05-22</rand_date_q1>
    <rand_time_q2>17:06</rand_time_q2>
    <rand_treatgroup_q3>4</rand_treatgroup_q3>
    <randomization_complete>2</randomization_complete>
  </row>
  <row>
    <cons_recordid_q1>IDeA30004F</cons_recordid_q1>
    <redcap_event_name>v1_arm_1</redcap_event_name>
    <redcap_repeat_instrument/>
    <redcap_repeat_instance/>
    <rand_date_q1>2023-05-22</rand_date_q1>
    <rand_time_q2>17:07</rand_time_q2>
    <rand_treatgroup_q3>2</rand_treatgroup_q3>
    <randomization_complete>2</randomization_complete>
  </row>
  <row>
    <cons_recordid_q1>IDeA30008E</cons_recordid_q1>
    <redcap_event_name>v1_arm_1</redcap_event_name>
    <redcap_repeat_instrument/>
    <redcap_repeat_instance/>
    <rand_date_q1>2023-05-22</rand_date_q1>
    <rand_time_q2>17:08</rand_time_q2>
    <rand_treatgroup_q3>4</rand_treatgroup_q3>
    <randomization_complete>2</randomization_complete>
  </row>
  <row>
    <cons_recordid_q1>IDeA30010B</cons_recordid_q1>
    <redcap_event_name>v1_arm_1</redcap_event_name>
    <redcap_repeat_instrument/>
    <redcap_repeat_instance/>
    <rand_date_q1>2023-05-11</rand_date_q1>
    <rand_time_q2>16:00</rand_time_q2>
    <rand_treatgroup_q3>2</rand_treatgroup_q3>
    <randomization_complete>2</randomization_complete>
  </row>
  <row>
    <cons_recordid_q1>IDeA30012F</cons_recordid_q1>
    <redcap_event_name>v1_arm_1</redcap_event_name>
    <redcap_repeat_instrument/>
    <redcap_repeat_instance/>
    <rand_date_q1>2023-05-29</rand_date_q1>
    <rand_time_q2>16:31</rand_time_q2>
    <rand_treatgroup_q3>6</rand_treatgroup_q3>
    <randomization_complete>2</randomization_complete>
  </row>
  <row>
    <cons_recordid_q1>IDeA30017E</cons_recordid_q1>
    <redcap_event_name>v1_arm_1</redcap_event_name>
    <redcap_repeat_instrument/>
    <redcap_repeat_instance/>
    <rand_date_q1>2023-05-29</rand_date_q1>
    <rand_time_q2>16:32</rand_time_q2>
    <rand_treatgroup_q3>3</rand_treatgroup_q3>
    <randomization_complete>2</randomization_complete>
  </row>
  <row>
    <cons_recordid_q1>IDeA30020H</cons_recordid_q1>
    <redcap_event_name>v1_arm_1</redcap_event_name>
    <redcap_repeat_instrument/>
    <redcap_repeat_instance/>
    <rand_date_q1>2023-05-22</rand_date_q1>
    <rand_time_q2>17:09</rand_time_q2>
    <rand_treatgroup_q3>3</rand_treatgroup_q3>
    <randomization_complete>2</randomization_complete>
  </row>
  <row>
    <cons_recordid_q1>IDeA30021A</cons_recordid_q1>
    <redcap_event_name>v1_arm_1</redcap_event_name>
    <redcap_repeat_instrument/>
    <redcap_repeat_instance/>
    <rand_date_q1>2023-05-22</rand_date_q1>
    <rand_time_q2>17:10</rand_time_q2>
    <rand_treatgroup_q3>5</rand_treatgroup_q3>
    <randomization_complete>2</randomization_complete>
  </row>
  <row>
    <cons_recordid_q1>IDeA30022K</cons_recordid_q1>
    <redcap_event_name>v1_arm_1</redcap_event_name>
    <redcap_repeat_instrument/>
    <redcap_repeat_instance/>
    <rand_date_q1>2023-05-22</rand_date_q1>
    <rand_time_q2>17:11</rand_time_q2>
    <rand_treatgroup_q3>1</rand_treatgroup_q3>
    <randomization_complete>2</randomization_complete>
  </row>
  <row>
    <cons_recordid_q1>IDeA30023C</cons_recordid_q1>
    <redcap_event_name>v1_arm_1</redcap_event_name>
    <redcap_repeat_instrument/>
    <redcap_repeat_instance/>
    <rand_date_q1>2023-05-22</rand_date_q1>
    <rand_time_q2>17:12</rand_time_q2>
    <rand_treatgroup_q3>6</rand_treatgroup_q3>
    <randomization_complete>2</randomization_complete>
  </row>
  <row>
    <cons_recordid_q1>IDeA30024B</cons_recordid_q1>
    <redcap_event_name>v1_arm_1</redcap_event_name>
    <redcap_repeat_instrument/>
    <redcap_repeat_instance/>
    <rand_date_q1>2023-05-22</rand_date_q1>
    <rand_time_q2>17:13</rand_time_q2>
    <rand_treatgroup_q3>5</rand_treatgroup_q3>
    <randomization_complete>2</randomization_complete>
  </row>
  <row>
    <cons_recordid_q1>IDeA30026E</cons_recordid_q1>
    <redcap_event_name>v1_arm_1</redcap_event_name>
    <redcap_repeat_instrument/>
    <redcap_repeat_instance/>
    <rand_date_q1>2023-05-16</rand_date_q1>
    <rand_time_q2>17:36</rand_time_q2>
    <rand_treatgroup_q3>1</rand_treatgroup_q3>
    <randomization_complete>2</randomization_complete>
  </row>
  <row>
    <cons_recordid_q1>IDeA30028G</cons_recordid_q1>
    <redcap_event_name>v1_arm_1</redcap_event_name>
    <redcap_repeat_instrument/>
    <redcap_repeat_instance/>
    <rand_date_q1>2023-05-30</rand_date_q1>
    <rand_time_q2>20:14</rand_time_q2>
    <rand_treatgroup_q3>3</rand_treatgroup_q3>
    <randomization_complete>2</randomization_complete>
  </row>
  <row>
    <cons_recordid_q1>IDeA30029D</cons_recordid_q1>
    <redcap_event_name>v1_arm_1</redcap_event_name>
    <redcap_repeat_instrument/>
    <redcap_repeat_instance/>
    <rand_date_q1>2023-06-05</rand_date_q1>
    <rand_time_q2>18:58</rand_time_q2>
    <rand_treatgroup_q3>6</rand_treatgroup_q3>
    <randomization_complete>2</randomization_complete>
  </row>
  <row>
    <cons_recordid_q1>IDeA30030J</cons_recordid_q1>
    <redcap_event_name>v1_arm_1</redcap_event_name>
    <redcap_repeat_instrument/>
    <redcap_repeat_instance/>
    <rand_date_q1>2023-05-16</rand_date_q1>
    <rand_time_q2>17:37</rand_time_q2>
    <rand_treatgroup_q3>3</rand_treatgroup_q3>
    <randomization_complete>2</randomization_complete>
  </row>
  <row>
    <cons_recordid_q1>IDeA30031K</cons_recordid_q1>
    <redcap_event_name>v1_arm_1</redcap_event_name>
    <redcap_repeat_instrument/>
    <redcap_repeat_instance/>
    <rand_date_q1>2023-05-23</rand_date_q1>
    <rand_time_q2>16:10</rand_time_q2>
    <rand_treatgroup_q3>4</rand_treatgroup_q3>
    <randomization_complete>2</randomization_complete>
  </row>
  <row>
    <cons_recordid_q1>IDeA30037A</cons_recordid_q1>
    <redcap_event_name>v1_arm_1</redcap_event_name>
    <redcap_repeat_instrument/>
    <redcap_repeat_instance/>
    <rand_date_q1>2023-07-17</rand_date_q1>
    <rand_time_q2>15:28</rand_time_q2>
    <rand_treatgroup_q3>5</rand_treatgroup_q3>
    <randomization_complete>2</randomization_complete>
  </row>
  <row>
    <cons_recordid_q1>IDeA30042H</cons_recordid_q1>
    <redcap_event_name>v1_arm_1</redcap_event_name>
    <redcap_repeat_instrument/>
    <redcap_repeat_instance/>
    <rand_date_q1>2023-05-16</rand_date_q1>
    <rand_time_q2>17:37</rand_time_q2>
    <rand_treatgroup_q3>5</rand_treatgroup_q3>
    <randomization_complete>2</randomization_complete>
  </row>
  <row>
    <cons_recordid_q1>IDeA30043E</cons_recordid_q1>
    <redcap_event_name>v1_arm_1</redcap_event_name>
    <redcap_repeat_instrument/>
    <redcap_repeat_instance/>
    <rand_date_q1>2023-05-16</rand_date_q1>
    <rand_time_q2>17:38</rand_time_q2>
    <rand_treatgroup_q3>3</rand_treatgroup_q3>
    <randomization_complete>2</randomization_complete>
  </row>
  <row>
    <cons_recordid_q1>IDeA30045A</cons_recordid_q1>
    <redcap_event_name>v1_arm_1</redcap_event_name>
    <redcap_repeat_instrument/>
    <redcap_repeat_instance/>
    <rand_date_q1>2023-05-30</rand_date_q1>
    <rand_time_q2>20:14</rand_time_q2>
    <rand_treatgroup_q3>4</rand_treatgroup_q3>
    <randomization_complete>2</randomization_complete>
  </row>
  <row>
    <cons_recordid_q1>IDeA30049B</cons_recordid_q1>
    <redcap_event_name>v1_arm_1</redcap_event_name>
    <redcap_repeat_instrument/>
    <redcap_repeat_instance/>
    <rand_date_q1>2023-05-16</rand_date_q1>
    <rand_time_q2>17:38</rand_time_q2>
    <rand_treatgroup_q3>2</rand_treatgroup_q3>
    <randomization_complete>2</randomization_complete>
  </row>
  <row>
    <cons_recordid_q1>IDeA30051F</cons_recordid_q1>
    <redcap_event_name>v1_arm_1</redcap_event_name>
    <redcap_repeat_instrument/>
    <redcap_repeat_instance/>
    <rand_date_q1>2023-05-15</rand_date_q1>
    <rand_time_q2>17:24</rand_time_q2>
    <rand_treatgroup_q3>5</rand_treatgroup_q3>
    <randomization_complete>2</randomization_complete>
  </row>
  <row>
    <cons_recordid_q1>IDeA30052J</cons_recordid_q1>
    <redcap_event_name>v1_arm_1</redcap_event_name>
    <redcap_repeat_instrument/>
    <redcap_repeat_instance/>
    <rand_date_q1>2023-05-11</rand_date_q1>
    <rand_time_q2>16:00</rand_time_q2>
    <rand_treatgroup_q3>5</rand_treatgroup_q3>
    <randomization_complete>2</randomization_complete>
  </row>
  <row>
    <cons_recordid_q1>IDeA30059A</cons_recordid_q1>
    <redcap_event_name>v1_arm_1</redcap_event_name>
    <redcap_repeat_instrument/>
    <redcap_repeat_instance/>
    <rand_date_q1>2023-06-05</rand_date_q1>
    <rand_time_q2>18:59</rand_time_q2>
    <rand_treatgroup_q3>2</rand_treatgroup_q3>
    <randomization_complete>2</randomization_complete>
  </row>
  <row>
    <cons_recordid_q1>IDeA30063J</cons_recordid_q1>
    <redcap_event_name>v1_arm_1</redcap_event_name>
    <redcap_repeat_instrument/>
    <redcap_repeat_instance/>
    <rand_date_q1>2023-05-15</rand_date_q1>
    <rand_time_q2>17:25</rand_time_q2>
    <rand_treatgroup_q3>3</rand_treatgroup_q3>
    <randomization_complete>2</randomization_complete>
  </row>
  <row>
    <cons_recordid_q1>IDeA30064G</cons_recordid_q1>
    <redcap_event_name>v1_arm_1</redcap_event_name>
    <redcap_repeat_instrument/>
    <redcap_repeat_instance/>
    <rand_date_q1>2023-05-15</rand_date_q1>
    <rand_time_q2>17:26</rand_time_q2>
    <rand_treatgroup_q3>1</rand_treatgroup_q3>
    <randomization_complete>2</randomization_complete>
  </row>
  <row>
    <cons_recordid_q1>IDeA30065B</cons_recordid_q1>
    <redcap_event_name>v1_arm_1</redcap_event_name>
    <redcap_repeat_instrument/>
    <redcap_repeat_instance/>
    <rand_date_q1>2023-05-15</rand_date_q1>
    <rand_time_q2>17:26</rand_time_q2>
    <rand_treatgroup_q3>4</rand_treatgroup_q3>
    <randomization_complete>2</randomization_complete>
  </row>
  <row>
    <cons_recordid_q1>IDeA30066H</cons_recordid_q1>
    <redcap_event_name>v1_arm_1</redcap_event_name>
    <redcap_repeat_instrument/>
    <redcap_repeat_instance/>
    <rand_date_q1>2023-05-15</rand_date_q1>
    <rand_time_q2>17:27</rand_time_q2>
    <rand_treatgroup_q3>6</rand_treatgroup_q3>
    <randomization_complete>2</randomization_complete>
  </row>
  <row>
    <cons_recordid_q1>IDeA30070F</cons_recordid_q1>
    <redcap_event_name>v1_arm_1</redcap_event_name>
    <redcap_repeat_instrument/>
    <redcap_repeat_instance/>
    <rand_date_q1>2023-05-16</rand_date_q1>
    <rand_time_q2>17:39</rand_time_q2>
    <rand_treatgroup_q3>4</rand_treatgroup_q3>
    <randomization_complete>2</randomization_complete>
  </row>
  <row>
    <cons_recordid_q1>IDeA30071J</cons_recordid_q1>
    <redcap_event_name>v1_arm_1</redcap_event_name>
    <redcap_repeat_instrument/>
    <redcap_repeat_instance/>
    <rand_date_q1>2023-05-16</rand_date_q1>
    <rand_time_q2>17:39</rand_time_q2>
    <rand_treatgroup_q3>1</rand_treatgroup_q3>
    <randomization_complete>2</randomization_complete>
  </row>
  <row>
    <cons_recordid_q1>IDeA30073K</cons_recordid_q1>
    <redcap_event_name>v1_arm_1</redcap_event_name>
    <redcap_repeat_instrument/>
    <redcap_repeat_instance/>
    <rand_date_q1>2023-06-05</rand_date_q1>
    <rand_time_q2>19:01</rand_time_q2>
    <rand_treatgroup_q3>5</rand_treatgroup_q3>
    <randomization_complete>2</randomization_complete>
  </row>
  <row>
    <cons_recordid_q1>IDeA30074H</cons_recordid_q1>
    <redcap_event_name>v1_arm_1</redcap_event_name>
    <redcap_repeat_instrument/>
    <redcap_repeat_instance/>
    <rand_date_q1>2023-06-05</rand_date_q1>
    <rand_time_q2>19:03</rand_time_q2>
    <rand_treatgroup_q3>3</rand_treatgroup_q3>
    <randomization_complete>2</randomization_complete>
  </row>
  <row>
    <cons_recordid_q1>IDeA30081B</cons_recordid_q1>
    <redcap_event_name>v1_arm_1</redcap_event_name>
    <redcap_repeat_instrument/>
    <redcap_repeat_instance/>
    <rand_date_q1>2023-05-29</rand_date_q1>
    <rand_time_q2>16:35</rand_time_q2>
    <rand_treatgroup_q3>1</rand_treatgroup_q3>
    <randomization_complete>2</randomization_complete>
  </row>
  <row>
    <cons_recordid_q1>IDeA30085E</cons_recordid_q1>
    <redcap_event_name>v1_arm_1</redcap_event_name>
    <redcap_repeat_instrument/>
    <redcap_repeat_instance/>
    <rand_date_q1>2023-05-15</rand_date_q1>
    <rand_time_q2>17:27</rand_time_q2>
    <rand_treatgroup_q3>2</rand_treatgroup_q3>
    <randomization_complete>2</randomization_complete>
  </row>
  <row>
    <cons_recordid_q1>IDeA30089J</cons_recordid_q1>
    <redcap_event_name>v1_arm_1</redcap_event_name>
    <redcap_repeat_instrument/>
    <redcap_repeat_instance/>
    <rand_date_q1>2023-05-15</rand_date_q1>
    <rand_time_q2>17:27</rand_time_q2>
    <rand_treatgroup_q3>5</rand_treatgroup_q3>
    <randomization_complete>2</randomization_complete>
  </row>
  <row>
    <cons_recordid_q1>IDeA30090E</cons_recordid_q1>
    <redcap_event_name>v1_arm_1</redcap_event_name>
    <redcap_repeat_instrument/>
    <redcap_repeat_instance/>
    <rand_date_q1>2023-05-15</rand_date_q1>
    <rand_time_q2>17:28</rand_time_q2>
    <rand_treatgroup_q3>6</rand_treatgroup_q3>
    <randomization_complete>2</randomization_complete>
  </row>
  <row>
    <cons_recordid_q1>IDeA30095H</cons_recordid_q1>
    <redcap_event_name>v1_arm_1</redcap_event_name>
    <redcap_repeat_instrument/>
    <redcap_repeat_instance/>
    <rand_date_q1>2023-05-16</rand_date_q1>
    <rand_time_q2>17:47</rand_time_q2>
    <rand_treatgroup_q3>1</rand_treatgroup_q3>
    <randomization_complete>2</randomization_complete>
  </row>
  <row>
    <cons_recordid_q1>IDeA30097D</cons_recordid_q1>
    <redcap_event_name>v1_arm_1</redcap_event_name>
    <redcap_repeat_instrument/>
    <redcap_repeat_instance/>
    <rand_date_q1>2023-06-05</rand_date_q1>
    <rand_time_q2>19:40</rand_time_q2>
    <rand_treatgroup_q3>4</rand_treatgroup_q3>
    <randomization_complete>2</randomization_complete>
  </row>
  <row>
    <cons_recordid_q1>IDeA30098F</cons_recordid_q1>
    <redcap_event_name>v1_arm_1</redcap_event_name>
    <redcap_repeat_instrument/>
    <redcap_repeat_instance/>
    <rand_date_q1>2023-05-16</rand_date_q1>
    <rand_time_q2>17:47</rand_time_q2>
    <rand_treatgroup_q3>6</rand_treatgroup_q3>
    <randomization_complete>2</randomization_complete>
  </row>
  <row>
    <cons_recordid_q1>IDeA30101A</cons_recordid_q1>
    <redcap_event_name>v1_arm_1</redcap_event_name>
    <redcap_repeat_instrument/>
    <redcap_repeat_instance/>
    <rand_date_q1>2023-05-17</rand_date_q1>
    <rand_time_q2>16:09</rand_time_q2>
    <rand_treatgroup_q3>3</rand_treatgroup_q3>
    <randomization_complete>2</randomization_complete>
  </row>
  <row>
    <cons_recordid_q1>IDeA30103C</cons_recordid_q1>
    <redcap_event_name>v1_arm_1</redcap_event_name>
    <redcap_repeat_instrument/>
    <redcap_repeat_instance/>
    <rand_date_q1>2023-05-17</rand_date_q1>
    <rand_time_q2>16:10</rand_time_q2>
    <rand_treatgroup_q3>2</rand_treatgroup_q3>
    <randomization_complete>2</randomization_complete>
  </row>
  <row>
    <cons_recordid_q1>IDeA30109D</cons_recordid_q1>
    <redcap_event_name>v1_arm_1</redcap_event_name>
    <redcap_repeat_instrument/>
    <redcap_repeat_instance/>
    <rand_date_q1>2023-06-12</rand_date_q1>
    <rand_time_q2>16:22</rand_time_q2>
    <rand_treatgroup_q3>3</rand_treatgroup_q3>
    <randomization_complete>2</randomization_complete>
  </row>
  <row>
    <cons_recordid_q1>IDeA30110J</cons_recordid_q1>
    <redcap_event_name>v1_arm_1</redcap_event_name>
    <redcap_repeat_instrument/>
    <redcap_repeat_instance/>
    <rand_date_q1>2023-06-19</rand_date_q1>
    <rand_time_q2>20:10</rand_time_q2>
    <rand_treatgroup_q3>2</rand_treatgroup_q3>
    <randomization_complete>2</randomization_complete>
  </row>
  <row>
    <cons_recordid_q1>IDeA30121G</cons_recordid_q1>
    <redcap_event_name>v1_arm_1</redcap_event_name>
    <redcap_repeat_instrument/>
    <redcap_repeat_instance/>
    <rand_date_q1>2023-06-05</rand_date_q1>
    <rand_time_q2>21:28</rand_time_q2>
    <rand_treatgroup_q3>6</rand_treatgroup_q3>
    <randomization_complete>2</randomization_complete>
  </row>
  <row>
    <cons_recordid_q1>IDeA30131D</cons_recordid_q1>
    <redcap_event_name>v1_arm_1</redcap_event_name>
    <redcap_repeat_instrument/>
    <redcap_repeat_instance/>
    <rand_date_q1>2023-05-30</rand_date_q1>
    <rand_time_q2>20:16</rand_time_q2>
    <rand_treatgroup_q3>6</rand_treatgroup_q3>
    <randomization_complete>2</randomization_complete>
  </row>
  <row>
    <cons_recordid_q1>IDeA30135K</cons_recordid_q1>
    <redcap_event_name>v1_arm_1</redcap_event_name>
    <redcap_repeat_instrument/>
    <redcap_repeat_instance/>
    <rand_date_q1>2023-05-17</rand_date_q1>
    <rand_time_q2>16:12</rand_time_q2>
    <rand_treatgroup_q3>1</rand_treatgroup_q3>
    <randomization_complete>2</randomization_complete>
  </row>
  <row>
    <cons_recordid_q1>IDeA30146G</cons_recordid_q1>
    <redcap_event_name>v1_arm_1</redcap_event_name>
    <redcap_repeat_instrument/>
    <redcap_repeat_instance/>
    <rand_date_q1>2023-05-30</rand_date_q1>
    <rand_time_q2>20:22</rand_time_q2>
    <rand_treatgroup_q3>5</rand_treatgroup_q3>
    <randomization_complete>2</randomization_complete>
  </row>
  <row>
    <cons_recordid_q1>IDeA30148K</cons_recordid_q1>
    <redcap_event_name>v1_arm_1</redcap_event_name>
    <redcap_repeat_instrument/>
    <redcap_repeat_instance/>
    <rand_date_q1>2023-05-17</rand_date_q1>
    <rand_time_q2>16:13</rand_time_q2>
    <rand_treatgroup_q3>4</rand_treatgroup_q3>
    <randomization_complete>2</randomization_complete>
  </row>
  <row>
    <cons_recordid_q1>IDeA30154G</cons_recordid_q1>
    <redcap_event_name>v1_arm_1</redcap_event_name>
    <redcap_repeat_instrument/>
    <redcap_repeat_instance/>
    <rand_date_q1>2023-05-16</rand_date_q1>
    <rand_time_q2>17:40</rand_time_q2>
    <rand_treatgroup_q3>6</rand_treatgroup_q3>
    <randomization_complete>2</randomization_complete>
  </row>
  <row>
    <cons_recordid_q1>IDeA30159F</cons_recordid_q1>
    <redcap_event_name>v1_arm_1</redcap_event_name>
    <redcap_repeat_instrument/>
    <redcap_repeat_instance/>
    <rand_date_q1>2023-05-17</rand_date_q1>
    <rand_time_q2>16:14</rand_time_q2>
    <rand_treatgroup_q3>2</rand_treatgroup_q3>
    <randomization_complete>2</randomization_complete>
  </row>
  <row>
    <cons_recordid_q1>IDeA30160B</cons_recordid_q1>
    <redcap_event_name>v1_arm_1</redcap_event_name>
    <redcap_repeat_instrument/>
    <redcap_repeat_instance/>
    <rand_date_q1>2023-06-19</rand_date_q1>
    <rand_time_q2>20:11</rand_time_q2>
    <rand_treatgroup_q3>1</rand_treatgroup_q3>
    <randomization_complete>2</randomization_complete>
  </row>
  <row>
    <cons_recordid_q1>IDeA30164K</cons_recordid_q1>
    <redcap_event_name>v1_arm_1</redcap_event_name>
    <redcap_repeat_instrument/>
    <redcap_repeat_instance/>
    <rand_date_q1>2023-05-17</rand_date_q1>
    <rand_time_q2>16:15</rand_time_q2>
    <rand_treatgroup_q3>3</rand_treatgroup_q3>
    <randomization_complete>2</randomization_complete>
  </row>
  <row>
    <cons_recordid_q1>IDeA30165J</cons_recordid_q1>
    <redcap_event_name>v1_arm_1</redcap_event_name>
    <redcap_repeat_instrument/>
    <redcap_repeat_instance/>
    <rand_date_q1>2023-05-11</rand_date_q1>
    <rand_time_q2>16:01</rand_time_q2>
    <rand_treatgroup_q3>1</rand_treatgroup_q3>
    <randomization_complete>2</randomization_complete>
  </row>
  <row>
    <cons_recordid_q1>IDeA30169G</cons_recordid_q1>
    <redcap_event_name>v1_arm_1</redcap_event_name>
    <redcap_repeat_instrument/>
    <redcap_repeat_instance/>
    <rand_date_q1>2023-05-17</rand_date_q1>
    <rand_time_q2>16:59</rand_time_q2>
    <rand_treatgroup_q3>6</rand_treatgroup_q3>
    <randomization_complete>2</randomization_complete>
  </row>
  <row>
    <cons_recordid_q1>IDeA30176F</cons_recordid_q1>
    <redcap_event_name>v1_arm_1</redcap_event_name>
    <redcap_repeat_instrument/>
    <redcap_repeat_instance/>
    <rand_date_q1>2023-05-11</rand_date_q1>
    <rand_time_q2>16:02</rand_time_q2>
    <rand_treatgroup_q3>4</rand_treatgroup_q3>
    <randomization_complete>2</randomization_complete>
  </row>
  <row>
    <cons_recordid_q1>IDeA30179J</cons_recordid_q1>
    <redcap_event_name>v1_arm_1</redcap_event_name>
    <redcap_repeat_instrument/>
    <redcap_repeat_instance/>
    <rand_date_q1>2023-07-10</rand_date_q1>
    <rand_time_q2>16:21</rand_time_q2>
    <rand_treatgroup_q3>5</rand_treatgroup_q3>
    <randomization_complete>2</randomization_complete>
  </row>
  <row>
    <cons_recordid_q1>IDeA30180E</cons_recordid_q1>
    <redcap_event_name>v1_arm_1</redcap_event_name>
    <redcap_repeat_instrument/>
    <redcap_repeat_instance/>
    <rand_date_q1>2023-07-03</rand_date_q1>
    <rand_time_q2>18:17</rand_time_q2>
    <rand_treatgroup_q3>6</rand_treatgroup_q3>
    <randomization_complete>2</randomization_complete>
  </row>
  <row>
    <cons_recordid_q1>IDeA30181C</cons_recordid_q1>
    <redcap_event_name>v1_arm_1</redcap_event_name>
    <redcap_repeat_instrument/>
    <redcap_repeat_instance/>
    <rand_date_q1>2023-07-10</rand_date_q1>
    <rand_time_q2>16:21</rand_time_q2>
    <rand_treatgroup_q3>2</rand_treatgroup_q3>
    <randomization_complete>2</randomization_complete>
  </row>
  <row>
    <cons_recordid_q1>IDeA30186B</cons_recordid_q1>
    <redcap_event_name>v1_arm_1</redcap_event_name>
    <redcap_repeat_instrument/>
    <redcap_repeat_instance/>
    <rand_date_q1>2023-05-17</rand_date_q1>
    <rand_time_q2>16:18</rand_time_q2>
    <rand_treatgroup_q3>5</rand_treatgroup_q3>
    <randomization_complete>2</randomization_complete>
  </row>
  <row>
    <cons_recordid_q1>IDeA30188F</cons_recordid_q1>
    <redcap_event_name>v1_arm_1</redcap_event_name>
    <redcap_repeat_instrument/>
    <redcap_repeat_instance/>
    <rand_date_q1>2023-07-03</rand_date_q1>
    <rand_time_q2>18:20</rand_time_q2>
    <rand_treatgroup_q3>2</rand_treatgroup_q3>
    <randomization_complete>2</randomization_complete>
  </row>
  <row>
    <cons_recordid_q1>IDeA30189K</cons_recordid_q1>
    <redcap_event_name>v1_arm_1</redcap_event_name>
    <redcap_repeat_instrument/>
    <redcap_repeat_instance/>
    <rand_date_q1>2023-06-19</rand_date_q1>
    <rand_time_q2>20:22</rand_time_q2>
    <rand_treatgroup_q3>3</rand_treatgroup_q3>
    <randomization_complete>2</randomization_complete>
  </row>
  <row>
    <cons_recordid_q1>IDeA30191J</cons_recordid_q1>
    <redcap_event_name>v1_arm_1</redcap_event_name>
    <redcap_repeat_instrument/>
    <redcap_repeat_instance/>
    <rand_date_q1>2023-07-17</rand_date_q1>
    <rand_time_q2>23:26</rand_time_q2>
    <rand_treatgroup_q3>2</rand_treatgroup_q3>
    <randomization_complete>2</randomization_complete>
  </row>
  <row>
    <cons_recordid_q1>IDeA30192G</cons_recordid_q1>
    <redcap_event_name>v1_arm_1</redcap_event_name>
    <redcap_repeat_instrument/>
    <redcap_repeat_instance/>
    <rand_date_q1>2023-09-05</rand_date_q1>
    <rand_time_q2>16:08</rand_time_q2>
    <rand_treatgroup_q3>2</rand_treatgroup_q3>
    <randomization_complete>2</randomization_complete>
  </row>
  <row>
    <cons_recordid_q1>IDeA30193K</cons_recordid_q1>
    <redcap_event_name>v1_arm_1</redcap_event_name>
    <redcap_repeat_instrument/>
    <redcap_repeat_instance/>
    <rand_date_q1>2023-05-22</rand_date_q1>
    <rand_time_q2>17:14</rand_time_q2>
    <rand_treatgroup_q3>6</rand_treatgroup_q3>
    <randomization_complete>2</randomization_complete>
  </row>
  <row>
    <cons_recordid_q1>IDeA30194H</cons_recordid_q1>
    <redcap_event_name>v1_arm_1</redcap_event_name>
    <redcap_repeat_instrument/>
    <redcap_repeat_instance/>
    <rand_date_q1>2023-07-17</rand_date_q1>
    <rand_time_q2>15:29</rand_time_q2>
    <rand_treatgroup_q3>6</rand_treatgroup_q3>
    <randomization_complete>2</randomization_complete>
  </row>
  <row>
    <cons_recordid_q1>IDeA30196A</cons_recordid_q1>
    <redcap_event_name>v1_arm_1</redcap_event_name>
    <redcap_repeat_instrument/>
    <redcap_repeat_instance/>
    <rand_date_q1>2023-05-11</rand_date_q1>
    <rand_time_q2>16:03</rand_time_q2>
    <rand_treatgroup_q3>3</rand_treatgroup_q3>
    <randomization_complete>2</randomization_complete>
  </row>
  <row>
    <cons_recordid_q1>IDeA30201K</cons_recordid_q1>
    <redcap_event_name>v1_arm_1</redcap_event_name>
    <redcap_repeat_instrument/>
    <redcap_repeat_instance/>
    <rand_date_q1>2023-06-12</rand_date_q1>
    <rand_time_q2>16:23</rand_time_q2>
    <rand_treatgroup_q3>4</rand_treatgroup_q3>
    <randomization_complete>2</randomization_complete>
  </row>
  <row>
    <cons_recordid_q1>IDeA30210A</cons_recordid_q1>
    <redcap_event_name>v1_arm_1</redcap_event_name>
    <redcap_repeat_instrument/>
    <redcap_repeat_instance/>
    <rand_date_q1>2023-05-29</rand_date_q1>
    <rand_time_q2>16:41</rand_time_q2>
    <rand_treatgroup_q3>2</rand_treatgroup_q3>
    <randomization_complete>2</randomization_complete>
  </row>
  <row>
    <cons_recordid_q1>IDeA30212B</cons_recordid_q1>
    <redcap_event_name>v1_arm_1</redcap_event_name>
    <redcap_repeat_instrument/>
    <redcap_repeat_instance/>
    <rand_date_q1>2023-05-30</rand_date_q1>
    <rand_time_q2>20:18</rand_time_q2>
    <rand_treatgroup_q3>2</rand_treatgroup_q3>
    <randomization_complete>2</randomization_complete>
  </row>
  <row>
    <cons_recordid_q1>IDeA30213H</cons_recordid_q1>
    <redcap_event_name>v1_arm_1</redcap_event_name>
    <redcap_repeat_instrument/>
    <redcap_repeat_instance/>
    <rand_date_q1>2023-07-10</rand_date_q1>
    <rand_time_q2>16:22</rand_time_q2>
    <rand_treatgroup_q3>6</rand_treatgroup_q3>
    <randomization_complete>2</randomization_complete>
  </row>
  <row>
    <cons_recordid_q1>IDeA30221F</cons_recordid_q1>
    <redcap_event_name>v1_arm_1</redcap_event_name>
    <redcap_repeat_instrument/>
    <redcap_repeat_instance/>
    <rand_date_q1>2023-05-30</rand_date_q1>
    <rand_time_q2>20:19</rand_time_q2>
    <rand_treatgroup_q3>4</rand_treatgroup_q3>
    <randomization_complete>2</randomization_complete>
  </row>
  <row>
    <cons_recordid_q1>IDeA30223B</cons_recordid_q1>
    <redcap_event_name>v1_arm_1</redcap_event_name>
    <redcap_repeat_instrument/>
    <redcap_repeat_instance/>
    <rand_date_q1>2023-05-16</rand_date_q1>
    <rand_time_q2>17:40</rand_time_q2>
    <rand_treatgroup_q3>5</rand_treatgroup_q3>
    <randomization_complete>2</randomization_complete>
  </row>
  <row>
    <cons_recordid_q1>IDeA30224E</cons_recordid_q1>
    <redcap_event_name>v1_arm_1</redcap_event_name>
    <redcap_repeat_instrument/>
    <redcap_repeat_instance/>
    <rand_date_q1>2023-05-30</rand_date_q1>
    <rand_time_q2>20:20</rand_time_q2>
    <rand_treatgroup_q3>2</rand_treatgroup_q3>
    <randomization_complete>2</randomization_complete>
  </row>
  <row>
    <cons_recordid_q1>IDeA30228K</cons_recordid_q1>
    <redcap_event_name>v1_arm_1</redcap_event_name>
    <redcap_repeat_instrument/>
    <redcap_repeat_instance/>
    <rand_date_q1>2023-07-03</rand_date_q1>
    <rand_time_q2>18:21</rand_time_q2>
    <rand_treatgroup_q3>3</rand_treatgroup_q3>
    <randomization_complete>2</randomization_complete>
  </row>
  <row>
    <cons_recordid_q1>IDeA30232A</cons_recordid_q1>
    <redcap_event_name>v1_arm_1</redcap_event_name>
    <redcap_repeat_instrument/>
    <redcap_repeat_instance/>
    <rand_date_q1>2023-07-03</rand_date_q1>
    <rand_time_q2>18:27</rand_time_q2>
    <rand_treatgroup_q3>3</rand_treatgroup_q3>
    <randomization_complete>2</randomization_complete>
  </row>
  <row>
    <cons_recordid_q1>IDeA30235H</cons_recordid_q1>
    <redcap_event_name>v1_arm_1</redcap_event_name>
    <redcap_repeat_instrument/>
    <redcap_repeat_instance/>
    <rand_date_q1>2023-07-10</rand_date_q1>
    <rand_time_q2>16:24</rand_time_q2>
    <rand_treatgroup_q3>3</rand_treatgroup_q3>
    <randomization_complete>2</randomization_complete>
  </row>
  <row>
    <cons_recordid_q1>IDeA30236B</cons_recordid_q1>
    <redcap_event_name>v1_arm_1</redcap_event_name>
    <redcap_repeat_instrument/>
    <redcap_repeat_instance/>
    <rand_date_q1>2023-05-29</rand_date_q1>
    <rand_time_q2>16:44</rand_time_q2>
    <rand_treatgroup_q3>1</rand_treatgroup_q3>
    <randomization_complete>2</randomization_complete>
  </row>
  <row>
    <cons_recordid_q1>IDeA30237D</cons_recordid_q1>
    <redcap_event_name>v1_arm_1</redcap_event_name>
    <redcap_repeat_instrument/>
    <redcap_repeat_instance/>
    <rand_date_q1>2023-05-22</rand_date_q1>
    <rand_time_q2>17:15</rand_time_q2>
    <rand_treatgroup_q3>4</rand_treatgroup_q3>
    <randomization_complete>2</randomization_complete>
  </row>
  <row>
    <cons_recordid_q1>IDeA30238F</cons_recordid_q1>
    <redcap_event_name>v1_arm_1</redcap_event_name>
    <redcap_repeat_instrument/>
    <redcap_repeat_instance/>
    <rand_date_q1>2023-05-22</rand_date_q1>
    <rand_time_q2>17:16</rand_time_q2>
    <rand_treatgroup_q3>3</rand_treatgroup_q3>
    <randomization_complete>2</randomization_complete>
  </row>
  <row>
    <cons_recordid_q1>IDeA30239K</cons_recordid_q1>
    <redcap_event_name>v1_arm_1</redcap_event_name>
    <redcap_repeat_instrument/>
    <redcap_repeat_instance/>
    <rand_date_q1>2023-06-05</rand_date_q1>
    <rand_time_q2>21:35</rand_time_q2>
    <rand_treatgroup_q3>1</rand_treatgroup_q3>
    <randomization_complete>2</randomization_complete>
  </row>
  <row>
    <cons_recordid_q1>IDeA30240H</cons_recordid_q1>
    <redcap_event_name>v1_arm_1</redcap_event_name>
    <redcap_repeat_instrument/>
    <redcap_repeat_instance/>
    <rand_date_q1>2023-05-22</rand_date_q1>
    <rand_time_q2>17:17</rand_time_q2>
    <rand_treatgroup_q3>2</rand_treatgroup_q3>
    <randomization_complete>2</randomization_complete>
  </row>
  <row>
    <cons_recordid_q1>IDeA30243C</cons_recordid_q1>
    <redcap_event_name>v1_arm_1</redcap_event_name>
    <redcap_repeat_instrument/>
    <redcap_repeat_instance/>
    <rand_date_q1>2023-05-29</rand_date_q1>
    <rand_time_q2>17:08</rand_time_q2>
    <rand_treatgroup_q3>5</rand_treatgroup_q3>
    <randomization_complete>2</randomization_complete>
  </row>
  <row>
    <cons_recordid_q1>IDeA30255A</cons_recordid_q1>
    <redcap_event_name>v1_arm_1</redcap_event_name>
    <redcap_repeat_instrument/>
    <redcap_repeat_instance/>
    <rand_date_q1>2023-05-17</rand_date_q1>
    <rand_time_q2>16:19</rand_time_q2>
    <rand_treatgroup_q3>6</rand_treatgroup_q3>
    <randomization_complete>2</randomization_complete>
  </row>
  <row>
    <cons_recordid_q1>IDeA30257F</cons_recordid_q1>
    <redcap_event_name>v1_arm_1</redcap_event_name>
    <redcap_repeat_instrument/>
    <redcap_repeat_instance/>
    <rand_date_q1>2023-06-19</rand_date_q1>
    <rand_time_q2>20:23</rand_time_q2>
    <rand_treatgroup_q3>5</rand_treatgroup_q3>
    <randomization_complete>2</randomization_complete>
  </row>
  <row>
    <cons_recordid_q1>IDeA30260G</cons_recordid_q1>
    <redcap_event_name>v1_arm_1</redcap_event_name>
    <redcap_repeat_instrument/>
    <redcap_repeat_instance/>
    <rand_date_q1>2023-05-23</rand_date_q1>
    <rand_time_q2>16:11</rand_time_q2>
    <rand_treatgroup_q3>5</rand_treatgroup_q3>
    <randomization_complete>2</randomization_complete>
  </row>
  <row>
    <cons_recordid_q1>IDeA30265E</cons_recordid_q1>
    <redcap_event_name>v1_arm_1</redcap_event_name>
    <redcap_repeat_instrument/>
    <redcap_repeat_instance/>
    <rand_date_q1>2023-05-17</rand_date_q1>
    <rand_time_q2>17:07</rand_time_q2>
    <rand_treatgroup_q3>2</rand_treatgroup_q3>
    <randomization_complete>2</randomization_complete>
  </row>
  <row>
    <cons_recordid_q1>IDeA30273J</cons_recordid_q1>
    <redcap_event_name>v1_arm_1</redcap_event_name>
    <redcap_repeat_instrument/>
    <redcap_repeat_instance/>
    <rand_date_q1>2023-08-07</rand_date_q1>
    <rand_time_q2>15:46</rand_time_q2>
    <rand_treatgroup_q3>4</rand_treatgroup_q3>
    <randomization_complete>2</randomization_complete>
  </row>
  <row>
    <cons_recordid_q1>IDeA30277C</cons_recordid_q1>
    <redcap_event_name>v1_arm_1</redcap_event_name>
    <redcap_repeat_instrument/>
    <redcap_repeat_instance/>
    <rand_date_q1>2023-05-17</rand_date_q1>
    <rand_time_q2>16:22</rand_time_q2>
    <rand_treatgroup_q3>3</rand_treatgroup_q3>
    <randomization_complete>2</randomization_complete>
  </row>
  <row>
    <cons_recordid_q1>IDeA30278A</cons_recordid_q1>
    <redcap_event_name>v1_arm_1</redcap_event_name>
    <redcap_repeat_instrument/>
    <redcap_repeat_instance/>
    <rand_date_q1>2023-07-25</rand_date_q1>
    <rand_time_q2>13:18</rand_time_q2>
    <rand_treatgroup_q3>4</rand_treatgroup_q3>
    <randomization_complete>2</randomization_complete>
  </row>
  <row>
    <cons_recordid_q1>IDeA30280F</cons_recordid_q1>
    <redcap_event_name>v1_arm_1</redcap_event_name>
    <redcap_repeat_instrument/>
    <redcap_repeat_instance/>
    <rand_date_q1>2023-05-30</rand_date_q1>
    <rand_time_q2>20:23</rand_time_q2>
    <rand_treatgroup_q3>3</rand_treatgroup_q3>
    <randomization_complete>2</randomization_complete>
  </row>
  <row>
    <cons_recordid_q1>IDeA30290B</cons_recordid_q1>
    <redcap_event_name>v1_arm_1</redcap_event_name>
    <redcap_repeat_instrument/>
    <redcap_repeat_instance/>
    <rand_date_q1>2023-05-30</rand_date_q1>
    <rand_time_q2>20:24</rand_time_q2>
    <rand_treatgroup_q3>1</rand_treatgroup_q3>
    <randomization_complete>2</randomization_complete>
  </row>
  <row>
    <cons_recordid_q1>IDeA30294K</cons_recordid_q1>
    <redcap_event_name>v1_arm_1</redcap_event_name>
    <redcap_repeat_instrument/>
    <redcap_repeat_instance/>
    <rand_date_q1>2023-07-24</rand_date_q1>
    <rand_time_q2>19:42</rand_time_q2>
    <rand_treatgroup_q3>1</rand_treatgroup_q3>
    <randomization_complete>2</randomization_complete>
  </row>
  <row>
    <cons_recordid_q1>IDeA30298C</cons_recordid_q1>
    <redcap_event_name>v1_arm_1</redcap_event_name>
    <redcap_repeat_instrument/>
    <redcap_repeat_instance/>
    <rand_date_q1>2023-05-17</rand_date_q1>
    <rand_time_q2>16:23</rand_time_q2>
    <rand_treatgroup_q3>5</rand_treatgroup_q3>
    <randomization_complete>2</randomization_complete>
  </row>
  <row>
    <cons_recordid_q1>IDeA30299G</cons_recordid_q1>
    <redcap_event_name>v1_arm_1</redcap_event_name>
    <redcap_repeat_instrument/>
    <redcap_repeat_instance/>
    <rand_date_q1>2023-07-03</rand_date_q1>
    <rand_time_q2>18:28</rand_time_q2>
    <rand_treatgroup_q3>5</rand_treatgroup_q3>
    <randomization_complete>2</randomization_complete>
  </row>
  <row>
    <cons_recordid_q1>IDeA30300K</cons_recordid_q1>
    <redcap_event_name>v1_arm_1</redcap_event_name>
    <redcap_repeat_instrument/>
    <redcap_repeat_instance/>
    <rand_date_q1>2023-06-19</rand_date_q1>
    <rand_time_q2>20:24</rand_time_q2>
    <rand_treatgroup_q3>4</rand_treatgroup_q3>
    <randomization_complete>2</randomization_complete>
  </row>
  <row>
    <cons_recordid_q1>IDeA30301E</cons_recordid_q1>
    <redcap_event_name>v1_arm_1</redcap_event_name>
    <redcap_repeat_instrument/>
    <redcap_repeat_instance/>
    <rand_date_q1>2023-05-17</rand_date_q1>
    <rand_time_q2>16:24</rand_time_q2>
    <rand_treatgroup_q3>1</rand_treatgroup_q3>
    <randomization_complete>2</randomization_complete>
  </row>
  <row>
    <cons_recordid_q1>IDeA30316G</cons_recordid_q1>
    <redcap_event_name>v1_arm_1</redcap_event_name>
    <redcap_repeat_instrument/>
    <redcap_repeat_instance/>
    <rand_date_q1>2023-08-07</rand_date_q1>
    <rand_time_q2>15:47</rand_time_q2>
    <rand_treatgroup_q3>1</rand_treatgroup_q3>
    <randomization_complete>2</randomization_complete>
  </row>
  <row>
    <cons_recordid_q1>IDeA30317H</cons_recordid_q1>
    <redcap_event_name>v1_arm_1</redcap_event_name>
    <redcap_repeat_instrument/>
    <redcap_repeat_instance/>
    <rand_date_q1>2023-07-03</rand_date_q1>
    <rand_time_q2>18:29</rand_time_q2>
    <rand_treatgroup_q3>6</rand_treatgroup_q3>
    <randomization_complete>2</randomization_complete>
  </row>
  <row>
    <cons_recordid_q1>IDeA30318K</cons_recordid_q1>
    <redcap_event_name>v1_arm_1</redcap_event_name>
    <redcap_repeat_instrument/>
    <redcap_repeat_instance/>
    <rand_date_q1>2023-05-15</rand_date_q1>
    <rand_time_q2>17:29</rand_time_q2>
    <rand_treatgroup_q3>4</rand_treatgroup_q3>
    <randomization_complete>2</randomization_complete>
  </row>
  <row>
    <cons_recordid_q1>IDeA30327K</cons_recordid_q1>
    <redcap_event_name>v1_arm_1</redcap_event_name>
    <redcap_repeat_instrument/>
    <redcap_repeat_instance/>
    <rand_date_q1>2023-10-04</rand_date_q1>
    <rand_time_q2>19:28</rand_time_q2>
    <rand_treatgroup_q3>2</rand_treatgroup_q3>
    <randomization_complete>2</randomization_complete>
  </row>
  <row>
    <cons_recordid_q1>IDeA30328H</cons_recordid_q1>
    <redcap_event_name>v1_arm_1</redcap_event_name>
    <redcap_repeat_instrument/>
    <redcap_repeat_instance/>
    <rand_date_q1>2023-06-19</rand_date_q1>
    <rand_time_q2>20:25</rand_time_q2>
    <rand_treatgroup_q3>6</rand_treatgroup_q3>
    <randomization_complete>2</randomization_complete>
  </row>
  <row>
    <cons_recordid_q1>IDeA30330D</cons_recordid_q1>
    <redcap_event_name>v1_arm_1</redcap_event_name>
    <redcap_repeat_instrument/>
    <redcap_repeat_instance/>
    <rand_date_q1>2023-05-11</rand_date_q1>
    <rand_time_q2>16:03</rand_time_q2>
    <rand_treatgroup_q3>6</rand_treatgroup_q3>
    <randomization_complete>2</randomization_complete>
  </row>
  <row>
    <cons_recordid_q1>IDeA30334C</cons_recordid_q1>
    <redcap_event_name>v1_arm_1</redcap_event_name>
    <redcap_repeat_instrument/>
    <redcap_repeat_instance/>
    <rand_date_q1>2023-05-16</rand_date_q1>
    <rand_time_q2>17:41</rand_time_q2>
    <rand_treatgroup_q3>4</rand_treatgroup_q3>
    <randomization_complete>2</randomization_complete>
  </row>
  <row>
    <cons_recordid_q1>IDeA30342F</cons_recordid_q1>
    <redcap_event_name>v1_arm_1</redcap_event_name>
    <redcap_repeat_instrument/>
    <redcap_repeat_instance/>
    <rand_date_q1>2023-05-22</rand_date_q1>
    <rand_time_q2>17:18</rand_time_q2>
    <rand_treatgroup_q3>1</rand_treatgroup_q3>
    <randomization_complete>2</randomization_complete>
  </row>
  <row>
    <cons_recordid_q1>IDeA30343A</cons_recordid_q1>
    <redcap_event_name>v1_arm_1</redcap_event_name>
    <redcap_repeat_instrument/>
    <redcap_repeat_instance/>
    <rand_date_q1>2023-07-10</rand_date_q1>
    <rand_time_q2>16:25</rand_time_q2>
    <rand_treatgroup_q3>5</rand_treatgroup_q3>
    <randomization_complete>2</randomization_complete>
  </row>
  <row>
    <cons_recordid_q1>IDeA30347E</cons_recordid_q1>
    <redcap_event_name>v1_arm_1</redcap_event_name>
    <redcap_repeat_instrument/>
    <redcap_repeat_instance/>
    <rand_date_q1>2023-09-26</rand_date_q1>
    <rand_time_q2>19:40</rand_time_q2>
    <rand_treatgroup_q3>3</rand_treatgroup_q3>
    <randomization_complete>2</randomization_complete>
  </row>
  <row>
    <cons_recordid_q1>IDeA30351J</cons_recordid_q1>
    <redcap_event_name>v1_arm_1</redcap_event_name>
    <redcap_repeat_instrument/>
    <redcap_repeat_instance/>
    <rand_date_q1>2023-06-12</rand_date_q1>
    <rand_time_q2>16:23</rand_time_q2>
    <rand_treatgroup_q3>5</rand_treatgroup_q3>
    <randomization_complete>2</randomization_complete>
  </row>
  <row>
    <cons_recordid_q1>IDeA30352G</cons_recordid_q1>
    <redcap_event_name>v1_arm_1</redcap_event_name>
    <redcap_repeat_instrument/>
    <redcap_repeat_instance/>
    <rand_date_q1>2023-07-17</rand_date_q1>
    <rand_time_q2>15:30</rand_time_q2>
    <rand_treatgroup_q3>4</rand_treatgroup_q3>
    <randomization_complete>2</randomization_complete>
  </row>
  <row>
    <cons_recordid_q1>IDeA30353K</cons_recordid_q1>
    <redcap_event_name>v1_arm_1</redcap_event_name>
    <redcap_repeat_instrument/>
    <redcap_repeat_instance/>
    <rand_date_q1>2023-08-15</rand_date_q1>
    <rand_time_q2>18:27</rand_time_q2>
    <rand_treatgroup_q3>1</rand_treatgroup_q3>
    <randomization_complete>2</randomization_complete>
  </row>
  <row>
    <cons_recordid_q1>IDeA30359E</cons_recordid_q1>
    <redcap_event_name>v1_arm_1</redcap_event_name>
    <redcap_repeat_instrument/>
    <redcap_repeat_instance/>
    <rand_date_q1>2023-05-15</rand_date_q1>
    <rand_time_q2>17:29</rand_time_q2>
    <rand_treatgroup_q3>2</rand_treatgroup_q3>
    <randomization_complete>2</randomization_complete>
  </row>
  <row>
    <cons_recordid_q1>IDeA30361C</cons_recordid_q1>
    <redcap_event_name>v1_arm_1</redcap_event_name>
    <redcap_repeat_instrument/>
    <redcap_repeat_instance/>
    <rand_date_q1>2023-09-19</rand_date_q1>
    <rand_time_q2>18:52</rand_time_q2>
    <rand_treatgroup_q3>6</rand_treatgroup_q3>
    <randomization_complete>2</randomization_complete>
  </row>
  <row>
    <cons_recordid_q1>IDeA30362A</cons_recordid_q1>
    <redcap_event_name>v1_arm_1</redcap_event_name>
    <redcap_repeat_instrument/>
    <redcap_repeat_instance/>
    <rand_date_q1>2023-07-24</rand_date_q1>
    <rand_time_q2>19:43</rand_time_q2>
    <rand_treatgroup_q3>6</rand_treatgroup_q3>
    <randomization_complete>2</randomization_complete>
  </row>
  <row>
    <cons_recordid_q1>IDeA30363G</cons_recordid_q1>
    <redcap_event_name>v1_arm_1</redcap_event_name>
    <redcap_repeat_instrument/>
    <redcap_repeat_instance/>
    <rand_date_q1>2023-08-29</rand_date_q1>
    <rand_time_q2>19:36</rand_time_q2>
    <rand_treatgroup_q3>6</rand_treatgroup_q3>
    <randomization_complete>2</randomization_complete>
  </row>
  <row>
    <cons_recordid_q1>IDeA30364J</cons_recordid_q1>
    <redcap_event_name>v1_arm_1</redcap_event_name>
    <redcap_repeat_instrument/>
    <redcap_repeat_instance/>
    <rand_date_q1>2023-08-15</rand_date_q1>
    <rand_time_q2>18:27</rand_time_q2>
    <rand_treatgroup_q3>2</rand_treatgroup_q3>
    <randomization_complete>2</randomization_complete>
  </row>
  <row>
    <cons_recordid_q1>IDeA30365H</cons_recordid_q1>
    <redcap_event_name>v1_arm_1</redcap_event_name>
    <redcap_repeat_instrument/>
    <redcap_repeat_instance/>
    <rand_date_q1>2023-09-19</rand_date_q1>
    <rand_time_q2>18:52</rand_time_q2>
    <rand_treatgroup_q3>3</rand_treatgroup_q3>
    <randomization_complete>2</randomization_complete>
  </row>
  <row>
    <cons_recordid_q1>IDeA30370A</cons_recordid_q1>
    <redcap_event_name>v1_arm_1</redcap_event_name>
    <redcap_repeat_instrument/>
    <redcap_repeat_instance/>
    <rand_date_q1>2023-06-12</rand_date_q1>
    <rand_time_q2>16:24</rand_time_q2>
    <rand_treatgroup_q3>6</rand_treatgroup_q3>
    <randomization_complete>2</randomization_complete>
  </row>
  <row>
    <cons_recordid_q1>IDeA30374F</cons_recordid_q1>
    <redcap_event_name>v1_arm_1</redcap_event_name>
    <redcap_repeat_instrument/>
    <redcap_repeat_instance/>
    <rand_date_q1>2023-06-05</rand_date_q1>
    <rand_time_q2>21:41</rand_time_q2>
    <rand_treatgroup_q3>2</rand_treatgroup_q3>
    <randomization_complete>2</randomization_complete>
  </row>
  <row>
    <cons_recordid_q1>IDeA30376J</cons_recordid_q1>
    <redcap_event_name>v1_arm_1</redcap_event_name>
    <redcap_repeat_instrument/>
    <redcap_repeat_instance/>
    <rand_date_q1>2023-07-10</rand_date_q1>
    <rand_time_q2>16:25</rand_time_q2>
    <rand_treatgroup_q3>2</rand_treatgroup_q3>
    <randomization_complete>2</randomization_complete>
  </row>
  <row>
    <cons_recordid_q1>IDeA30377G</cons_recordid_q1>
    <redcap_event_name>v1_arm_1</redcap_event_name>
    <redcap_repeat_instrument/>
    <redcap_repeat_instance/>
    <rand_date_q1>2023-09-26</rand_date_q1>
    <rand_time_q2>19:40</rand_time_q2>
    <rand_treatgroup_q3>4</rand_treatgroup_q3>
    <randomization_complete>2</randomization_complete>
  </row>
  <row>
    <cons_recordid_q1>IDeA30380H</cons_recordid_q1>
    <redcap_event_name>v1_arm_1</redcap_event_name>
    <redcap_repeat_instrument/>
    <redcap_repeat_instance/>
    <rand_date_q1>2023-07-03</rand_date_q1>
    <rand_time_q2>18:31</rand_time_q2>
    <rand_treatgroup_q3>2</rand_treatgroup_q3>
    <randomization_complete>2</randomization_complete>
  </row>
  <row>
    <cons_recordid_q1>IDeA30381A</cons_recordid_q1>
    <redcap_event_name>v1_arm_1</redcap_event_name>
    <redcap_repeat_instrument/>
    <redcap_repeat_instance/>
    <rand_date_q1>2023-08-29</rand_date_q1>
    <rand_time_q2>20:16</rand_time_q2>
    <rand_treatgroup_q3>5</rand_treatgroup_q3>
    <randomization_complete>2</randomization_complete>
  </row>
  <row>
    <cons_recordid_q1>IDeA30386E</cons_recordid_q1>
    <redcap_event_name>v1_arm_1</redcap_event_name>
    <redcap_repeat_instrument/>
    <redcap_repeat_instance/>
    <rand_date_q1>2023-06-19</rand_date_q1>
    <rand_time_q2>20:25</rand_time_q2>
    <rand_treatgroup_q3>4</rand_treatgroup_q3>
    <randomization_complete>2</randomization_complete>
  </row>
  <row>
    <cons_recordid_q1>IDeA30388G</cons_recordid_q1>
    <redcap_event_name>v1_arm_1</redcap_event_name>
    <redcap_repeat_instrument/>
    <redcap_repeat_instance/>
    <rand_date_q1>2023-07-24</rand_date_q1>
    <rand_time_q2>19:44</rand_time_q2>
    <rand_treatgroup_q3>2</rand_treatgroup_q3>
    <randomization_complete>2</randomization_complete>
  </row>
  <row>
    <cons_recordid_q1>IDeA30390J</cons_recordid_q1>
    <redcap_event_name>v1_arm_1</redcap_event_name>
    <redcap_repeat_instrument/>
    <redcap_repeat_instance/>
    <rand_date_q1>2023-08-29</rand_date_q1>
    <rand_time_q2>20:18</rand_time_q2>
    <rand_treatgroup_q3>4</rand_treatgroup_q3>
    <randomization_complete>2</randomization_complete>
  </row>
  <row>
    <cons_recordid_q1>IDeA30393F</cons_recordid_q1>
    <redcap_event_name>v1_arm_1</redcap_event_name>
    <redcap_repeat_instrument/>
    <redcap_repeat_instance/>
    <rand_date_q1>2023-06-12</rand_date_q1>
    <rand_time_q2>16:24</rand_time_q2>
    <rand_treatgroup_q3>1</rand_treatgroup_q3>
    <randomization_complete>2</randomization_complete>
  </row>
  <row>
    <cons_recordid_q1>IDeA30397A</cons_recordid_q1>
    <redcap_event_name>v1_arm_1</redcap_event_name>
    <redcap_repeat_instrument/>
    <redcap_repeat_instance/>
    <rand_date_q1>2023-09-05</rand_date_q1>
    <rand_time_q2>16:09</rand_time_q2>
    <rand_treatgroup_q3>4</rand_treatgroup_q3>
    <randomization_complete>2</randomization_complete>
  </row>
  <row>
    <cons_recordid_q1>IDeA30401H</cons_recordid_q1>
    <redcap_event_name>v1_arm_1</redcap_event_name>
    <redcap_repeat_instrument/>
    <redcap_repeat_instance/>
    <rand_date_q1>2023-07-03</rand_date_q1>
    <rand_time_q2>18:33</rand_time_q2>
    <rand_treatgroup_q3>4</rand_treatgroup_q3>
    <randomization_complete>2</randomization_complete>
  </row>
  <row>
    <cons_recordid_q1>IDeA30402F</cons_recordid_q1>
    <redcap_event_name>v1_arm_1</redcap_event_name>
    <redcap_repeat_instrument/>
    <redcap_repeat_instance/>
    <rand_date_q1>2023-07-03</rand_date_q1>
    <rand_time_q2>18:34</rand_time_q2>
    <rand_treatgroup_q3>1</rand_treatgroup_q3>
    <randomization_complete>2</randomization_complete>
  </row>
  <row>
    <cons_recordid_q1>IDeA30404K</cons_recordid_q1>
    <redcap_event_name>v1_arm_1</redcap_event_name>
    <redcap_repeat_instrument/>
    <redcap_repeat_instance/>
    <rand_date_q1>2023-08-07</rand_date_q1>
    <rand_time_q2>15:47</rand_time_q2>
    <rand_treatgroup_q3>5</rand_treatgroup_q3>
    <randomization_complete>2</randomization_complete>
  </row>
  <row>
    <cons_recordid_q1>IDeA30406D</cons_recordid_q1>
    <redcap_event_name>v1_arm_1</redcap_event_name>
    <redcap_repeat_instrument/>
    <redcap_repeat_instance/>
    <rand_date_q1>2023-07-03</rand_date_q1>
    <rand_time_q2>18:35</rand_time_q2>
    <rand_treatgroup_q3>4</rand_treatgroup_q3>
    <randomization_complete>2</randomization_complete>
  </row>
  <row>
    <cons_recordid_q1>IDeA30414H</cons_recordid_q1>
    <redcap_event_name>v1_arm_1</redcap_event_name>
    <redcap_repeat_instrument/>
    <redcap_repeat_instance/>
    <rand_date_q1>2023-09-19</rand_date_q1>
    <rand_time_q2>18:53</rand_time_q2>
    <rand_treatgroup_q3>4</rand_treatgroup_q3>
    <randomization_complete>2</randomization_complete>
  </row>
  <row>
    <cons_recordid_q1>IDeA30416A</cons_recordid_q1>
    <redcap_event_name>v1_arm_1</redcap_event_name>
    <redcap_repeat_instrument/>
    <redcap_repeat_instance/>
    <rand_date_q1>2023-07-31</rand_date_q1>
    <rand_time_q2>19:51</rand_time_q2>
    <rand_treatgroup_q3>5</rand_treatgroup_q3>
    <randomization_complete>2</randomization_complete>
  </row>
  <row>
    <cons_recordid_q1>IDeA30417B</cons_recordid_q1>
    <redcap_event_name>v1_arm_1</redcap_event_name>
    <redcap_repeat_instrument/>
    <redcap_repeat_instance/>
    <rand_date_q1>2023-07-31</rand_date_q1>
    <rand_time_q2>19:52</rand_time_q2>
    <rand_treatgroup_q3>3</rand_treatgroup_q3>
    <randomization_complete>2</randomization_complete>
  </row>
  <row>
    <cons_recordid_q1>IDeA30418D</cons_recordid_q1>
    <redcap_event_name>v1_arm_1</redcap_event_name>
    <redcap_repeat_instrument/>
    <redcap_repeat_instance/>
    <rand_date_q1>2023-07-31</rand_date_q1>
    <rand_time_q2>19:53</rand_time_q2>
    <rand_treatgroup_q3>3</rand_treatgroup_q3>
    <randomization_complete>2</randomization_complete>
  </row>
  <row>
    <cons_recordid_q1>IDeA30419E</cons_recordid_q1>
    <redcap_event_name>v1_arm_1</redcap_event_name>
    <redcap_repeat_instrument/>
    <redcap_repeat_instance/>
    <rand_date_q1>2023-08-23</rand_date_q1>
    <rand_time_q2>19:41</rand_time_q2>
    <rand_treatgroup_q3>4</rand_treatgroup_q3>
    <randomization_complete>2</randomization_complete>
  </row>
  <row>
    <cons_recordid_q1>IDeA30420J</cons_recordid_q1>
    <redcap_event_name>v1_arm_1</redcap_event_name>
    <redcap_repeat_instrument/>
    <redcap_repeat_instance/>
    <rand_date_q1>2023-08-23</rand_date_q1>
    <rand_time_q2>19:41</rand_time_q2>
    <rand_treatgroup_q3>5</rand_treatgroup_q3>
    <randomization_complete>2</randomization_complete>
  </row>
  <row>
    <cons_recordid_q1>IDeA30423F</cons_recordid_q1>
    <redcap_event_name>v1_arm_1</redcap_event_name>
    <redcap_repeat_instrument/>
    <redcap_repeat_instance/>
    <rand_date_q1>2023-07-31</rand_date_q1>
    <rand_time_q2>19:53</rand_time_q2>
    <rand_treatgroup_q3>4</rand_treatgroup_q3>
    <randomization_complete>2</randomization_complete>
  </row>
  <row>
    <cons_recordid_q1>IDeA30424D</cons_recordid_q1>
    <redcap_event_name>v1_arm_1</redcap_event_name>
    <redcap_repeat_instrument/>
    <redcap_repeat_instance/>
    <rand_date_q1>2023-09-05</rand_date_q1>
    <rand_time_q2>16:10</rand_time_q2>
    <rand_treatgroup_q3>1</rand_treatgroup_q3>
    <randomization_complete>2</randomization_complete>
  </row>
  <row>
    <cons_recordid_q1>IDeA30426C</cons_recordid_q1>
    <redcap_event_name>v1_arm_1</redcap_event_name>
    <redcap_repeat_instrument/>
    <redcap_repeat_instance/>
    <rand_date_q1>2023-08-07</rand_date_q1>
    <rand_time_q2>15:48</rand_time_q2>
    <rand_treatgroup_q3>3</rand_treatgroup_q3>
    <randomization_complete>2</randomization_complete>
  </row>
  <row>
    <cons_recordid_q1>IDeA30430G</cons_recordid_q1>
    <redcap_event_name>v1_arm_1</redcap_event_name>
    <redcap_repeat_instrument/>
    <redcap_repeat_instance/>
    <rand_date_q1>2023-07-10</rand_date_q1>
    <rand_time_q2>16:26</rand_time_q2>
    <rand_treatgroup_q3>6</rand_treatgroup_q3>
    <randomization_complete>2</randomization_complete>
  </row>
  <row>
    <cons_recordid_q1>IDeA30431B</cons_recordid_q1>
    <redcap_event_name>v1_arm_1</redcap_event_name>
    <redcap_repeat_instrument/>
    <redcap_repeat_instance/>
    <rand_date_q1>2023-06-19</rand_date_q1>
    <rand_time_q2>20:36</rand_time_q2>
    <rand_treatgroup_q3>5</rand_treatgroup_q3>
    <randomization_complete>2</randomization_complete>
  </row>
  <row>
    <cons_recordid_q1>IDeA30433D</cons_recordid_q1>
    <redcap_event_name>v1_arm_1</redcap_event_name>
    <redcap_repeat_instrument/>
    <redcap_repeat_instance/>
    <rand_date_q1>2023-08-23</rand_date_q1>
    <rand_time_q2>19:42</rand_time_q2>
    <rand_treatgroup_q3>1</rand_treatgroup_q3>
    <randomization_complete>2</randomization_complete>
  </row>
  <row>
    <cons_recordid_q1>IDeA30436F</cons_recordid_q1>
    <redcap_event_name>v1_arm_1</redcap_event_name>
    <redcap_repeat_instrument/>
    <redcap_repeat_instance/>
    <rand_date_q1>2023-08-29</rand_date_q1>
    <rand_time_q2>20:27</rand_time_q2>
    <rand_treatgroup_q3>5</rand_treatgroup_q3>
    <randomization_complete>2</randomization_complete>
  </row>
  <row>
    <cons_recordid_q1>IDeA30437K</cons_recordid_q1>
    <redcap_event_name>v1_arm_1</redcap_event_name>
    <redcap_repeat_instrument/>
    <redcap_repeat_instance/>
    <rand_date_q1>2023-07-10</rand_date_q1>
    <rand_time_q2>16:26</rand_time_q2>
    <rand_treatgroup_q3>1</rand_treatgroup_q3>
    <randomization_complete>2</randomization_complete>
  </row>
  <row>
    <cons_recordid_q1>IDeA30438H</cons_recordid_q1>
    <redcap_event_name>v1_arm_1</redcap_event_name>
    <redcap_repeat_instrument/>
    <redcap_repeat_instance/>
    <rand_date_q1>2023-07-03</rand_date_q1>
    <rand_time_q2>18:37</rand_time_q2>
    <rand_treatgroup_q3>1</rand_treatgroup_q3>
    <randomization_complete>2</randomization_complete>
  </row>
  <row>
    <cons_recordid_q1>IDeA30439J</cons_recordid_q1>
    <redcap_event_name>v1_arm_1</redcap_event_name>
    <redcap_repeat_instrument/>
    <redcap_repeat_instance/>
    <rand_date_q1>2023-07-03</rand_date_q1>
    <rand_time_q2>18:38</rand_time_q2>
    <rand_treatgroup_q3>3</rand_treatgroup_q3>
    <randomization_complete>2</randomization_complete>
  </row>
  <row>
    <cons_recordid_q1>IDeA30440E</cons_recordid_q1>
    <redcap_event_name>v1_arm_1</redcap_event_name>
    <redcap_repeat_instrument/>
    <redcap_repeat_instance/>
    <rand_date_q1>2023-08-15</rand_date_q1>
    <rand_time_q2>18:28</rand_time_q2>
    <rand_treatgroup_q3>4</rand_treatgroup_q3>
    <randomization_complete>2</randomization_complete>
  </row>
  <row>
    <cons_recordid_q1>IDeA30441C</cons_recordid_q1>
    <redcap_event_name>v1_arm_1</redcap_event_name>
    <redcap_repeat_instrument/>
    <redcap_repeat_instance/>
    <rand_date_q1>2023-08-15</rand_date_q1>
    <rand_time_q2>18:28</rand_time_q2>
    <rand_treatgroup_q3>5</rand_treatgroup_q3>
    <randomization_complete>2</randomization_complete>
  </row>
  <row>
    <cons_recordid_q1>IDeA30442A</cons_recordid_q1>
    <redcap_event_name>v1_arm_1</redcap_event_name>
    <redcap_repeat_instrument/>
    <redcap_repeat_instance/>
    <rand_date_q1>2023-08-15</rand_date_q1>
    <rand_time_q2>18:29</rand_time_q2>
    <rand_treatgroup_q3>6</rand_treatgroup_q3>
    <randomization_complete>2</randomization_complete>
  </row>
  <row>
    <cons_recordid_q1>IDeA30444J</cons_recordid_q1>
    <redcap_event_name>v1_arm_1</redcap_event_name>
    <redcap_repeat_instrument/>
    <redcap_repeat_instance/>
    <rand_date_q1>2023-07-31</rand_date_q1>
    <rand_time_q2>20:08</rand_time_q2>
    <rand_treatgroup_q3>1</rand_treatgroup_q3>
    <randomization_complete>2</randomization_complete>
  </row>
  <row>
    <cons_recordid_q1>IDeA30445H</cons_recordid_q1>
    <redcap_event_name>v1_arm_1</redcap_event_name>
    <redcap_repeat_instrument/>
    <redcap_repeat_instance/>
    <rand_date_q1>2023-08-23</rand_date_q1>
    <rand_time_q2>19:42</rand_time_q2>
    <rand_treatgroup_q3>2</rand_treatgroup_q3>
    <randomization_complete>2</randomization_complete>
  </row>
  <row>
    <cons_recordid_q1>IDeA30448F</cons_recordid_q1>
    <redcap_event_name>v1_arm_1</redcap_event_name>
    <redcap_repeat_instrument/>
    <redcap_repeat_instance/>
    <rand_date_q1>2023-09-05</rand_date_q1>
    <rand_time_q2>16:10</rand_time_q2>
    <rand_treatgroup_q3>6</rand_treatgroup_q3>
    <randomization_complete>2</randomization_complete>
  </row>
  <row>
    <cons_recordid_q1>IDeA30449K</cons_recordid_q1>
    <redcap_event_name>v1_arm_1</redcap_event_name>
    <redcap_repeat_instrument/>
    <redcap_repeat_instance/>
    <rand_date_q1>2023-08-23</rand_date_q1>
    <rand_time_q2>19:43</rand_time_q2>
    <rand_treatgroup_q3>6</rand_treatgroup_q3>
    <randomization_complete>2</randomization_complete>
  </row>
  <row>
    <cons_recordid_q1>IDeA30453H</cons_recordid_q1>
    <redcap_event_name>v1_arm_1</redcap_event_name>
    <redcap_repeat_instrument/>
    <redcap_repeat_instance/>
    <rand_date_q1>2023-08-23</rand_date_q1>
    <rand_time_q2>19:43</rand_time_q2>
    <rand_treatgroup_q3>1</rand_treatgroup_q3>
    <randomization_complete>2</randomization_complete>
  </row>
  <row>
    <cons_recordid_q1>IDeA30454F</cons_recordid_q1>
    <redcap_event_name>v1_arm_1</redcap_event_name>
    <redcap_repeat_instrument/>
    <redcap_repeat_instance/>
    <rand_date_q1>2023-08-23</rand_date_q1>
    <rand_time_q2>19:44</rand_time_q2>
    <rand_treatgroup_q3>2</rand_treatgroup_q3>
    <randomization_complete>2</randomization_complete>
  </row>
  <row>
    <cons_recordid_q1>IDeA30455K</cons_recordid_q1>
    <redcap_event_name>v1_arm_1</redcap_event_name>
    <redcap_repeat_instrument/>
    <redcap_repeat_instance/>
    <rand_date_q1>2023-07-10</rand_date_q1>
    <rand_time_q2>16:27</rand_time_q2>
    <rand_treatgroup_q3>4</rand_treatgroup_q3>
    <randomization_complete>2</randomization_complete>
  </row>
  <row>
    <cons_recordid_q1>IDeA30456J</cons_recordid_q1>
    <redcap_event_name>v1_arm_1</redcap_event_name>
    <redcap_repeat_instrument/>
    <redcap_repeat_instance/>
    <rand_date_q1>2023-07-17</rand_date_q1>
    <rand_time_q2>15:31</rand_time_q2>
    <rand_treatgroup_q3>3</rand_treatgroup_q3>
    <randomization_complete>2</randomization_complete>
  </row>
  <row>
    <cons_recordid_q1>IDeA30458E</cons_recordid_q1>
    <redcap_event_name>v1_arm_1</redcap_event_name>
    <redcap_repeat_instrument/>
    <redcap_repeat_instance/>
    <rand_date_q1>2023-11-02</rand_date_q1>
    <rand_time_q2>15:18</rand_time_q2>
    <rand_treatgroup_q3>4</rand_treatgroup_q3>
    <randomization_complete>2</randomization_complete>
  </row>
  <row>
    <cons_recordid_q1>IDeA30461F</cons_recordid_q1>
    <redcap_event_name>v1_arm_1</redcap_event_name>
    <redcap_repeat_instrument/>
    <redcap_repeat_instance/>
    <rand_date_q1>2023-10-25</rand_date_q1>
    <rand_time_q2>15:07</rand_time_q2>
    <rand_treatgroup_q3>1</rand_treatgroup_q3>
    <randomization_complete>2</randomization_complete>
  </row>
  <row>
    <cons_recordid_q1>IDeA30464E</cons_recordid_q1>
    <redcap_event_name>v1_arm_1</redcap_event_name>
    <redcap_repeat_instrument/>
    <redcap_repeat_instance/>
    <rand_date_q1>2023-07-24</rand_date_q1>
    <rand_time_q2>19:44</rand_time_q2>
    <rand_treatgroup_q3>1</rand_treatgroup_q3>
    <randomization_complete>2</randomization_complete>
  </row>
  <row>
    <cons_recordid_q1>IDeA30466G</cons_recordid_q1>
    <redcap_event_name>v1_arm_1</redcap_event_name>
    <redcap_repeat_instrument/>
    <redcap_repeat_instance/>
    <rand_date_q1>2023-08-16</rand_date_q1>
    <rand_time_q2>11:17</rand_time_q2>
    <rand_treatgroup_q3>3</rand_treatgroup_q3>
    <randomization_complete>2</randomization_complete>
  </row>
  <row>
    <cons_recordid_q1>IDeA30468K</cons_recordid_q1>
    <redcap_event_name>v1_arm_1</redcap_event_name>
    <redcap_repeat_instrument/>
    <redcap_repeat_instance/>
    <rand_date_q1>2023-09-26</rand_date_q1>
    <rand_time_q2>19:41</rand_time_q2>
    <rand_treatgroup_q3>5</rand_treatgroup_q3>
    <randomization_complete>2</randomization_complete>
  </row>
  <row>
    <cons_recordid_q1>IDeA30469A</cons_recordid_q1>
    <redcap_event_name>v1_arm_1</redcap_event_name>
    <redcap_repeat_instrument/>
    <redcap_repeat_instance/>
    <rand_date_q1>2023-08-23</rand_date_q1>
    <rand_time_q2>19:44</rand_time_q2>
    <rand_treatgroup_q3>3</rand_treatgroup_q3>
    <randomization_complete>2</randomization_complete>
  </row>
  <row>
    <cons_recordid_q1>IDeA30470D</cons_recordid_q1>
    <redcap_event_name>v1_arm_1</redcap_event_name>
    <redcap_repeat_instrument/>
    <redcap_repeat_instance/>
    <rand_date_q1>2023-08-23</rand_date_q1>
    <rand_time_q2>19:45</rand_time_q2>
    <rand_treatgroup_q3>4</rand_treatgroup_q3>
    <randomization_complete>2</randomization_complete>
  </row>
  <row>
    <cons_recordid_q1>IDeA30472H</cons_recordid_q1>
    <redcap_event_name>v1_arm_1</redcap_event_name>
    <redcap_repeat_instrument/>
    <redcap_repeat_instance/>
    <rand_date_q1>2023-08-07</rand_date_q1>
    <rand_time_q2>15:48</rand_time_q2>
    <rand_treatgroup_q3>3</rand_treatgroup_q3>
    <randomization_complete>2</randomization_complete>
  </row>
  <row>
    <cons_recordid_q1>IDeA30473E</cons_recordid_q1>
    <redcap_event_name>v1_arm_1</redcap_event_name>
    <redcap_repeat_instrument/>
    <redcap_repeat_instance/>
    <rand_date_q1>2023-08-29</rand_date_q1>
    <rand_time_q2>23:41</rand_time_q2>
    <rand_treatgroup_q3>3</rand_treatgroup_q3>
    <randomization_complete>2</randomization_complete>
  </row>
  <row>
    <cons_recordid_q1>IDeA30478J</cons_recordid_q1>
    <redcap_event_name>v1_arm_1</redcap_event_name>
    <redcap_repeat_instrument/>
    <redcap_repeat_instance/>
    <rand_date_q1>2023-09-05</rand_date_q1>
    <rand_time_q2>16:12</rand_time_q2>
    <rand_treatgroup_q3>1</rand_treatgroup_q3>
    <randomization_complete>2</randomization_complete>
  </row>
  <row>
    <cons_recordid_q1>IDeA30479B</cons_recordid_q1>
    <redcap_event_name>v1_arm_1</redcap_event_name>
    <redcap_repeat_instrument/>
    <redcap_repeat_instance/>
    <rand_date_q1>2023-10-18</rand_date_q1>
    <rand_time_q2>16:12</rand_time_q2>
    <rand_treatgroup_q3>4</rand_treatgroup_q3>
    <randomization_complete>2</randomization_complete>
  </row>
  <row>
    <cons_recordid_q1>IDeA30489F</cons_recordid_q1>
    <redcap_event_name>v1_arm_1</redcap_event_name>
    <redcap_repeat_instrument/>
    <redcap_repeat_instance/>
    <rand_date_q1>2023-07-31</rand_date_q1>
    <rand_time_q2>20:09</rand_time_q2>
    <rand_treatgroup_q3>6</rand_treatgroup_q3>
    <randomization_complete>2</randomization_complete>
  </row>
  <row>
    <cons_recordid_q1>IDeA30490H</cons_recordid_q1>
    <redcap_event_name>v1_arm_1</redcap_event_name>
    <redcap_repeat_instrument/>
    <redcap_repeat_instance/>
    <rand_date_q1>2023-08-29</rand_date_q1>
    <rand_time_q2>23:42</rand_time_q2>
    <rand_treatgroup_q3>1</rand_treatgroup_q3>
    <randomization_complete>2</randomization_complete>
  </row>
  <row>
    <cons_recordid_q1>IDeA30491A</cons_recordid_q1>
    <redcap_event_name>v1_arm_1</redcap_event_name>
    <redcap_repeat_instrument/>
    <redcap_repeat_instance/>
    <rand_date_q1>2023-07-31</rand_date_q1>
    <rand_time_q2>23:18</rand_time_q2>
    <rand_treatgroup_q3>5</rand_treatgroup_q3>
    <randomization_complete>2</randomization_complete>
  </row>
  <row>
    <cons_recordid_q1>IDeA30493C</cons_recordid_q1>
    <redcap_event_name>v1_arm_1</redcap_event_name>
    <redcap_repeat_instrument/>
    <redcap_repeat_instance/>
    <rand_date_q1>2023-07-31</rand_date_q1>
    <rand_time_q2>23:19</rand_time_q2>
    <rand_treatgroup_q3>2</rand_treatgroup_q3>
    <randomization_complete>2</randomization_complete>
  </row>
  <row>
    <cons_recordid_q1>IDeA30494B</cons_recordid_q1>
    <redcap_event_name>v1_arm_1</redcap_event_name>
    <redcap_repeat_instrument/>
    <redcap_repeat_instance/>
    <rand_date_q1>2023-11-02</rand_date_q1>
    <rand_time_q2>15:19</rand_time_q2>
    <rand_treatgroup_q3>5</rand_treatgroup_q3>
    <randomization_complete>2</randomization_complete>
  </row>
  <row>
    <cons_recordid_q1>IDeA30495F</cons_recordid_q1>
    <redcap_event_name>v1_arm_1</redcap_event_name>
    <redcap_repeat_instrument/>
    <redcap_repeat_instance/>
    <rand_date_q1>2023-07-31</rand_date_q1>
    <rand_time_q2>23:19</rand_time_q2>
    <rand_treatgroup_q3>2</rand_treatgroup_q3>
    <randomization_complete>2</randomization_complete>
  </row>
  <row>
    <cons_recordid_q1>IDeA30500E</cons_recordid_q1>
    <redcap_event_name>v1_arm_1</redcap_event_name>
    <redcap_repeat_instrument/>
    <redcap_repeat_instance/>
    <rand_date_q1>2023-07-31</rand_date_q1>
    <rand_time_q2>23:19</rand_time_q2>
    <rand_treatgroup_q3>6</rand_treatgroup_q3>
    <randomization_complete>2</randomization_complete>
  </row>
  <row>
    <cons_recordid_q1>IDeA30501C</cons_recordid_q1>
    <redcap_event_name>v1_arm_1</redcap_event_name>
    <redcap_repeat_instrument/>
    <redcap_repeat_instance/>
    <rand_date_q1>2023-08-29</rand_date_q1>
    <rand_time_q2>23:34</rand_time_q2>
    <rand_treatgroup_q3>2</rand_treatgroup_q3>
    <randomization_complete>2</randomization_complete>
  </row>
  <row>
    <cons_recordid_q1>IDeA30504J</cons_recordid_q1>
    <redcap_event_name>v1_arm_1</redcap_event_name>
    <redcap_repeat_instrument/>
    <redcap_repeat_instance/>
    <rand_date_q1>2023-08-29</rand_date_q1>
    <rand_time_q2>23:48</rand_time_q2>
    <rand_treatgroup_q3>3</rand_treatgroup_q3>
    <randomization_complete>2</randomization_complete>
  </row>
  <row>
    <cons_recordid_q1>IDeA30506B</cons_recordid_q1>
    <redcap_event_name>v1_arm_1</redcap_event_name>
    <redcap_repeat_instrument/>
    <redcap_repeat_instance/>
    <rand_date_q1>2023-11-02</rand_date_q1>
    <rand_time_q2>15:19</rand_time_q2>
    <rand_treatgroup_q3>6</rand_treatgroup_q3>
    <randomization_complete>2</randomization_complete>
  </row>
  <row>
    <cons_recordid_q1>IDeA30508F</cons_recordid_q1>
    <redcap_event_name>v1_arm_1</redcap_event_name>
    <redcap_repeat_instrument/>
    <redcap_repeat_instance/>
    <rand_date_q1>2023-09-19</rand_date_q1>
    <rand_time_q2>18:53</rand_time_q2>
    <rand_treatgroup_q3>5</rand_treatgroup_q3>
    <randomization_complete>2</randomization_complete>
  </row>
  <row>
    <cons_recordid_q1>IDeA30509K</cons_recordid_q1>
    <redcap_event_name>v1_arm_1</redcap_event_name>
    <redcap_repeat_instrument/>
    <redcap_repeat_instance/>
    <rand_date_q1>2023-08-29</rand_date_q1>
    <rand_time_q2>23:56</rand_time_q2>
    <rand_treatgroup_q3>5</rand_treatgroup_q3>
    <randomization_complete>2</randomization_complete>
  </row>
  <row>
    <cons_recordid_q1>IDeA30513E</cons_recordid_q1>
    <redcap_event_name>v1_arm_1</redcap_event_name>
    <redcap_repeat_instrument/>
    <redcap_repeat_instance/>
    <rand_date_q1>2023-08-29</rand_date_q1>
    <rand_time_q2>23:34</rand_time_q2>
    <rand_treatgroup_q3>6</rand_treatgroup_q3>
    <randomization_complete>2</randomization_complete>
  </row>
  <row>
    <cons_recordid_q1>IDeA30514C</cons_recordid_q1>
    <redcap_event_name>v1_arm_1</redcap_event_name>
    <redcap_repeat_instrument/>
    <redcap_repeat_instance/>
    <rand_date_q1>2023-09-05</rand_date_q1>
    <rand_time_q2>16:13</rand_time_q2>
    <rand_treatgroup_q3>2</rand_treatgroup_q3>
    <randomization_complete>2</randomization_complete>
  </row>
  <row>
    <cons_recordid_q1>IDeA30517F</cons_recordid_q1>
    <redcap_event_name>v1_arm_1</redcap_event_name>
    <redcap_repeat_instrument/>
    <redcap_repeat_instance/>
    <rand_date_q1>2023-10-11</rand_date_q1>
    <rand_time_q2>15:34</rand_time_q2>
    <rand_treatgroup_q3>2</rand_treatgroup_q3>
    <randomization_complete>2</randomization_complete>
  </row>
  <row>
    <cons_recordid_q1>IDeA30518J</cons_recordid_q1>
    <redcap_event_name>v1_arm_1</redcap_event_name>
    <redcap_repeat_instrument/>
    <redcap_repeat_instance/>
    <rand_date_q1>2023-10-11</rand_date_q1>
    <rand_time_q2>15:37</rand_time_q2>
    <rand_treatgroup_q3>4</rand_treatgroup_q3>
    <randomization_complete>2</randomization_complete>
  </row>
  <row>
    <cons_recordid_q1>IDeA30519B</cons_recordid_q1>
    <redcap_event_name>v1_arm_1</redcap_event_name>
    <redcap_repeat_instrument/>
    <redcap_repeat_instance/>
    <rand_date_q1>2023-10-04</rand_date_q1>
    <rand_time_q2>19:28</rand_time_q2>
    <rand_treatgroup_q3>1</rand_treatgroup_q3>
    <randomization_complete>2</randomization_complete>
  </row>
  <row>
    <cons_recordid_q1>IDeA30523J</cons_recordid_q1>
    <redcap_event_name>v1_arm_1</redcap_event_name>
    <redcap_repeat_instrument/>
    <redcap_repeat_instance/>
    <rand_date_q1>2023-09-05</rand_date_q1>
    <rand_time_q2>16:14</rand_time_q2>
    <rand_treatgroup_q3>5</rand_treatgroup_q3>
    <randomization_complete>2</randomization_complete>
  </row>
  <row>
    <cons_recordid_q1>IDeA30529F</cons_recordid_q1>
    <redcap_event_name>v1_arm_1</redcap_event_name>
    <redcap_repeat_instrument/>
    <redcap_repeat_instance/>
    <rand_date_q1>2023-09-19</rand_date_q1>
    <rand_time_q2>18:55</rand_time_q2>
    <rand_treatgroup_q3>2</rand_treatgroup_q3>
    <randomization_complete>2</randomization_complete>
  </row>
  <row>
    <cons_recordid_q1>IDeA30538G</cons_recordid_q1>
    <redcap_event_name>v1_arm_1</redcap_event_name>
    <redcap_repeat_instrument/>
    <redcap_repeat_instance/>
    <rand_date_q1>2023-10-25</rand_date_q1>
    <rand_time_q2>15:10</rand_time_q2>
    <rand_treatgroup_q3>3</rand_treatgroup_q3>
    <randomization_complete>2</randomization_complete>
  </row>
  <row>
    <cons_recordid_q1>IDeA30543D</cons_recordid_q1>
    <redcap_event_name>v1_arm_1</redcap_event_name>
    <redcap_repeat_instrument/>
    <redcap_repeat_instance/>
    <rand_date_q1>2023-10-18</rand_date_q1>
    <rand_time_q2>16:13</rand_time_q2>
    <rand_treatgroup_q3>1</rand_treatgroup_q3>
    <randomization_complete>2</randomization_complete>
  </row>
  <row>
    <cons_recordid_q1>IDeA30547K</cons_recordid_q1>
    <redcap_event_name>v1_arm_1</redcap_event_name>
    <redcap_repeat_instrument/>
    <redcap_repeat_instance/>
    <rand_date_q1>2023-09-19</rand_date_q1>
    <rand_time_q2>18:55</rand_time_q2>
    <rand_treatgroup_q3>4</rand_treatgroup_q3>
    <randomization_complete>2</randomization_complete>
  </row>
  <row>
    <cons_recordid_q1>IDeA30552F</cons_recordid_q1>
    <redcap_event_name>v1_arm_1</redcap_event_name>
    <redcap_repeat_instrument/>
    <redcap_repeat_instance/>
    <rand_date_q1>2023-09-19</rand_date_q1>
    <rand_time_q2>18:56</rand_time_q2>
    <rand_treatgroup_q3>1</rand_treatgroup_q3>
    <randomization_complete>2</randomization_complete>
  </row>
  <row>
    <cons_recordid_q1>IDeA30553A</cons_recordid_q1>
    <redcap_event_name>v1_arm_1</redcap_event_name>
    <redcap_repeat_instrument/>
    <redcap_repeat_instance/>
    <rand_date_q1>2023-09-19</rand_date_q1>
    <rand_time_q2>18:56</rand_time_q2>
    <rand_treatgroup_q3>6</rand_treatgroup_q3>
    <randomization_complete>2</randomization_complete>
  </row>
  <row>
    <cons_recordid_q1>IDeA30554K</cons_recordid_q1>
    <redcap_event_name>v1_arm_1</redcap_event_name>
    <redcap_repeat_instrument/>
    <redcap_repeat_instance/>
    <rand_date_q1>2023-09-19</rand_date_q1>
    <rand_time_q2>18:57</rand_time_q2>
    <rand_treatgroup_q3>3</rand_treatgroup_q3>
    <randomization_complete>2</randomization_complete>
  </row>
  <row>
    <cons_recordid_q1>IDeA30555J</cons_recordid_q1>
    <redcap_event_name>v1_arm_1</redcap_event_name>
    <redcap_repeat_instrument/>
    <redcap_repeat_instance/>
    <rand_date_q1>2023-09-26</rand_date_q1>
    <rand_time_q2>19:42</rand_time_q2>
    <rand_treatgroup_q3>1</rand_treatgroup_q3>
    <randomization_complete>2</randomization_complete>
  </row>
  <row>
    <cons_recordid_q1>IDeA30556D</cons_recordid_q1>
    <redcap_event_name>v1_arm_1</redcap_event_name>
    <redcap_repeat_instrument/>
    <redcap_repeat_instance/>
    <rand_date_q1>2023-09-26</rand_date_q1>
    <rand_time_q2>19:43</rand_time_q2>
    <rand_treatgroup_q3>2</rand_treatgroup_q3>
    <randomization_complete>2</randomization_complete>
  </row>
  <row>
    <cons_recordid_q1>IDeA30559G</cons_recordid_q1>
    <redcap_event_name>v1_arm_1</redcap_event_name>
    <redcap_repeat_instrument/>
    <redcap_repeat_instance/>
    <rand_date_q1>2023-10-18</rand_date_q1>
    <rand_time_q2>16:14</rand_time_q2>
    <rand_treatgroup_q3>5</rand_treatgroup_q3>
    <randomization_complete>2</randomization_complete>
  </row>
  <row>
    <cons_recordid_q1>IDeA30560F</cons_recordid_q1>
    <redcap_event_name>v1_arm_1</redcap_event_name>
    <redcap_repeat_instrument/>
    <redcap_repeat_instance/>
    <rand_date_q1>2023-10-11</rand_date_q1>
    <rand_time_q2>15:40</rand_time_q2>
    <rand_treatgroup_q3>1</rand_treatgroup_q3>
    <randomization_complete>2</randomization_complete>
  </row>
  <row>
    <cons_recordid_q1>IDeA30561J</cons_recordid_q1>
    <redcap_event_name>v1_arm_1</redcap_event_name>
    <redcap_repeat_instrument/>
    <redcap_repeat_instance/>
    <rand_date_q1>2023-10-11</rand_date_q1>
    <rand_time_q2>15:42</rand_time_q2>
    <rand_treatgroup_q3>2</rand_treatgroup_q3>
    <randomization_complete>2</randomization_complete>
  </row>
  <row>
    <cons_recordid_q1>IDeA30568D</cons_recordid_q1>
    <redcap_event_name>v1_arm_1</redcap_event_name>
    <redcap_repeat_instrument/>
    <redcap_repeat_instance/>
    <rand_date_q1>2023-10-04</rand_date_q1>
    <rand_time_q2>19:28</rand_time_q2>
    <rand_treatgroup_q3>4</rand_treatgroup_q3>
    <randomization_complete>2</randomization_complete>
  </row>
  <row>
    <cons_recordid_q1>IDeA30570J</cons_recordid_q1>
    <redcap_event_name>v1_arm_1</redcap_event_name>
    <redcap_repeat_instrument/>
    <redcap_repeat_instance/>
    <rand_date_q1>2023-10-04</rand_date_q1>
    <rand_time_q2>19:29</rand_time_q2>
    <rand_treatgroup_q3>5</rand_treatgroup_q3>
    <randomization_complete>2</randomization_complete>
  </row>
  <row>
    <cons_recordid_q1>IDeA30574D</cons_recordid_q1>
    <redcap_event_name>v1_arm_1</redcap_event_name>
    <redcap_repeat_instrument/>
    <redcap_repeat_instance/>
    <rand_date_q1>2023-10-04</rand_date_q1>
    <rand_time_q2>19:29</rand_time_q2>
    <rand_treatgroup_q3>3</rand_treatgroup_q3>
    <randomization_complete>2</randomization_complete>
  </row>
  <row>
    <cons_recordid_q1>IDeA30582J</cons_recordid_q1>
    <redcap_event_name>v1_arm_1</redcap_event_name>
    <redcap_repeat_instrument/>
    <redcap_repeat_instance/>
    <rand_date_q1>2023-09-26</rand_date_q1>
    <rand_time_q2>19:44</rand_time_q2>
    <rand_treatgroup_q3>6</rand_treatgroup_q3>
    <randomization_complete>2</randomization_complete>
  </row>
  <row>
    <cons_recordid_q1>IDeA30583B</cons_recordid_q1>
    <redcap_event_name>v1_arm_1</redcap_event_name>
    <redcap_repeat_instrument/>
    <redcap_repeat_instance/>
    <rand_date_q1>2023-10-04</rand_date_q1>
    <rand_time_q2>19:30</rand_time_q2>
    <rand_treatgroup_q3>6</rand_treatgroup_q3>
    <randomization_complete>2</randomization_complete>
  </row>
  <row>
    <cons_recordid_q1>IDeA30584E</cons_recordid_q1>
    <redcap_event_name>v1_arm_1</redcap_event_name>
    <redcap_repeat_instrument/>
    <redcap_repeat_instance/>
    <rand_date_q1>2023-10-18</rand_date_q1>
    <rand_time_q2>16:14</rand_time_q2>
    <rand_treatgroup_q3>3</rand_treatgroup_q3>
    <randomization_complete>2</randomization_complete>
  </row>
  <row>
    <cons_recordid_q1>IDeA30587H</cons_recordid_q1>
    <redcap_event_name>v1_arm_1</redcap_event_name>
    <redcap_repeat_instrument/>
    <redcap_repeat_instance/>
    <rand_date_q1>2023-10-04</rand_date_q1>
    <rand_time_q2>19:30</rand_time_q2>
    <rand_treatgroup_q3>6</rand_treatgroup_q3>
    <randomization_complete>2</randomization_complete>
  </row>
  <row>
    <cons_recordid_q1>IDeA30593H</cons_recordid_q1>
    <redcap_event_name>v1_arm_1</redcap_event_name>
    <redcap_repeat_instrument/>
    <redcap_repeat_instance/>
    <rand_date_q1>2023-10-04</rand_date_q1>
    <rand_time_q2>19:31</rand_time_q2>
    <rand_treatgroup_q3>3</rand_treatgroup_q3>
    <randomization_complete>2</randomization_complete>
  </row>
  <row>
    <cons_recordid_q1>IDeA30596J</cons_recordid_q1>
    <redcap_event_name>v1_arm_1</redcap_event_name>
    <redcap_repeat_instrument/>
    <redcap_repeat_instance/>
    <rand_date_q1>2023-10-04</rand_date_q1>
    <rand_time_q2>19:39</rand_time_q2>
    <rand_treatgroup_q3>5</rand_treatgroup_q3>
    <randomization_complete>2</randomization_complete>
  </row>
  <row>
    <cons_recordid_q1>IDeA30600C</cons_recordid_q1>
    <redcap_event_name>v1_arm_1</redcap_event_name>
    <redcap_repeat_instrument/>
    <redcap_repeat_instance/>
    <rand_date_q1>2023-10-18</rand_date_q1>
    <rand_time_q2>16:15</rand_time_q2>
    <rand_treatgroup_q3>6</rand_treatgroup_q3>
    <randomization_complete>2</randomization_complete>
  </row>
</data>
