<?xml version='1.0' encoding='utf-8'?>
<data>
  <row>
    <cons_recordid_q1>IDeA30017E</cons_recordid_q1>
    <redcap_event_name>unscheduled_tasks_arm_1</redcap_event_name>
    <redcap_repeat_instrument/>
    <redcap_repeat_instance/>
    <wdra_date_q1>2024-03-26</wdra_date_q1>
    <wdra_staff_q2>kbajo</wdra_staff_q2>
    <wdra_reason_q3___1>0</wdra_reason_q3___1>
    <wdra_reason_q3___2>0</wdra_reason_q3___2>
    <wdra_reason_q3___3>0</wdra_reason_q3___3>
    <wdra_reason_q3___4>0</wdra_reason_q3___4>
    <wdra_reason_q3___5>0</wdra_reason_q3___5>
    <wdra_reason_q3___6>0</wdra_reason_q3___6>
    <wdra_reason_q3___7>1</wdra_reason_q3___7>
    <a_if_other_specify/>
    <wdra_comment_q4>Loss for follow up </wdra_comment_q4>
    <withdrawal_complete>2</withdrawal_complete>
  </row>
  <row>
    <cons_recordid_q1>IDeA30026E</cons_recordid_q1>
    <redcap_event_name>unscheduled_tasks_arm_1</redcap_event_name>
    <redcap_repeat_instrument/>
    <redcap_repeat_instance/>
    <wdra_date_q1>2023-06-24</wdra_date_q1>
    <wdra_staff_q2>Kbbayo </wdra_staff_q2>
    <wdra_reason_q3___1>0</wdra_reason_q3___1>
    <wdra_reason_q3___2>0</wdra_reason_q3___2>
    <wdra_reason_q3___3>0</wdra_reason_q3___3>
    <wdra_reason_q3___4>0</wdra_reason_q3___4>
    <wdra_reason_q3___5>0</wdra_reason_q3___5>
    <wdra_reason_q3___6>0</wdra_reason_q3___6>
    <wdra_reason_q3___7>1</wdra_reason_q3___7>
    <a_if_other_specify>Loss to follow up</a_if_other_specify>
    <wdra_comment_q4/>
    <withdrawal_complete>2</withdrawal_complete>
  </row>
  <row>
    <cons_recordid_q1>IDeA30028G</cons_recordid_q1>
    <redcap_event_name>unscheduled_tasks_arm_1</redcap_event_name>
    <redcap_repeat_instrument/>
    <redcap_repeat_instance/>
    <wdra_date_q1>2023-07-20</wdra_date_q1>
    <wdra_staff_q2>Kbbayo </wdra_staff_q2>
    <wdra_reason_q3___1>0</wdra_reason_q3___1>
    <wdra_reason_q3___2>0</wdra_reason_q3___2>
    <wdra_reason_q3___3>0</wdra_reason_q3___3>
    <wdra_reason_q3___4>0</wdra_reason_q3___4>
    <wdra_reason_q3___5>0</wdra_reason_q3___5>
    <wdra_reason_q3___6>0</wdra_reason_q3___6>
    <wdra_reason_q3___7>1</wdra_reason_q3___7>
    <a_if_other_specify>Loss for follow up</a_if_other_specify>
    <wdra_comment_q4>The  participant travelled for a week, later came back and withdrew without any reason </wdra_comment_q4>
    <withdrawal_complete>2</withdrawal_complete>
  </row>
  <row>
    <cons_recordid_q1>IDeA30078D</cons_recordid_q1>
    <redcap_event_name>unscheduled_tasks_arm_1</redcap_event_name>
    <redcap_repeat_instrument/>
    <redcap_repeat_instance/>
    <wdra_date_q1>2023-05-15</wdra_date_q1>
    <wdra_staff_q2>ncamara</wdra_staff_q2>
    <wdra_reason_q3___1>0</wdra_reason_q3___1>
    <wdra_reason_q3___2>1</wdra_reason_q3___2>
    <wdra_reason_q3___3>0</wdra_reason_q3___3>
    <wdra_reason_q3___4>0</wdra_reason_q3___4>
    <wdra_reason_q3___5>0</wdra_reason_q3___5>
    <wdra_reason_q3___6>0</wdra_reason_q3___6>
    <wdra_reason_q3___7>0</wdra_reason_q3___7>
    <a_if_other_specify/>
    <wdra_comment_q4/>
    <withdrawal_complete>2</withdrawal_complete>
  </row>
  <row>
    <cons_recordid_q1>IDeA30095H</cons_recordid_q1>
    <redcap_event_name>unscheduled_tasks_arm_1</redcap_event_name>
    <redcap_repeat_instrument/>
    <redcap_repeat_instance/>
    <wdra_date_q1>2023-07-10</wdra_date_q1>
    <wdra_staff_q2>psfofana</wdra_staff_q2>
    <wdra_reason_q3___1>0</wdra_reason_q3___1>
    <wdra_reason_q3___2>0</wdra_reason_q3___2>
    <wdra_reason_q3___3>0</wdra_reason_q3___3>
    <wdra_reason_q3___4>0</wdra_reason_q3___4>
    <wdra_reason_q3___5>0</wdra_reason_q3___5>
    <wdra_reason_q3___6>0</wdra_reason_q3___6>
    <wdra_reason_q3___7>1</wdra_reason_q3___7>
    <a_if_other_specify>Lost to follow up</a_if_other_specify>
    <wdra_comment_q4/>
    <withdrawal_complete>2</withdrawal_complete>
  </row>
  <row>
    <cons_recordid_q1>IDeA30097D</cons_recordid_q1>
    <redcap_event_name>unscheduled_tasks_arm_1</redcap_event_name>
    <redcap_repeat_instrument/>
    <redcap_repeat_instance/>
    <wdra_date_q1>2023-07-09</wdra_date_q1>
    <wdra_staff_q2>psfofana</wdra_staff_q2>
    <wdra_reason_q3___1>0</wdra_reason_q3___1>
    <wdra_reason_q3___2>0</wdra_reason_q3___2>
    <wdra_reason_q3___3>0</wdra_reason_q3___3>
    <wdra_reason_q3___4>0</wdra_reason_q3___4>
    <wdra_reason_q3___5>0</wdra_reason_q3___5>
    <wdra_reason_q3___6>0</wdra_reason_q3___6>
    <wdra_reason_q3___7>1</wdra_reason_q3___7>
    <a_if_other_specify>Lost to follow up</a_if_other_specify>
    <wdra_comment_q4/>
    <withdrawal_complete>2</withdrawal_complete>
  </row>
  <row>
    <cons_recordid_q1>IDeA30107J</cons_recordid_q1>
    <redcap_event_name>unscheduled_tasks_arm_1</redcap_event_name>
    <redcap_repeat_instrument/>
    <redcap_repeat_instance/>
    <wdra_date_q1>2023-05-15</wdra_date_q1>
    <wdra_staff_q2>ncamara</wdra_staff_q2>
    <wdra_reason_q3___1>0</wdra_reason_q3___1>
    <wdra_reason_q3___2>1</wdra_reason_q3___2>
    <wdra_reason_q3___3>0</wdra_reason_q3___3>
    <wdra_reason_q3___4>0</wdra_reason_q3___4>
    <wdra_reason_q3___5>0</wdra_reason_q3___5>
    <wdra_reason_q3___6>0</wdra_reason_q3___6>
    <wdra_reason_q3___7>0</wdra_reason_q3___7>
    <a_if_other_specify/>
    <wdra_comment_q4/>
    <withdrawal_complete>2</withdrawal_complete>
  </row>
  <row>
    <cons_recordid_q1>IDeA30110J</cons_recordid_q1>
    <redcap_event_name>unscheduled_tasks_arm_1</redcap_event_name>
    <redcap_repeat_instrument/>
    <redcap_repeat_instance/>
    <wdra_date_q1>2023-06-21</wdra_date_q1>
    <wdra_staff_q2>abjallow</wdra_staff_q2>
    <wdra_reason_q3___1>0</wdra_reason_q3___1>
    <wdra_reason_q3___2>0</wdra_reason_q3___2>
    <wdra_reason_q3___3>0</wdra_reason_q3___3>
    <wdra_reason_q3___4>0</wdra_reason_q3___4>
    <wdra_reason_q3___5>0</wdra_reason_q3___5>
    <wdra_reason_q3___6>0</wdra_reason_q3___6>
    <wdra_reason_q3___7>1</wdra_reason_q3___7>
    <a_if_other_specify>Lost to follow up</a_if_other_specify>
    <wdra_comment_q4>Child was supplemented the first day, however mother refused subsequent supplementation</wdra_comment_q4>
    <withdrawal_complete>2</withdrawal_complete>
  </row>
  <row>
    <cons_recordid_q1>IDeA30113F</cons_recordid_q1>
    <redcap_event_name>unscheduled_tasks_arm_1</redcap_event_name>
    <redcap_repeat_instrument/>
    <redcap_repeat_instance/>
    <wdra_date_q1>2023-06-09</wdra_date_q1>
    <wdra_staff_q2>fobah</wdra_staff_q2>
    <wdra_reason_q3___1>0</wdra_reason_q3___1>
    <wdra_reason_q3___2>1</wdra_reason_q3___2>
    <wdra_reason_q3___3>0</wdra_reason_q3___3>
    <wdra_reason_q3___4>0</wdra_reason_q3___4>
    <wdra_reason_q3___5>0</wdra_reason_q3___5>
    <wdra_reason_q3___6>0</wdra_reason_q3___6>
    <wdra_reason_q3___7>0</wdra_reason_q3___7>
    <a_if_other_specify/>
    <wdra_comment_q4>They declined  after  pr_screening </wdra_comment_q4>
    <withdrawal_complete>2</withdrawal_complete>
  </row>
  <row>
    <cons_recordid_q1>IDeA30128J</cons_recordid_q1>
    <redcap_event_name>unscheduled_tasks_arm_1</redcap_event_name>
    <redcap_repeat_instrument/>
    <redcap_repeat_instance/>
    <wdra_date_q1>2023-05-15</wdra_date_q1>
    <wdra_staff_q2>ncamara</wdra_staff_q2>
    <wdra_reason_q3___1>0</wdra_reason_q3___1>
    <wdra_reason_q3___2>1</wdra_reason_q3___2>
    <wdra_reason_q3___3>0</wdra_reason_q3___3>
    <wdra_reason_q3___4>0</wdra_reason_q3___4>
    <wdra_reason_q3___5>0</wdra_reason_q3___5>
    <wdra_reason_q3___6>0</wdra_reason_q3___6>
    <wdra_reason_q3___7>0</wdra_reason_q3___7>
    <a_if_other_specify/>
    <wdra_comment_q4/>
    <withdrawal_complete>2</withdrawal_complete>
  </row>
  <row>
    <cons_recordid_q1>IDeA30135K</cons_recordid_q1>
    <redcap_event_name>unscheduled_tasks_arm_1</redcap_event_name>
    <redcap_repeat_instrument/>
    <redcap_repeat_instance/>
    <wdra_date_q1>2024-01-23</wdra_date_q1>
    <wdra_staff_q2>kbajo</wdra_staff_q2>
    <wdra_reason_q3___1>0</wdra_reason_q3___1>
    <wdra_reason_q3___2>0</wdra_reason_q3___2>
    <wdra_reason_q3___3>0</wdra_reason_q3___3>
    <wdra_reason_q3___4>0</wdra_reason_q3___4>
    <wdra_reason_q3___5>0</wdra_reason_q3___5>
    <wdra_reason_q3___6>0</wdra_reason_q3___6>
    <wdra_reason_q3___7>1</wdra_reason_q3___7>
    <a_if_other_specify>Loss for follow up </a_if_other_specify>
    <wdra_comment_q4/>
    <withdrawal_complete>2</withdrawal_complete>
  </row>
  <row>
    <cons_recordid_q1>IDeA30137G</cons_recordid_q1>
    <redcap_event_name>unscheduled_tasks_arm_1</redcap_event_name>
    <redcap_repeat_instrument/>
    <redcap_repeat_instance/>
    <wdra_date_q1>2023-05-23</wdra_date_q1>
    <wdra_staff_q2>kbajo</wdra_staff_q2>
    <wdra_reason_q3___1>0</wdra_reason_q3___1>
    <wdra_reason_q3___2>1</wdra_reason_q3___2>
    <wdra_reason_q3___3>0</wdra_reason_q3___3>
    <wdra_reason_q3___4>0</wdra_reason_q3___4>
    <wdra_reason_q3___5>0</wdra_reason_q3___5>
    <wdra_reason_q3___6>0</wdra_reason_q3___6>
    <wdra_reason_q3___7>0</wdra_reason_q3___7>
    <a_if_other_specify/>
    <wdra_comment_q4/>
    <withdrawal_complete>2</withdrawal_complete>
  </row>
  <row>
    <cons_recordid_q1>IDeA30141F</cons_recordid_q1>
    <redcap_event_name>unscheduled_tasks_arm_1</redcap_event_name>
    <redcap_repeat_instrument/>
    <redcap_repeat_instance/>
    <wdra_date_q1>2023-05-15</wdra_date_q1>
    <wdra_staff_q2>ncamara</wdra_staff_q2>
    <wdra_reason_q3___1>0</wdra_reason_q3___1>
    <wdra_reason_q3___2>1</wdra_reason_q3___2>
    <wdra_reason_q3___3>0</wdra_reason_q3___3>
    <wdra_reason_q3___4>0</wdra_reason_q3___4>
    <wdra_reason_q3___5>0</wdra_reason_q3___5>
    <wdra_reason_q3___6>0</wdra_reason_q3___6>
    <wdra_reason_q3___7>0</wdra_reason_q3___7>
    <a_if_other_specify/>
    <wdra_comment_q4/>
    <withdrawal_complete>2</withdrawal_complete>
  </row>
  <row>
    <cons_recordid_q1>IDeA30179J</cons_recordid_q1>
    <redcap_event_name>unscheduled_tasks_arm_1</redcap_event_name>
    <redcap_repeat_instrument/>
    <redcap_repeat_instance/>
    <wdra_date_q1>2024-01-22</wdra_date_q1>
    <wdra_staff_q2>fobah</wdra_staff_q2>
    <wdra_reason_q3___1>0</wdra_reason_q3___1>
    <wdra_reason_q3___2>0</wdra_reason_q3___2>
    <wdra_reason_q3___3>0</wdra_reason_q3___3>
    <wdra_reason_q3___4>0</wdra_reason_q3___4>
    <wdra_reason_q3___5>0</wdra_reason_q3___5>
    <wdra_reason_q3___6>0</wdra_reason_q3___6>
    <wdra_reason_q3___7>1</wdra_reason_q3___7>
    <a_if_other_specify>Loss to follow up</a_if_other_specify>
    <wdra_comment_q4/>
    <withdrawal_complete>2</withdrawal_complete>
  </row>
  <row>
    <cons_recordid_q1>IDeA30193K</cons_recordid_q1>
    <redcap_event_name>unscheduled_tasks_arm_1</redcap_event_name>
    <redcap_repeat_instrument/>
    <redcap_repeat_instance/>
    <wdra_date_q1>2023-05-26</wdra_date_q1>
    <wdra_staff_q2>Mjarjusey</wdra_staff_q2>
    <wdra_reason_q3___1>0</wdra_reason_q3___1>
    <wdra_reason_q3___2>0</wdra_reason_q3___2>
    <wdra_reason_q3___3>0</wdra_reason_q3___3>
    <wdra_reason_q3___4>0</wdra_reason_q3___4>
    <wdra_reason_q3___5>0</wdra_reason_q3___5>
    <wdra_reason_q3___6>0</wdra_reason_q3___6>
    <wdra_reason_q3___7>1</wdra_reason_q3___7>
    <a_if_other_specify>Lost to follow up</a_if_other_specify>
    <wdra_comment_q4>Participant have migrated to kombo</wdra_comment_q4>
    <withdrawal_complete>2</withdrawal_complete>
  </row>
  <row>
    <cons_recordid_q1>IDeA30200J</cons_recordid_q1>
    <redcap_event_name>unscheduled_tasks_arm_1</redcap_event_name>
    <redcap_repeat_instrument/>
    <redcap_repeat_instance/>
    <wdra_date_q1>2023-09-06</wdra_date_q1>
    <wdra_staff_q2>sgaye </wdra_staff_q2>
    <wdra_reason_q3___1>0</wdra_reason_q3___1>
    <wdra_reason_q3___2>1</wdra_reason_q3___2>
    <wdra_reason_q3___3>0</wdra_reason_q3___3>
    <wdra_reason_q3___4>0</wdra_reason_q3___4>
    <wdra_reason_q3___5>0</wdra_reason_q3___5>
    <wdra_reason_q3___6>0</wdra_reason_q3___6>
    <wdra_reason_q3___7>0</wdra_reason_q3___7>
    <a_if_other_specify/>
    <wdra_comment_q4/>
    <withdrawal_complete>2</withdrawal_complete>
  </row>
  <row>
    <cons_recordid_q1>IDeA30205G</cons_recordid_q1>
    <redcap_event_name>unscheduled_tasks_arm_1</redcap_event_name>
    <redcap_repeat_instrument/>
    <redcap_repeat_instance/>
    <wdra_date_q1>2023-05-23</wdra_date_q1>
    <wdra_staff_q2>kbajo</wdra_staff_q2>
    <wdra_reason_q3___1>0</wdra_reason_q3___1>
    <wdra_reason_q3___2>1</wdra_reason_q3___2>
    <wdra_reason_q3___3>0</wdra_reason_q3___3>
    <wdra_reason_q3___4>0</wdra_reason_q3___4>
    <wdra_reason_q3___5>0</wdra_reason_q3___5>
    <wdra_reason_q3___6>0</wdra_reason_q3___6>
    <wdra_reason_q3___7>0</wdra_reason_q3___7>
    <a_if_other_specify/>
    <wdra_comment_q4/>
    <withdrawal_complete>2</withdrawal_complete>
  </row>
  <row>
    <cons_recordid_q1>IDeA30209H</cons_recordid_q1>
    <redcap_event_name>unscheduled_tasks_arm_1</redcap_event_name>
    <redcap_repeat_instrument/>
    <redcap_repeat_instance/>
    <wdra_date_q1>2023-05-29</wdra_date_q1>
    <wdra_staff_q2>Fobah</wdra_staff_q2>
    <wdra_reason_q3___1>0</wdra_reason_q3___1>
    <wdra_reason_q3___2>1</wdra_reason_q3___2>
    <wdra_reason_q3___3>0</wdra_reason_q3___3>
    <wdra_reason_q3___4>0</wdra_reason_q3___4>
    <wdra_reason_q3___5>0</wdra_reason_q3___5>
    <wdra_reason_q3___6>0</wdra_reason_q3___6>
    <wdra_reason_q3___7>0</wdra_reason_q3___7>
    <a_if_other_specify/>
    <wdra_comment_q4/>
    <withdrawal_complete>2</withdrawal_complete>
  </row>
  <row>
    <cons_recordid_q1>IDeA30213H</cons_recordid_q1>
    <redcap_event_name>unscheduled_tasks_arm_1</redcap_event_name>
    <redcap_repeat_instrument/>
    <redcap_repeat_instance/>
    <wdra_date_q1>2024-01-23</wdra_date_q1>
    <wdra_staff_q2>kbajo</wdra_staff_q2>
    <wdra_reason_q3___1>0</wdra_reason_q3___1>
    <wdra_reason_q3___2>0</wdra_reason_q3___2>
    <wdra_reason_q3___3>0</wdra_reason_q3___3>
    <wdra_reason_q3___4>0</wdra_reason_q3___4>
    <wdra_reason_q3___5>0</wdra_reason_q3___5>
    <wdra_reason_q3___6>0</wdra_reason_q3___6>
    <wdra_reason_q3___7>1</wdra_reason_q3___7>
    <a_if_other_specify>Loss for follow up </a_if_other_specify>
    <wdra_comment_q4/>
    <withdrawal_complete>2</withdrawal_complete>
  </row>
  <row>
    <cons_recordid_q1>IDeA30225D</cons_recordid_q1>
    <redcap_event_name>unscheduled_tasks_arm_1</redcap_event_name>
    <redcap_repeat_instrument/>
    <redcap_repeat_instance/>
    <wdra_date_q1>2023-07-13</wdra_date_q1>
    <wdra_staff_q2>snjie</wdra_staff_q2>
    <wdra_reason_q3___1>0</wdra_reason_q3___1>
    <wdra_reason_q3___2>1</wdra_reason_q3___2>
    <wdra_reason_q3___3>0</wdra_reason_q3___3>
    <wdra_reason_q3___4>0</wdra_reason_q3___4>
    <wdra_reason_q3___5>0</wdra_reason_q3___5>
    <wdra_reason_q3___6>0</wdra_reason_q3___6>
    <wdra_reason_q3___7>0</wdra_reason_q3___7>
    <a_if_other_specify/>
    <wdra_comment_q4/>
    <withdrawal_complete>2</withdrawal_complete>
  </row>
  <row>
    <cons_recordid_q1>IDeA30234J</cons_recordid_q1>
    <redcap_event_name>unscheduled_tasks_arm_1</redcap_event_name>
    <redcap_repeat_instrument/>
    <redcap_repeat_instance/>
    <wdra_date_q1>2023-06-19</wdra_date_q1>
    <wdra_staff_q2>kbajo</wdra_staff_q2>
    <wdra_reason_q3___1>0</wdra_reason_q3___1>
    <wdra_reason_q3___2>0</wdra_reason_q3___2>
    <wdra_reason_q3___3>0</wdra_reason_q3___3>
    <wdra_reason_q3___4>0</wdra_reason_q3___4>
    <wdra_reason_q3___5>0</wdra_reason_q3___5>
    <wdra_reason_q3___6>0</wdra_reason_q3___6>
    <wdra_reason_q3___7>1</wdra_reason_q3___7>
    <a_if_other_specify>Lost to follow up</a_if_other_specify>
    <wdra_comment_q4>This participant is not eligible as his/her haemoglobin was normal. However, he/she was randomised mistakenly. </wdra_comment_q4>
    <withdrawal_complete>2</withdrawal_complete>
  </row>
  <row>
    <cons_recordid_q1>IDeA30244B</cons_recordid_q1>
    <redcap_event_name>unscheduled_tasks_arm_1</redcap_event_name>
    <redcap_repeat_instrument/>
    <redcap_repeat_instance/>
    <wdra_date_q1>2023-05-29</wdra_date_q1>
    <wdra_staff_q2>Fobah </wdra_staff_q2>
    <wdra_reason_q3___1>0</wdra_reason_q3___1>
    <wdra_reason_q3___2>1</wdra_reason_q3___2>
    <wdra_reason_q3___3>0</wdra_reason_q3___3>
    <wdra_reason_q3___4>0</wdra_reason_q3___4>
    <wdra_reason_q3___5>0</wdra_reason_q3___5>
    <wdra_reason_q3___6>0</wdra_reason_q3___6>
    <wdra_reason_q3___7>0</wdra_reason_q3___7>
    <a_if_other_specify/>
    <wdra_comment_q4/>
    <withdrawal_complete>2</withdrawal_complete>
  </row>
  <row>
    <cons_recordid_q1>IDeA30252H</cons_recordid_q1>
    <redcap_event_name>unscheduled_tasks_arm_1</redcap_event_name>
    <redcap_repeat_instrument/>
    <redcap_repeat_instance/>
    <wdra_date_q1>2023-05-23</wdra_date_q1>
    <wdra_staff_q2>kbajo</wdra_staff_q2>
    <wdra_reason_q3___1>0</wdra_reason_q3___1>
    <wdra_reason_q3___2>1</wdra_reason_q3___2>
    <wdra_reason_q3___3>0</wdra_reason_q3___3>
    <wdra_reason_q3___4>0</wdra_reason_q3___4>
    <wdra_reason_q3___5>0</wdra_reason_q3___5>
    <wdra_reason_q3___6>0</wdra_reason_q3___6>
    <wdra_reason_q3___7>0</wdra_reason_q3___7>
    <a_if_other_specify/>
    <wdra_comment_q4/>
    <withdrawal_complete>2</withdrawal_complete>
  </row>
  <row>
    <cons_recordid_q1>IDeA30266F</cons_recordid_q1>
    <redcap_event_name>unscheduled_tasks_arm_1</redcap_event_name>
    <redcap_repeat_instrument/>
    <redcap_repeat_instance/>
    <wdra_date_q1>2023-05-15</wdra_date_q1>
    <wdra_staff_q2>ncamara</wdra_staff_q2>
    <wdra_reason_q3___1>0</wdra_reason_q3___1>
    <wdra_reason_q3___2>1</wdra_reason_q3___2>
    <wdra_reason_q3___3>0</wdra_reason_q3___3>
    <wdra_reason_q3___4>0</wdra_reason_q3___4>
    <wdra_reason_q3___5>0</wdra_reason_q3___5>
    <wdra_reason_q3___6>0</wdra_reason_q3___6>
    <wdra_reason_q3___7>0</wdra_reason_q3___7>
    <a_if_other_specify/>
    <wdra_comment_q4/>
    <withdrawal_complete>2</withdrawal_complete>
  </row>
  <row>
    <cons_recordid_q1>IDeA30269J</cons_recordid_q1>
    <redcap_event_name>unscheduled_tasks_arm_1</redcap_event_name>
    <redcap_repeat_instrument/>
    <redcap_repeat_instance/>
    <wdra_date_q1>2023-05-15</wdra_date_q1>
    <wdra_staff_q2>ncamara</wdra_staff_q2>
    <wdra_reason_q3___1>1</wdra_reason_q3___1>
    <wdra_reason_q3___2>0</wdra_reason_q3___2>
    <wdra_reason_q3___3>0</wdra_reason_q3___3>
    <wdra_reason_q3___4>0</wdra_reason_q3___4>
    <wdra_reason_q3___5>0</wdra_reason_q3___5>
    <wdra_reason_q3___6>0</wdra_reason_q3___6>
    <wdra_reason_q3___7>0</wdra_reason_q3___7>
    <a_if_other_specify/>
    <wdra_comment_q4/>
    <withdrawal_complete>2</withdrawal_complete>
  </row>
  <row>
    <cons_recordid_q1>IDeA30277C</cons_recordid_q1>
    <redcap_event_name>unscheduled_tasks_arm_1</redcap_event_name>
    <redcap_repeat_instrument/>
    <redcap_repeat_instance/>
    <wdra_date_q1>2023-05-21</wdra_date_q1>
    <wdra_staff_q2>fobah</wdra_staff_q2>
    <wdra_reason_q3___1>0</wdra_reason_q3___1>
    <wdra_reason_q3___2>0</wdra_reason_q3___2>
    <wdra_reason_q3___3>0</wdra_reason_q3___3>
    <wdra_reason_q3___4>0</wdra_reason_q3___4>
    <wdra_reason_q3___5>0</wdra_reason_q3___5>
    <wdra_reason_q3___6>0</wdra_reason_q3___6>
    <wdra_reason_q3___7>1</wdra_reason_q3___7>
    <a_if_other_specify>Lost to follow up</a_if_other_specify>
    <wdra_comment_q4>Participant have migrated to kombo</wdra_comment_q4>
    <withdrawal_complete>2</withdrawal_complete>
  </row>
  <row>
    <cons_recordid_q1>IDeA30281J</cons_recordid_q1>
    <redcap_event_name>unscheduled_tasks_arm_1</redcap_event_name>
    <redcap_repeat_instrument/>
    <redcap_repeat_instance/>
    <wdra_date_q1>2023-05-23</wdra_date_q1>
    <wdra_staff_q2>kbajo</wdra_staff_q2>
    <wdra_reason_q3___1>0</wdra_reason_q3___1>
    <wdra_reason_q3___2>1</wdra_reason_q3___2>
    <wdra_reason_q3___3>0</wdra_reason_q3___3>
    <wdra_reason_q3___4>0</wdra_reason_q3___4>
    <wdra_reason_q3___5>0</wdra_reason_q3___5>
    <wdra_reason_q3___6>0</wdra_reason_q3___6>
    <wdra_reason_q3___7>0</wdra_reason_q3___7>
    <a_if_other_specify/>
    <wdra_comment_q4/>
    <withdrawal_complete>2</withdrawal_complete>
  </row>
  <row>
    <cons_recordid_q1>IDeA30282G</cons_recordid_q1>
    <redcap_event_name>unscheduled_tasks_arm_1</redcap_event_name>
    <redcap_repeat_instrument/>
    <redcap_repeat_instance/>
    <wdra_date_q1>2023-09-13</wdra_date_q1>
    <wdra_staff_q2>sgaye </wdra_staff_q2>
    <wdra_reason_q3___1>1</wdra_reason_q3___1>
    <wdra_reason_q3___2>0</wdra_reason_q3___2>
    <wdra_reason_q3___3>0</wdra_reason_q3___3>
    <wdra_reason_q3___4>0</wdra_reason_q3___4>
    <wdra_reason_q3___5>0</wdra_reason_q3___5>
    <wdra_reason_q3___6>0</wdra_reason_q3___6>
    <wdra_reason_q3___7>0</wdra_reason_q3___7>
    <a_if_other_specify/>
    <wdra_comment_q4/>
    <withdrawal_complete>2</withdrawal_complete>
  </row>
  <row>
    <cons_recordid_q1>IDeA30290B</cons_recordid_q1>
    <redcap_event_name>unscheduled_tasks_arm_1</redcap_event_name>
    <redcap_repeat_instrument/>
    <redcap_repeat_instance/>
    <wdra_date_q1>2023-06-11</wdra_date_q1>
    <wdra_staff_q2>fobah</wdra_staff_q2>
    <wdra_reason_q3___1>0</wdra_reason_q3___1>
    <wdra_reason_q3___2>0</wdra_reason_q3___2>
    <wdra_reason_q3___3>0</wdra_reason_q3___3>
    <wdra_reason_q3___4>0</wdra_reason_q3___4>
    <wdra_reason_q3___5>0</wdra_reason_q3___5>
    <wdra_reason_q3___6>0</wdra_reason_q3___6>
    <wdra_reason_q3___7>1</wdra_reason_q3___7>
    <a_if_other_specify>Lost to follow up</a_if_other_specify>
    <wdra_comment_q4>The father said since the child started taken the supplement the  child is losing weight, so he decided to withdraw </wdra_comment_q4>
    <withdrawal_complete>2</withdrawal_complete>
  </row>
  <row>
    <cons_recordid_q1>IDeA30294K</cons_recordid_q1>
    <redcap_event_name>unscheduled_tasks_arm_1</redcap_event_name>
    <redcap_repeat_instrument/>
    <redcap_repeat_instance/>
    <wdra_date_q1>2023-07-25</wdra_date_q1>
    <wdra_staff_q2>OEC</wdra_staff_q2>
    <wdra_reason_q3___1>0</wdra_reason_q3___1>
    <wdra_reason_q3___2>0</wdra_reason_q3___2>
    <wdra_reason_q3___3>0</wdra_reason_q3___3>
    <wdra_reason_q3___4>0</wdra_reason_q3___4>
    <wdra_reason_q3___5>0</wdra_reason_q3___5>
    <wdra_reason_q3___6>0</wdra_reason_q3___6>
    <wdra_reason_q3___7>1</wdra_reason_q3___7>
    <a_if_other_specify>Loss for follow up </a_if_other_specify>
    <wdra_comment_q4/>
    <withdrawal_complete>2</withdrawal_complete>
  </row>
  <row>
    <cons_recordid_q1>IDeA30298C</cons_recordid_q1>
    <redcap_event_name>unscheduled_tasks_arm_1</redcap_event_name>
    <redcap_repeat_instrument/>
    <redcap_repeat_instance/>
    <wdra_date_q1>2023-05-19</wdra_date_q1>
    <wdra_staff_q2>kb</wdra_staff_q2>
    <wdra_reason_q3___1>0</wdra_reason_q3___1>
    <wdra_reason_q3___2>0</wdra_reason_q3___2>
    <wdra_reason_q3___3>0</wdra_reason_q3___3>
    <wdra_reason_q3___4>0</wdra_reason_q3___4>
    <wdra_reason_q3___5>0</wdra_reason_q3___5>
    <wdra_reason_q3___6>0</wdra_reason_q3___6>
    <wdra_reason_q3___7>1</wdra_reason_q3___7>
    <a_if_other_specify>Lost to follow up</a_if_other_specify>
    <wdra_comment_q4/>
    <withdrawal_complete>2</withdrawal_complete>
  </row>
  <row>
    <cons_recordid_q1>IDeA30310C</cons_recordid_q1>
    <redcap_event_name>unscheduled_tasks_arm_1</redcap_event_name>
    <redcap_repeat_instrument/>
    <redcap_repeat_instance/>
    <wdra_date_q1>2023-05-15</wdra_date_q1>
    <wdra_staff_q2>fobah</wdra_staff_q2>
    <wdra_reason_q3___1>0</wdra_reason_q3___1>
    <wdra_reason_q3___2>1</wdra_reason_q3___2>
    <wdra_reason_q3___3>0</wdra_reason_q3___3>
    <wdra_reason_q3___4>0</wdra_reason_q3___4>
    <wdra_reason_q3___5>0</wdra_reason_q3___5>
    <wdra_reason_q3___6>0</wdra_reason_q3___6>
    <wdra_reason_q3___7>0</wdra_reason_q3___7>
    <a_if_other_specify/>
    <wdra_comment_q4/>
    <withdrawal_complete>2</withdrawal_complete>
  </row>
  <row>
    <cons_recordid_q1>IDeA30320G</cons_recordid_q1>
    <redcap_event_name>unscheduled_tasks_arm_1</redcap_event_name>
    <redcap_repeat_instrument/>
    <redcap_repeat_instance/>
    <wdra_date_q1>2023-05-16</wdra_date_q1>
    <wdra_staff_q2>sgaye </wdra_staff_q2>
    <wdra_reason_q3___1>0</wdra_reason_q3___1>
    <wdra_reason_q3___2>1</wdra_reason_q3___2>
    <wdra_reason_q3___3>0</wdra_reason_q3___3>
    <wdra_reason_q3___4>0</wdra_reason_q3___4>
    <wdra_reason_q3___5>0</wdra_reason_q3___5>
    <wdra_reason_q3___6>0</wdra_reason_q3___6>
    <wdra_reason_q3___7>0</wdra_reason_q3___7>
    <a_if_other_specify/>
    <wdra_comment_q4/>
    <withdrawal_complete>2</withdrawal_complete>
  </row>
  <row>
    <cons_recordid_q1>IDeA30324A</cons_recordid_q1>
    <redcap_event_name>unscheduled_tasks_arm_1</redcap_event_name>
    <redcap_repeat_instrument/>
    <redcap_repeat_instance/>
    <wdra_date_q1>2023-05-15</wdra_date_q1>
    <wdra_staff_q2>ncamara</wdra_staff_q2>
    <wdra_reason_q3___1>0</wdra_reason_q3___1>
    <wdra_reason_q3___2>1</wdra_reason_q3___2>
    <wdra_reason_q3___3>0</wdra_reason_q3___3>
    <wdra_reason_q3___4>0</wdra_reason_q3___4>
    <wdra_reason_q3___5>0</wdra_reason_q3___5>
    <wdra_reason_q3___6>0</wdra_reason_q3___6>
    <wdra_reason_q3___7>0</wdra_reason_q3___7>
    <a_if_other_specify/>
    <wdra_comment_q4/>
    <withdrawal_complete>2</withdrawal_complete>
  </row>
  <row>
    <cons_recordid_q1>IDeA30327K</cons_recordid_q1>
    <redcap_event_name>unscheduled_tasks_arm_1</redcap_event_name>
    <redcap_repeat_instrument/>
    <redcap_repeat_instance/>
    <wdra_date_q1>2023-12-27</wdra_date_q1>
    <wdra_staff_q2>fobah</wdra_staff_q2>
    <wdra_reason_q3___1>0</wdra_reason_q3___1>
    <wdra_reason_q3___2>0</wdra_reason_q3___2>
    <wdra_reason_q3___3>0</wdra_reason_q3___3>
    <wdra_reason_q3___4>0</wdra_reason_q3___4>
    <wdra_reason_q3___5>0</wdra_reason_q3___5>
    <wdra_reason_q3___6>0</wdra_reason_q3___6>
    <wdra_reason_q3___7>1</wdra_reason_q3___7>
    <a_if_other_specify>Loss to follow up </a_if_other_specify>
    <wdra_comment_q4/>
    <withdrawal_complete>2</withdrawal_complete>
  </row>
  <row>
    <cons_recordid_q1>IDeA30341H</cons_recordid_q1>
    <redcap_event_name>unscheduled_tasks_arm_1</redcap_event_name>
    <redcap_repeat_instrument/>
    <redcap_repeat_instance/>
    <wdra_date_q1>2023-06-05</wdra_date_q1>
    <wdra_staff_q2>OEC</wdra_staff_q2>
    <wdra_reason_q3___1>0</wdra_reason_q3___1>
    <wdra_reason_q3___2>1</wdra_reason_q3___2>
    <wdra_reason_q3___3>0</wdra_reason_q3___3>
    <wdra_reason_q3___4>0</wdra_reason_q3___4>
    <wdra_reason_q3___5>0</wdra_reason_q3___5>
    <wdra_reason_q3___6>0</wdra_reason_q3___6>
    <wdra_reason_q3___7>0</wdra_reason_q3___7>
    <a_if_other_specify/>
    <wdra_comment_q4>Mother declined consent to participate. Mother refused blood collection from the child</wdra_comment_q4>
    <withdrawal_complete>2</withdrawal_complete>
  </row>
  <row>
    <cons_recordid_q1>IDeA30363G</cons_recordid_q1>
    <redcap_event_name>unscheduled_tasks_arm_1</redcap_event_name>
    <redcap_repeat_instrument/>
    <redcap_repeat_instance/>
    <wdra_date_q1>2023-11-21</wdra_date_q1>
    <wdra_staff_q2>fobah</wdra_staff_q2>
    <wdra_reason_q3___1>0</wdra_reason_q3___1>
    <wdra_reason_q3___2>0</wdra_reason_q3___2>
    <wdra_reason_q3___3>0</wdra_reason_q3___3>
    <wdra_reason_q3___4>0</wdra_reason_q3___4>
    <wdra_reason_q3___5>0</wdra_reason_q3___5>
    <wdra_reason_q3___6>0</wdra_reason_q3___6>
    <wdra_reason_q3___7>1</wdra_reason_q3___7>
    <a_if_other_specify>Loss for follow up </a_if_other_specify>
    <wdra_comment_q4> </wdra_comment_q4>
    <withdrawal_complete>2</withdrawal_complete>
  </row>
  <row>
    <cons_recordid_q1>IDeA30369K</cons_recordid_q1>
    <redcap_event_name>unscheduled_tasks_arm_1</redcap_event_name>
    <redcap_repeat_instrument/>
    <redcap_repeat_instance/>
    <wdra_date_q1>2023-06-21</wdra_date_q1>
    <wdra_staff_q2>OEC</wdra_staff_q2>
    <wdra_reason_q3___1>0</wdra_reason_q3___1>
    <wdra_reason_q3___2>1</wdra_reason_q3___2>
    <wdra_reason_q3___3>0</wdra_reason_q3___3>
    <wdra_reason_q3___4>0</wdra_reason_q3___4>
    <wdra_reason_q3___5>0</wdra_reason_q3___5>
    <wdra_reason_q3___6>0</wdra_reason_q3___6>
    <wdra_reason_q3___7>0</wdra_reason_q3___7>
    <a_if_other_specify/>
    <wdra_comment_q4/>
    <withdrawal_complete>2</withdrawal_complete>
  </row>
  <row>
    <cons_recordid_q1>IDeA30376J</cons_recordid_q1>
    <redcap_event_name>unscheduled_tasks_arm_1</redcap_event_name>
    <redcap_repeat_instrument/>
    <redcap_repeat_instance/>
    <wdra_date_q1>2023-08-12</wdra_date_q1>
    <wdra_staff_q2>sgaye </wdra_staff_q2>
    <wdra_reason_q3___1>0</wdra_reason_q3___1>
    <wdra_reason_q3___2>0</wdra_reason_q3___2>
    <wdra_reason_q3___3>0</wdra_reason_q3___3>
    <wdra_reason_q3___4>0</wdra_reason_q3___4>
    <wdra_reason_q3___5>0</wdra_reason_q3___5>
    <wdra_reason_q3___6>0</wdra_reason_q3___6>
    <wdra_reason_q3___7>1</wdra_reason_q3___7>
    <a_if_other_specify>Lost to follow up</a_if_other_specify>
    <wdra_comment_q4/>
    <withdrawal_complete>2</withdrawal_complete>
  </row>
  <row>
    <cons_recordid_q1>IDeA30381A</cons_recordid_q1>
    <redcap_event_name>unscheduled_tasks_arm_1</redcap_event_name>
    <redcap_repeat_instrument/>
    <redcap_repeat_instance/>
    <wdra_date_q1>2023-08-30</wdra_date_q1>
    <wdra_staff_q2>sgaye </wdra_staff_q2>
    <wdra_reason_q3___1>0</wdra_reason_q3___1>
    <wdra_reason_q3___2>0</wdra_reason_q3___2>
    <wdra_reason_q3___3>0</wdra_reason_q3___3>
    <wdra_reason_q3___4>0</wdra_reason_q3___4>
    <wdra_reason_q3___5>0</wdra_reason_q3___5>
    <wdra_reason_q3___6>0</wdra_reason_q3___6>
    <wdra_reason_q3___7>1</wdra_reason_q3___7>
    <a_if_other_specify>Lost to follow up</a_if_other_specify>
    <wdra_comment_q4/>
    <withdrawal_complete>2</withdrawal_complete>
  </row>
  <row>
    <cons_recordid_q1>IDeA30393F</cons_recordid_q1>
    <redcap_event_name>unscheduled_tasks_arm_1</redcap_event_name>
    <redcap_repeat_instrument/>
    <redcap_repeat_instance/>
    <wdra_date_q1>2024-01-22</wdra_date_q1>
    <wdra_staff_q2>fobah</wdra_staff_q2>
    <wdra_reason_q3___1>0</wdra_reason_q3___1>
    <wdra_reason_q3___2>0</wdra_reason_q3___2>
    <wdra_reason_q3___3>0</wdra_reason_q3___3>
    <wdra_reason_q3___4>0</wdra_reason_q3___4>
    <wdra_reason_q3___5>0</wdra_reason_q3___5>
    <wdra_reason_q3___6>0</wdra_reason_q3___6>
    <wdra_reason_q3___7>1</wdra_reason_q3___7>
    <a_if_other_specify>Loss to follow up </a_if_other_specify>
    <wdra_comment_q4/>
    <withdrawal_complete>2</withdrawal_complete>
  </row>
  <row>
    <cons_recordid_q1>IDeA30402F</cons_recordid_q1>
    <redcap_event_name>unscheduled_tasks_arm_1</redcap_event_name>
    <redcap_repeat_instrument/>
    <redcap_repeat_instance/>
    <wdra_date_q1>2024-01-22</wdra_date_q1>
    <wdra_staff_q2>fobah</wdra_staff_q2>
    <wdra_reason_q3___1>0</wdra_reason_q3___1>
    <wdra_reason_q3___2>0</wdra_reason_q3___2>
    <wdra_reason_q3___3>0</wdra_reason_q3___3>
    <wdra_reason_q3___4>0</wdra_reason_q3___4>
    <wdra_reason_q3___5>0</wdra_reason_q3___5>
    <wdra_reason_q3___6>0</wdra_reason_q3___6>
    <wdra_reason_q3___7>1</wdra_reason_q3___7>
    <a_if_other_specify>Loss to follow up </a_if_other_specify>
    <wdra_comment_q4/>
    <withdrawal_complete>2</withdrawal_complete>
  </row>
  <row>
    <cons_recordid_q1>IDeA30406D</cons_recordid_q1>
    <redcap_event_name>unscheduled_tasks_arm_1</redcap_event_name>
    <redcap_repeat_instrument/>
    <redcap_repeat_instance/>
    <wdra_date_q1>2023-07-12</wdra_date_q1>
    <wdra_staff_q2>kbajo</wdra_staff_q2>
    <wdra_reason_q3___1>0</wdra_reason_q3___1>
    <wdra_reason_q3___2>0</wdra_reason_q3___2>
    <wdra_reason_q3___3>0</wdra_reason_q3___3>
    <wdra_reason_q3___4>0</wdra_reason_q3___4>
    <wdra_reason_q3___5>0</wdra_reason_q3___5>
    <wdra_reason_q3___6>0</wdra_reason_q3___6>
    <wdra_reason_q3___7>1</wdra_reason_q3___7>
    <a_if_other_specify>Lost to follow up</a_if_other_specify>
    <wdra_comment_q4/>
    <withdrawal_complete>2</withdrawal_complete>
  </row>
  <row>
    <cons_recordid_q1>IDeA30416A</cons_recordid_q1>
    <redcap_event_name>unscheduled_tasks_arm_1</redcap_event_name>
    <redcap_repeat_instrument/>
    <redcap_repeat_instance/>
    <wdra_date_q1>2024-01-22</wdra_date_q1>
    <wdra_staff_q2>fobah</wdra_staff_q2>
    <wdra_reason_q3___1>0</wdra_reason_q3___1>
    <wdra_reason_q3___2>0</wdra_reason_q3___2>
    <wdra_reason_q3___3>0</wdra_reason_q3___3>
    <wdra_reason_q3___4>0</wdra_reason_q3___4>
    <wdra_reason_q3___5>0</wdra_reason_q3___5>
    <wdra_reason_q3___6>0</wdra_reason_q3___6>
    <wdra_reason_q3___7>1</wdra_reason_q3___7>
    <a_if_other_specify>Loss to follow up </a_if_other_specify>
    <wdra_comment_q4/>
    <withdrawal_complete>2</withdrawal_complete>
  </row>
  <row>
    <cons_recordid_q1>IDeA30451D</cons_recordid_q1>
    <redcap_event_name>unscheduled_tasks_arm_1</redcap_event_name>
    <redcap_repeat_instrument/>
    <redcap_repeat_instance/>
    <wdra_date_q1>2023-07-17</wdra_date_q1>
    <wdra_staff_q2>OEC</wdra_staff_q2>
    <wdra_reason_q3___1>0</wdra_reason_q3___1>
    <wdra_reason_q3___2>1</wdra_reason_q3___2>
    <wdra_reason_q3___3>0</wdra_reason_q3___3>
    <wdra_reason_q3___4>0</wdra_reason_q3___4>
    <wdra_reason_q3___5>0</wdra_reason_q3___5>
    <wdra_reason_q3___6>0</wdra_reason_q3___6>
    <wdra_reason_q3___7>0</wdra_reason_q3___7>
    <a_if_other_specify/>
    <wdra_comment_q4>Parents refused blood collection and declined consent</wdra_comment_q4>
    <withdrawal_complete>2</withdrawal_complete>
  </row>
  <row>
    <cons_recordid_q1>IDeA30462J</cons_recordid_q1>
    <redcap_event_name>unscheduled_tasks_arm_1</redcap_event_name>
    <redcap_repeat_instrument/>
    <redcap_repeat_instance/>
    <wdra_date_q1>2023-09-13</wdra_date_q1>
    <wdra_staff_q2>sgaye </wdra_staff_q2>
    <wdra_reason_q3___1>1</wdra_reason_q3___1>
    <wdra_reason_q3___2>0</wdra_reason_q3___2>
    <wdra_reason_q3___3>0</wdra_reason_q3___3>
    <wdra_reason_q3___4>0</wdra_reason_q3___4>
    <wdra_reason_q3___5>0</wdra_reason_q3___5>
    <wdra_reason_q3___6>0</wdra_reason_q3___6>
    <wdra_reason_q3___7>0</wdra_reason_q3___7>
    <a_if_other_specify/>
    <wdra_comment_q4/>
    <withdrawal_complete>2</withdrawal_complete>
  </row>
  <row>
    <cons_recordid_q1>IDeA30466G</cons_recordid_q1>
    <redcap_event_name>unscheduled_tasks_arm_1</redcap_event_name>
    <redcap_repeat_instrument/>
    <redcap_repeat_instance/>
    <wdra_date_q1>2024-01-22</wdra_date_q1>
    <wdra_staff_q2>fobah</wdra_staff_q2>
    <wdra_reason_q3___1>0</wdra_reason_q3___1>
    <wdra_reason_q3___2>0</wdra_reason_q3___2>
    <wdra_reason_q3___3>0</wdra_reason_q3___3>
    <wdra_reason_q3___4>0</wdra_reason_q3___4>
    <wdra_reason_q3___5>0</wdra_reason_q3___5>
    <wdra_reason_q3___6>0</wdra_reason_q3___6>
    <wdra_reason_q3___7>1</wdra_reason_q3___7>
    <a_if_other_specify>Loss for follow up </a_if_other_specify>
    <wdra_comment_q4/>
    <withdrawal_complete>2</withdrawal_complete>
  </row>
  <row>
    <cons_recordid_q1>IDeA30501C</cons_recordid_q1>
    <redcap_event_name>unscheduled_tasks_arm_1</redcap_event_name>
    <redcap_repeat_instrument/>
    <redcap_repeat_instance/>
    <wdra_date_q1>2024-01-22</wdra_date_q1>
    <wdra_staff_q2>fobah</wdra_staff_q2>
    <wdra_reason_q3___1>0</wdra_reason_q3___1>
    <wdra_reason_q3___2>0</wdra_reason_q3___2>
    <wdra_reason_q3___3>0</wdra_reason_q3___3>
    <wdra_reason_q3___4>0</wdra_reason_q3___4>
    <wdra_reason_q3___5>1</wdra_reason_q3___5>
    <wdra_reason_q3___6>0</wdra_reason_q3___6>
    <wdra_reason_q3___7>0</wdra_reason_q3___7>
    <a_if_other_specify/>
    <wdra_comment_q4>Loss to follow up </wdra_comment_q4>
    <withdrawal_complete>2</withdrawal_complete>
  </row>
  <row>
    <cons_recordid_q1>IDeA30537J</cons_recordid_q1>
    <redcap_event_name>unscheduled_tasks_arm_1</redcap_event_name>
    <redcap_repeat_instrument/>
    <redcap_repeat_instance/>
    <wdra_date_q1>2023-11-02</wdra_date_q1>
    <wdra_staff_q2>fobah</wdra_staff_q2>
    <wdra_reason_q3___1>0</wdra_reason_q3___1>
    <wdra_reason_q3___2>1</wdra_reason_q3___2>
    <wdra_reason_q3___3>0</wdra_reason_q3___3>
    <wdra_reason_q3___4>0</wdra_reason_q3___4>
    <wdra_reason_q3___5>0</wdra_reason_q3___5>
    <wdra_reason_q3___6>0</wdra_reason_q3___6>
    <wdra_reason_q3___7>0</wdra_reason_q3___7>
    <a_if_other_specify/>
    <wdra_comment_q4/>
    <withdrawal_complete>2</withdrawal_complete>
  </row>
</data>
