cons_recordid_q1,redcap_event_name,redcap_repeat_instrument,redcap_repeat_instance,pres_vdate_q1,a_was_participant_seen,q1b_if_no_give_reason,q1c_was_hb_obtained,q2a_if_no_give_reason,pres_hemoglobin_q2,prescreening_complete
IDeA30003H,v1_arm_1,prescreening,1,2023-04-11,1,,1,,9.6,2
IDeA30004F,v1_arm_1,prescreening,1,2023-04-11,1,,1,,9.9,2
IDeA30007G,v1_arm_1,prescreening,1,2023-04-11,1,,1,,11.1,2
IDeA30008E,v1_arm_1,prescreening,1,2023-04-11,1,,1,,10.2,2
IDeA30010B,v1_arm_1,prescreening,1,2023-04-12,1,,1,,10.7,2
IDeA30011H,v1_arm_1,prescreening,1,2023-05-31,1,,1,,10.8,2
IDeA30012F,v1_arm_1,prescreening,1,2023-04-12,1,,1,,9.6,2
IDeA30014K,v1_arm_1,prescreening,1,2023-04-12,1,,1,,11.0,2
IDeA30015J,v1_arm_1,prescreening,1,2023-04-12,1,,1,,11.2,2
IDeA30017E,v1_arm_1,prescreening,1,2023-04-12,1,,1,,10.5,2
IDeA30020H,v1_arm_1,prescreening,1,2023-04-12,1,,1,,9.9,2
IDeA30021A,v1_arm_1,prescreening,1,2023-04-12,1,,1,,9.0,2
IDeA30022K,v1_arm_1,prescreening,1,2023-05-18,1,,1,,10.4,2
IDeA30023C,v1_arm_1,prescreening,1,2023-05-18,1,,1,,10.4,2
IDeA30024B,v1_arm_1,prescreening,1,2023-04-12,1,,1,,9.9,2
IDeA30025F,v1_arm_1,prescreening,1,2023-06-21,1,,1,,11.1,2
IDeA30026E,v1_arm_1,prescreening,1,2023-04-13,1,,1,,10.2,2
IDeA30028G,v1_arm_1,prescreening,1,2023-04-13,1,,1,,10.1,2
IDeA30029D,v1_arm_1,prescreening,1,2023-05-31,1,,1,,7.8,2
IDeA30030J,v1_arm_1,prescreening,1,2023-04-13,1,,1,,10.2,2
IDeA30031K,v1_arm_1,prescreening,1,2023-04-13,1,,1,,10.2,2
IDeA30033F,v1_arm_1,prescreening,1,2023-09-12,1,,1,,11.9,2
IDeA30037A,v1_arm_1,prescreening,1,2023-07-13,1,,1,,8.6,2
IDeA30039H,v1_arm_1,prescreening,1,2023-05-18,1,,1,,11.7,2
IDeA30040D,v1_arm_1,prescreening,1,2023-05-31,1,,1,,11.1,2
IDeA30041G,v1_arm_1,prescreening,1,2023-04-13,1,,1,,11.3,2
IDeA30042H,v1_arm_1,prescreening,1,2023-04-13,1,,1,,10.7,2
IDeA30043E,v1_arm_1,prescreening,1,2023-04-13,1,,1,,10.1,2
IDeA30044C,v1_arm_1,prescreening,1,2023-04-13,1,,1,,11.4,2
IDeA30045A,v1_arm_1,prescreening,1,2023-05-24,1,,1,,9.8,2
IDeA30046K,v1_arm_1,prescreening,1,2023-07-06,1,,1,,11.8,2
IDeA30049B,v1_arm_1,prescreening,1,2023-04-13,1,,1,,10.0,2
IDeA30050C,v1_arm_1,prescreening,1,2023-09-01,1,,1,,11.1,2
IDeA30051F,v1_arm_1,prescreening,1,2023-04-13,1,,1,,10.0,2
IDeA30052J,v1_arm_1,prescreening,1,2023-04-18,1,,1,,10.5,2
IDeA30055D,v1_arm_1,prescreening,1,2023-05-18,1,,1,,11.5,2
IDeA30058K,v1_arm_1,prescreening,1,2023-06-13,1,,1,,10.0,2
IDeA30059A,v1_arm_1,prescreening,1,2023-05-31,1,,1,,10.1,2
IDeA30060K,v1_arm_1,prescreening,1,2023-05-18,1,,1,,11.8,2
IDeA30061E,v1_arm_1,prescreening,1,2023-04-13,1,,1,,11.0,2
IDeA30062D,v1_arm_1,prescreening,1,2023-06-14,1,,1,,11.4,2
IDeA30063J,v1_arm_1,prescreening,1,2023-04-25,1,,1,,10.9,2
IDeA30064G,v1_arm_1,prescreening,1,2023-04-13,1,,1,,10.9,2
IDeA30065B,v1_arm_1,prescreening,1,2023-04-25,1,,1,,10.5,2
IDeA30066H,v1_arm_1,prescreening,1,2023-04-13,1,,1,,10.4,2
IDeA30067C,v1_arm_1,prescreening,1,2023-04-13,1,,1,,11.3,2
IDeA30068A,v1_arm_1,prescreening,1,2023-06-07,2,2,,,,2
IDeA30070F,v1_arm_1,prescreening,1,2023-04-13,1,,1,,10.3,2
IDeA30071J,v1_arm_1,prescreening,1,2023-04-13,1,,1,,10.0,2
IDeA30072G,v1_arm_1,prescreening,1,2023-05-18,1,,1,,12.2,2
IDeA30073K,v1_arm_1,prescreening,1,2023-05-31,1,,1,,10.6,2
IDeA30074H,v1_arm_1,prescreening,1,2023-05-31,1,,1,,7.8,2
IDeA30075C,v1_arm_1,prescreening,1,2023-04-13,1,,1,,11.4,2
IDeA30076A,v1_arm_1,prescreening,1,2023-04-11,1,,1,,11.0,2
IDeA30077B,v1_arm_1,prescreening,1,2023-05-09,2,2,,,,2
IDeA30078D,v1_arm_1,prescreening,1,2023-05-09,1,,2,1,,2
IDeA30081B,v1_arm_1,prescreening,1,2023-04-11,1,,1,,10.2,2
IDeA30083D,v1_arm_1,prescreening,1,2023-04-11,1,,1,,11.8,2
IDeA30085E,v1_arm_1,prescreening,1,2023-04-11,1,,1,,10.1,2
IDeA30086F,v1_arm_1,prescreening,1,2023-04-11,1,,1,,11.5,2
IDeA30087K,v1_arm_1,prescreening,1,2023-04-11,1,,1,,11.2,2
IDeA30089J,v1_arm_1,prescreening,1,2023-04-11,1,,1,,10.3,2
IDeA30090E,v1_arm_1,prescreening,1,2023-04-11,1,,1,,9.5,2
IDeA30095H,v1_arm_1,prescreening,1,2023-04-11,1,,1,,9.7,2
IDeA30097D,v1_arm_1,prescreening,1,2023-05-31,1,,1,,10.6,2
IDeA30098F,v1_arm_1,prescreening,1,2023-04-11,1,,1,,8.3,2
IDeA30100H,v1_arm_1,prescreening,1,2023-04-11,1,,1,,11.2,2
IDeA30101A,v1_arm_1,prescreening,1,2023-04-17,1,,1,,10.4,2
IDeA30102K,v1_arm_1,prescreening,1,2023-06-13,1,,1,,11.4,2
IDeA30103C,v1_arm_1,prescreening,1,2023-04-26,1,,1,,9.3,2
IDeA30107J,v1_arm_1,prescreening,1,2023-05-09,1,,2,1,,2
IDeA30109D,v1_arm_1,prescreening,1,2023-06-01,1,,1,,8.6,2
IDeA30110J,v1_arm_1,prescreening,1,2023-06-13,1,,1,,10.5,2
IDeA30111K,v1_arm_1,prescreening,1,2023-04-25,1,,1,,11.2,2
IDeA30112E,v1_arm_1,prescreening,1,2023-05-18,1,,1,,10.7,2
IDeA30113F,v1_arm_1,prescreening,1,2023-05-26,1,,1,,8.8,2
IDeA30116C,v1_arm_1,prescreening,1,2023-06-07,1,,1,,11.4,2
IDeA30119H,v1_arm_1,prescreening,1,2023-04-18,1,,1,,11.2,2
IDeA30120D,v1_arm_1,prescreening,1,2023-07-13,1,,1,,11.2,2
IDeA30121G,v1_arm_1,prescreening,1,2023-05-31,1,,1,,10.0,2
IDeA30126K,v1_arm_1,prescreening,1,2023-06-07,1,,1,,11.4,2
IDeA30128J,v1_arm_1,prescreening,1,2023-05-09,1,,2,1,,2
IDeA30130A,v1_arm_1,prescreening,1,2023-04-17,1,,1,,11.5,2
IDeA30131D,v1_arm_1,prescreening,1,2023-05-19,1,,1,,10.4,2
IDeA30134F,v1_arm_1,prescreening,1,2023-05-19,1,,1,,11.1,2
IDeA30135K,v1_arm_1,prescreening,1,2023-04-17,1,,1,,9.5,2
IDeA30136J,v1_arm_1,prescreening,1,2023-06-07,1,,1,,11.7,2
IDeA30137G,v1_arm_1,prescreening,1,2023-04-17,1,,1,,10.5,2
IDeA30141F,v1_arm_1,prescreening,1,2023-05-09,1,,2,1,,2
IDeA30146G,v1_arm_1,prescreening,1,2023-05-19,1,,1,,9.1,2
IDeA30148K,v1_arm_1,prescreening,1,2023-04-26,1,,1,,10.7,2
IDeA30150K,v1_arm_1,prescreening,1,2023-04-17,1,,1,,11.2,2
IDeA30151E,v1_arm_1,prescreening,1,2023-05-31,1,,1,,10.1,2
IDeA30152D,v1_arm_1,prescreening,1,2023-04-25,1,,1,,11.4,2
IDeA30154G,v1_arm_1,prescreening,1,2023-04-13,1,,1,,10.3,2
IDeA30155B,v1_arm_1,prescreening,1,2023-04-13,1,,1,,11.6,2
IDeA30156H,v1_arm_1,prescreening,1,2023-04-25,1,,1,,11.8,2
IDeA30157C,v1_arm_1,prescreening,1,2023-05-31,1,,1,,11.4,2
IDeA30159F,v1_arm_1,prescreening,1,2023-04-26,1,,1,,10.5,2
IDeA30160B,v1_arm_1,prescreening,1,2023-06-15,1,,1,,9.3,2
IDeA30161H,v1_arm_1,prescreening,1,2023-06-13,1,,1,,12.7,2
IDeA30162F,v1_arm_1,prescreening,1,2023-06-01,1,,1,,11.8,2
IDeA30164K,v1_arm_1,prescreening,1,2023-04-17,1,,1,,10.2,2
IDeA30165J,v1_arm_1,prescreening,1,2023-04-17,1,,1,,10.8,2
IDeA30167E,v1_arm_1,prescreening,1,2023-04-18,1,,1,,11.9,2
IDeA30169G,v1_arm_1,prescreening,1,2023-04-18,1,,1,,9.2,2
IDeA30174A,v1_arm_1,prescreening,1,2023-04-18,1,,1,,12.5,2
IDeA30176F,v1_arm_1,prescreening,1,2023-04-12,1,,1,,10.1,2
IDeA30179J,v1_arm_1,prescreening,1,2023-07-05,1,,1,,10.7,2
IDeA30180E,v1_arm_1,prescreening,1,2023-06-21,1,,1,,9.7,2
IDeA30181C,v1_arm_1,prescreening,1,2023-07-05,1,,1,,10.8,2
IDeA30182A,v1_arm_1,prescreening,1,2023-07-21,1,,1,,11.8,2
IDeA30183G,v1_arm_1,prescreening,1,2023-05-18,1,,1,,11.1,2
IDeA30185H,v1_arm_1,prescreening,1,2023-04-12,1,,1,,12.6,2
IDeA30186B,v1_arm_1,prescreening,1,2023-04-12,1,,1,,8.6,2
IDeA30187D,v1_arm_1,prescreening,1,2023-05-31,1,,1,,12.5,2
IDeA30188F,v1_arm_1,prescreening,1,2023-06-22,1,,1,,10.3,2
IDeA30189K,v1_arm_1,prescreening,1,2023-05-31,1,,1,,9.1,2
IDeA30191J,v1_arm_1,prescreening,1,2023-06-22,1,,1,,10.8,2
IDeA30192G,v1_arm_1,prescreening,1,2023-08-16,1,,1,,10.8,2
IDeA30193K,v1_arm_1,prescreening,1,2023-04-12,1,,1,,10.0,2
IDeA30194H,v1_arm_1,prescreening,1,2023-07-06,1,,1,,10.6,2
IDeA30195C,v1_arm_1,prescreening,1,2023-05-24,1,,1,,11.6,2
IDeA30196A,v1_arm_1,prescreening,1,2023-04-26,1,,1,,9.5,2
IDeA30198D,v1_arm_1,prescreening,1,2023-07-21,1,,1,,11.5,2
IDeA30200J,v1_arm_1,prescreening,1,2023-09-06,1,,2,1,,2
IDeA30201K,v1_arm_1,prescreening,1,2023-06-07,1,,1,,10.6,2
IDeA30202E,v1_arm_1,prescreening,1,2023-04-26,1,,1,,11.5,2
IDeA30205G,v1_arm_1,prescreening,1,2023-04-17,1,,1,,10.6,2
IDeA30209H,v1_arm_1,prescreening,1,2023-05-19,1,,2,1,,2
IDeA30210A,v1_arm_1,prescreening,1,2023-05-24,1,,1,,10.1,2
IDeA30211D,v1_arm_1,prescreening,1,2023-04-18,1,,1,,11.3,2
IDeA30212B,v1_arm_1,prescreening,1,2023-05-24,1,,1,,10.5,2
IDeA30213H,v1_arm_1,prescreening,1,2023-07-06,1,,1,,9.3,2
IDeA30214F,v1_arm_1,prescreening,1,2023-04-13,1,,1,,11.2,2
IDeA30215K,v1_arm_1,prescreening,1,2023-04-13,1,,1,,11.0,2
IDeA30216J,v1_arm_1,prescreening,1,2023-06-14,1,,1,,12.2,2
IDeA30217G,v1_arm_1,prescreening,1,2023-06-14,1,,1,,11.4,2
IDeA30218E,v1_arm_1,prescreening,1,2023-04-13,,,,,11.6,2
IDeA30220C,v1_arm_1,prescreening,1,2023-04-13,,,,,12.5,2
IDeA30221F,v1_arm_1,prescreening,1,2023-05-24,1,,1,,9.7,2
IDeA30222J,v1_arm_1,prescreening,1,2023-06-14,1,,1,,11.5,2
IDeA30223B,v1_arm_1,prescreening,1,2023-04-13,1,,1,,10.8,2
IDeA30224E,v1_arm_1,prescreening,1,2023-04-13,1,,1,,10.9,2
IDeA30225D,v1_arm_1,prescreening,1,2023-07-13,1,,1,,10.5,2
IDeA30226G,v1_arm_1,prescreening,1,2023-06-14,1,,1,,11.1,2
IDeA30227H,v1_arm_1,prescreening,1,2023-04-25,1,,1,,11.8,2
IDeA30228K,v1_arm_1,prescreening,1,2023-06-22,1,,1,,10.9,2
IDeA30229A,v1_arm_1,prescreening,1,2023-05-31,1,,1,,10.7,2
IDeA30231C,v1_arm_1,prescreening,1,2023-06-21,1,,1,,11.5,2
IDeA30232A,v1_arm_1,prescreening,1,2023-06-21,1,,1,,10.2,2
IDeA30233G,v1_arm_1,prescreening,1,2023-04-13,,,,,11.3,2
IDeA30234J,v1_arm_1,prescreening,1,2023-06-15,1,,1,,10.8,2
IDeA30235H,v1_arm_1,prescreening,1,2023-07-06,1,,1,,10.3,2
IDeA30236B,v1_arm_1,prescreening,1,2023-04-12,,,,,10.2,2
IDeA30237D,v1_arm_1,prescreening,1,2023-04-12,1,,1,,10.9,2
IDeA30238F,v1_arm_1,prescreening,1,2023-04-26,1,,1,,10.6,2
IDeA30239K,v1_arm_1,prescreening,1,2023-05-31,1,,1,,10.6,2
IDeA30240H,v1_arm_1,prescreening,1,2023-04-12,1,,1,,10.1,2
IDeA30241A,v1_arm_1,prescreening,1,2023-04-12,,,,,11.2,2
IDeA30243C,v1_arm_1,prescreening,1,2023-05-24,1,,1,,8.8,2
IDeA30246E,v1_arm_1,prescreening,1,2023-04-12,,,,,12.2,2
IDeA30247J,v1_arm_1,prescreening,1,2023-05-18,1,,1,,12.0,2
IDeA30252H,v1_arm_1,prescreening,1,2023-04-26,1,,1,,10.5,2
IDeA30253E,v1_arm_1,prescreening,1,2023-04-17,,,,,11.8,2
IDeA30254C,v1_arm_1,prescreening,1,2023-07-21,1,,1,,10.9,2
IDeA30255A,v1_arm_1,prescreening,1,2023-04-17,1,,1,,10.2,2
IDeA30257F,v1_arm_1,prescreening,1,2023-06-13,1,,1,,10.6,2
IDeA30260G,v1_arm_1,prescreening,1,2023-04-17,1,,1,,10.1,2
IDeA30265E,v1_arm_1,prescreening,1,2023-04-17,1,,1,,10.2,2
IDeA30266F,v1_arm_1,prescreening,1,2023-05-09,1,,2,1,,2
IDeA30268H,v1_arm_1,prescreening,1,2023-08-03,1,,1,,11.3,2
IDeA30269J,v1_arm_1,prescreening,1,2023-05-09,1,,2,1,,2
IDeA30271E,v1_arm_1,prescreening,1,2023-07-05,1,,1,,11.9,2
IDeA30272D,v1_arm_1,prescreening,1,2023-08-10,1,,1,,10.9,2
IDeA30273J,v1_arm_1,prescreening,1,2023-08-02,1,,1,,9.9,2
IDeA30277C,v1_arm_1,prescreening,1,2023-04-17,1,,1,,10.5,2
IDeA30278A,v1_arm_1,prescreening,1,2023-07-21,1,,1,,10.9,2
IDeA30280F,v1_arm_1,prescreening,1,2023-05-24,1,,1,,10.7,2
IDeA30281J,v1_arm_1,prescreening,1,2023-04-26,1,,1,,10.1,2
IDeA30282G,v1_arm_1,prescreening,1,2023-05-09,2,2,,,,2
IDeA30285C,v1_arm_1,prescreening,1,2023-08-10,1,,1,,11.3,2
IDeA30286A,v1_arm_1,prescreening,1,2023-06-21,1,,1,,11.1,2
IDeA30287B,v1_arm_1,prescreening,1,2023-07-13,1,,1,,11.7,2
IDeA30289E,v1_arm_1,prescreening,1,2023-04-26,1,,1,,12.7,2
IDeA30290B,v1_arm_1,prescreening,1,2023-05-24,1,,1,,9.5,2
IDeA30291H,v1_arm_1,prescreening,1,2023-06-07,1,,1,,11.0,2
IDeA30293A,v1_arm_1,prescreening,1,2023-04-17,,,,,11.5,2
IDeA30294K,v1_arm_1,prescreening,1,2023-07-21,1,,1,,10.9,2
IDeA30295J,v1_arm_1,prescreening,1,2023-05-24,1,,1,,12.1,2
IDeA30298C,v1_arm_1,prescreening,1,2023-04-17,1,,1,,9.8,2
IDeA30299G,v1_arm_1,prescreening,1,2023-06-22,1,,1,,9.4,2
IDeA30300K,v1_arm_1,prescreening,1,2023-06-13,1,,1,,10.5,2
IDeA30301E,v1_arm_1,prescreening,1,2023-04-17,,,,,10.8,2
IDeA30307C,v1_arm_1,prescreening,1,2023-06-15,1,,1,,11.1,2
IDeA30309F,v1_arm_1,prescreening,1,2023-05-19,1,,1,,11.3,2
IDeA30310C,v1_arm_1,prescreening,1,2023-04-25,1,,1,,10.3,2
IDeA30311F,v1_arm_1,prescreening,1,2023-06-22,1,,1,,11.6,2
IDeA30312J,v1_arm_1,prescreening,1,2023-07-13,1,,1,,11.7,2
IDeA30313B,v1_arm_1,prescreening,1,2023-05-19,1,,1,,11.2,2
IDeA30314E,v1_arm_1,prescreening,1,2023-09-06,1,,1,,11.9,2
IDeA30316G,v1_arm_1,prescreening,1,2023-08-02,1,,1,,10.8,2
IDeA30317H,v1_arm_1,prescreening,1,2023-06-14,1,,1,,10.2,2
IDeA30318K,v1_arm_1,prescreening,1,2023-04-25,1,,1,,10.5,2
IDeA30320G,v1_arm_1,prescreening,1,2023-04-13,1,,1,,10.3,2
IDeA30321B,v1_arm_1,prescreening,1,2023-04-17,,,,,11.4,2
IDeA30324A,v1_arm_1,prescreening,1,2023-05-09,1,,2,1,,2
IDeA30327K,v1_arm_1,prescreening,1,2023-09-27,1,,1,,9.2,2
IDeA30328H,v1_arm_1,prescreening,1,2023-06-15,1,,1,,10.8,2
IDeA30330D,v1_arm_1,prescreening,1,2023-04-18,1,,1,,10.1,2
IDeA30331G,v1_arm_1,prescreening,1,2023-08-01,1,,1,,10.8,2
IDeA30332H,v1_arm_1,prescreening,1,2023-04-18,1,,1,,11.8,2
IDeA30334C,v1_arm_1,prescreening,1,2023-04-13,1,,1,,10.2,2
IDeA30336K,v1_arm_1,prescreening,1,2023-07-05,1,,1,,11.0,2
IDeA30337F,v1_arm_1,prescreening,1,2023-07-13,1,,1,,11.4,2
IDeA30339B,v1_arm_1,prescreening,1,2023-09-10,1,,1,,11.4,2
IDeA30341H,v1_arm_1,prescreening,1,2023-05-31,1,,1,,9.9,2
IDeA30342F,v1_arm_1,prescreening,1,2023-05-18,1,,1,,10.5,2
IDeA30343A,v1_arm_1,prescreening,1,2023-07-06,1,,1,,10.7,2
IDeA30344K,v1_arm_1,prescreening,1,2023-04-11,1,,1,,10.4,2
IDeA30345J,v1_arm_1,prescreening,1,2023-06-15,1,,1,,11.9,2
IDeA30347E,v1_arm_1,prescreening,1,2023-09-21,1,,1,,9.1,2
IDeA30348C,v1_arm_1,prescreening,1,2023-04-17,,,,,11.3,2
IDeA30349G,v1_arm_1,prescreening,1,2023-08-25,1,,1,,10.1,2
IDeA30351J,v1_arm_1,prescreening,1,2023-06-07,1,,1,,9.0,2
IDeA30352G,v1_arm_1,prescreening,1,2023-07-13,1,,1,,10.8,2
IDeA30353K,v1_arm_1,prescreening,1,2023-08-12,1,,1,,8.7,2
IDeA30354H,v1_arm_1,prescreening,1,2023-04-26,1,,1,,11.1,2
IDeA30355C,v1_arm_1,prescreening,1,2023-06-13,1,,1,,11.7,2
IDeA30356A,v1_arm_1,prescreening,1,2023-05-19,1,,1,,12.0,2
IDeA30358D,v1_arm_1,prescreening,1,2023-04-11,,,,,11.7,2
IDeA30359E,v1_arm_1,prescreening,1,2023-04-11,1,,1,,10.3,2
IDeA30361C,v1_arm_1,prescreening,1,2023-09-06,1,,1,,10.3,2
IDeA30362A,v1_arm_1,prescreening,1,2023-07-21,1,,1,,10.5,2
IDeA30363G,v1_arm_1,prescreening,1,2023-08-26,1,,1,,10.7,2
IDeA30364J,v1_arm_1,prescreening,1,2023-08-10,1,,1,,10.5,2
IDeA30365H,v1_arm_1,prescreening,1,2023-09-06,1,,1,,10.8,2
IDeA30369K,v1_arm_1,prescreening,1,2023-06-21,1,,2,1,,2
IDeA30370A,v1_arm_1,prescreening,1,2023-06-01,1,,1,,9.9,2
IDeA30371D,v1_arm_1,prescreening,1,2023-07-13,1,,1,,11.7,2
IDeA30374F,v1_arm_1,prescreening,1,2023-05-31,1,,1,,8.0,2
IDeA30375K,v1_arm_1,prescreening,1,2023-06-07,1,,1,,10.9,2
IDeA30376J,v1_arm_1,prescreening,1,2023-07-08,1,,1,,10.7,2
IDeA30377G,v1_arm_1,prescreening,1,2023-09-25,1,,1,,10.5,2
IDeA30379C,v1_arm_1,prescreening,1,2023-05-31,1,,1,,11.7,2
IDeA30380H,v1_arm_1,prescreening,1,2023-06-21,1,,1,,10.0,2
IDeA30381A,v1_arm_1,prescreening,1,2023-08-26,1,,1,,9.6,2
IDeA30382K,v1_arm_1,prescreening,1,2023-05-31,1,,1,,11.2,2
IDeA30383C,v1_arm_1,prescreening,1,2023-08-24,1,,1,,11.2,2
IDeA30385F,v1_arm_1,prescreening,1,2023-08-03,1,,1,,11.1,2
IDeA30386E,v1_arm_1,prescreening,1,2023-06-07,1,,1,,10.1,2
IDeA30387J,v1_arm_1,prescreening,1,2023-08-24,1,,1,,11.8,2
IDeA30388G,v1_arm_1,prescreening,1,2023-07-21,1,,1,,10.1,2
IDeA30389D,v1_arm_1,prescreening,1,2023-07-21,1,,1,,11.2,2
IDeA30390J,v1_arm_1,prescreening,1,2023-08-24,1,,1,,9.7,2
IDeA30391K,v1_arm_1,prescreening,1,2023-09-21,1,,1,,11.8,2
IDeA30393F,v1_arm_1,prescreening,1,2023-06-01,1,,1,,9.5,2
IDeA30394D,v1_arm_1,prescreening,1,2023-07-13,1,,1,,12.0,2
IDeA30395G,v1_arm_1,prescreening,1,2023-07-05,1,,1,,11.0,2
IDeA30397A,v1_arm_1,prescreening,1,2023-08-30,1,,1,,10.0,2
IDeA30400B,v1_arm_1,prescreening,1,2023-06-01,1,,1,,11.1,2
IDeA30401H,v1_arm_1,prescreening,1,2023-06-22,1,,1,,10.7,2
IDeA30402F,v1_arm_1,prescreening,1,2023-06-22,1,,1,,10.6,2
IDeA30403A,v1_arm_1,prescreening,1,2023-07-27,1,,1,,11.4,2
IDeA30404K,v1_arm_1,prescreening,1,2023-08-02,1,,1,,10.3,2
IDeA30405J,v1_arm_1,prescreening,1,2023-06-21,1,,1,,11.5,2
IDeA30406D,v1_arm_1,prescreening,1,2023-06-22,1,,1,,10.6,2
IDeA30407E,v1_arm_1,prescreening,1,2023-06-22,1,,1,,10.0,2
IDeA30409G,v1_arm_1,prescreening,1,2023-06-14,1,,1,,12.2,2
IDeA30411J,v1_arm_1,prescreening,1,2023-06-21,1,,1,,11.6,2
IDeA30412G,v1_arm_1,prescreening,1,2023-07-13,1,,1,,12.1,2
IDeA30414H,v1_arm_1,prescreening,1,2023-09-10,1,,1,,9.8,2
IDeA30416A,v1_arm_1,prescreening,1,2023-07-26,1,,1,,9.4,2
IDeA30417B,v1_arm_1,prescreening,1,2023-07-26,1,,1,,9.6,2
IDeA30418D,v1_arm_1,prescreening,1,2023-07-26,1,,1,,8.6,2
IDeA30419E,v1_arm_1,prescreening,1,2023-08-16,1,,1,,10.1,2
IDeA30420J,v1_arm_1,prescreening,1,2023-08-18,1,,1,,10.6,2
IDeA30421K,v1_arm_1,prescreening,1,2023-07-26,1,,1,,11.5,2
IDeA30423F,v1_arm_1,prescreening,1,2023-07-26,1,,1,,9.4,2
IDeA30424D,v1_arm_1,prescreening,1,2023-09-01,1,,1,,10.1,2
IDeA30425G,v1_arm_1,prescreening,1,2023-08-18,1,,1,,11.0,2
IDeA30426C,v1_arm_1,prescreening,1,2023-08-02,1,,1,,10.7,2
IDeA30428B,v1_arm_1,prescreening,1,2023-08-02,1,,1,,11.2,2
IDeA30430G,v1_arm_1,prescreening,1,2023-07-05,1,,1,,8.7,2
IDeA30431B,v1_arm_1,prescreening,1,2023-06-15,1,,1,,10.8,2
IDeA30433D,v1_arm_1,prescreening,1,2023-08-16,1,,1,,10.3,2
IDeA30434A,v1_arm_1,prescreening,1,2023-08-16,1,,1,,11.8,2
IDeA30435E,v1_arm_1,prescreening,1,2023-08-16,1,,1,,11.7,2
IDeA30436F,v1_arm_1,prescreening,1,2023-08-16,1,,1,,9.9,2
IDeA30437K,v1_arm_1,prescreening,1,2023-06-21,1,,1,,10.1,2
IDeA30438H,v1_arm_1,prescreening,1,2023-06-21,1,,1,,9.3,2
IDeA30439J,v1_arm_1,prescreening,1,2023-06-21,1,,1,,10.8,2
IDeA30440E,v1_arm_1,prescreening,1,2023-08-02,1,,1,,10.7,2
IDeA30441C,v1_arm_1,prescreening,1,2023-07-27,1,,1,,10.1,2
IDeA30442A,v1_arm_1,prescreening,1,2023-08-01,1,,1,,9.1,2
IDeA30443G,v1_arm_1,prescreening,1,2023-07-21,1,,1,,11.6,2
IDeA30444J,v1_arm_1,prescreening,1,2023-07-26,1,,1,,10.0,2
IDeA30445H,v1_arm_1,prescreening,1,2023-08-16,1,,1,,10.5,2
IDeA30446B,v1_arm_1,prescreening,1,2023-08-02,1,,1,,10.4,2
IDeA30448F,v1_arm_1,prescreening,1,2023-08-16,1,,1,,9.8,2
IDeA30449K,v1_arm_1,prescreening,1,2023-08-16,1,,1,,10.8,2
IDeA30450A,v1_arm_1,prescreening,1,2023-07-13,1,,1,,11.1,2
IDeA30451D,v1_arm_1,prescreening,1,2023-07-05,1,,1,,10.4,2
IDeA30452B,v1_arm_1,prescreening,1,2023-08-16,1,,1,,12.3,2
IDeA30453H,v1_arm_1,prescreening,1,2023-08-16,1,,1,,9.7,2
IDeA30454F,v1_arm_1,prescreening,1,2023-08-16,1,,1,,10.8,2
IDeA30455K,v1_arm_1,prescreening,1,2023-07-05,1,,1,,10.8,2
IDeA30456J,v1_arm_1,prescreening,1,2023-07-13,1,,1,,10.3,2
IDeA30457G,v1_arm_1,prescreening,1,2023-08-10,1,,1,,11.1,2
IDeA30458E,v1_arm_1,prescreening,1,2023-10-27,1,,1,,9.2,2
IDeA30459C,v1_arm_1,prescreening,1,2023-07-13,1,,1,,11.1,2
IDeA30460C,v1_arm_1,prescreening,1,2023-10-09,1,,1,,11.8,2
IDeA30461F,v1_arm_1,prescreening,1,2023-10-22,1,,1,,9.8,2
IDeA30462J,v1_arm_1,prescreening,1,2023-09-13,1,,1,,11.9,2
IDeA30464E,v1_arm_1,prescreening,1,2023-07-20,1,,1,,9.1,2
IDeA30466G,v1_arm_1,prescreening,1,2023-08-10,1,,1,,10.9,2
IDeA30467H,v1_arm_1,prescreening,1,2023-08-10,1,,1,,9.4,2
IDeA30468K,v1_arm_1,prescreening,1,2023-09-21,1,,1,,10.3,2
IDeA30469A,v1_arm_1,prescreening,1,2023-08-16,1,,1,,10.7,2
IDeA30470D,v1_arm_1,prescreening,1,2023-08-16,1,,1,,10.4,2
IDeA30471G,v1_arm_1,prescreening,1,2023-08-10,1,,1,,11.5,2
IDeA30472H,v1_arm_1,prescreening,1,2023-08-02,1,,1,,10.8,2
IDeA30473E,v1_arm_1,prescreening,1,2023-08-24,1,,1,,10.1,2
IDeA30476K,v1_arm_1,prescreening,1,2023-10-17,1,,1,,11.6,2
IDeA30478J,v1_arm_1,prescreening,1,2023-09-01,1,,1,,9.9,2
IDeA30479B,v1_arm_1,prescreening,1,2023-10-17,1,,1,,10.4,2
IDeA30481E,v1_arm_1,prescreening,1,2023-09-27,1,,1,,11.8,2
IDeA30483J,v1_arm_1,prescreening,1,2023-09-15,1,,1,,11.2,2
IDeA30486H,v1_arm_1,prescreening,1,2023-08-02,2,2,,,,2
IDeA30486H,v1_arm_1,prescreening,2,2023-08-04,1,,1,,11.1,2
IDeA30487C,v1_arm_1,prescreening,1,2023-08-04,1,,1,,11.7,2
IDeA30489F,v1_arm_1,prescreening,1,2023-07-26,1,,1,,10.3,2
IDeA30490H,v1_arm_1,prescreening,1,2023-08-24,1,,1,,9.9,2
IDeA30491A,v1_arm_1,prescreening,1,2023-07-26,1,,1,,10.1,2
IDeA30492K,v1_arm_1,prescreening,1,2023-08-24,1,,1,,11.5,2
IDeA30493C,v1_arm_1,prescreening,1,2023-07-26,1,,1,,10.3,2
IDeA30494B,v1_arm_1,prescreening,1,2023-11-02,1,,1,,10.8,2
IDeA30495F,v1_arm_1,prescreening,1,2023-07-26,1,,1,,10.9,2
IDeA30496E,v1_arm_1,prescreening,1,2023-07-26,1,,1,,11.4,2
IDeA30497J,v1_arm_1,prescreening,1,2023-10-03,1,,1,,11.9,2
IDeA30498G,v1_arm_1,prescreening,1,2023-08-02,2,2,,,,2
IDeA30498G,v1_arm_1,prescreening,2,2023-08-04,1,,1,,11.0,2
IDeA30499D,v1_arm_1,prescreening,1,2023-07-26,1,,1,,11.7,2
IDeA30500E,v1_arm_1,prescreening,1,2023-07-26,1,,1,,9.7,2
IDeA30501C,v1_arm_1,prescreening,1,2023-08-24,1,,1,,10.8,2
IDeA30502A,v1_arm_1,prescreening,1,2023-08-25,1,,1,,10.7,2
IDeA30503G,v1_arm_1,prescreening,1,2023-09-14,1,,1,,11.3,2
IDeA30504J,v1_arm_1,prescreening,1,2023-08-24,1,,1,,10.7,2
IDeA30506B,v1_arm_1,prescreening,1,2023-10-27,1,,1,,10.5,2
IDeA30508F,v1_arm_1,prescreening,1,2023-09-08,1,,1,,8.6,2
IDeA30509K,v1_arm_1,prescreening,1,2023-08-24,1,,1,,8.2,2
IDeA30511G,v1_arm_1,prescreening,1,2023-08-24,1,,1,,11.2,2
IDeA30512H,v1_arm_1,prescreening,1,2023-08-24,1,,1,,12.4,2
IDeA30513E,v1_arm_1,prescreening,1,2023-08-24,1,,1,,8.6,2
IDeA30514C,v1_arm_1,prescreening,1,2023-09-01,1,,1,,8.9,2
IDeA30515A,v1_arm_1,prescreening,1,2023-10-09,1,,1,,11.2,2
IDeA30516K,v1_arm_1,prescreening,1,2023-09-01,1,,1,,8.2,2
IDeA30517F,v1_arm_1,prescreening,1,2023-10-10,1,,1,,10.0,2
IDeA30518J,v1_arm_1,prescreening,1,2023-10-10,1,,1,,10.9,2
IDeA30519B,v1_arm_1,prescreening,1,2023-09-29,1,,1,,10.9,2
IDeA30520K,v1_arm_1,prescreening,1,2023-09-15,1,,1,,11.2,2
IDeA30521E,v1_arm_1,prescreening,1,2023-09-01,1,,1,,9.1,2
IDeA30522D,v1_arm_1,prescreening,1,2023-08-31,1,,1,,13.3,2
IDeA30523J,v1_arm_1,prescreening,1,2023-08-31,1,,1,,9.7,2
IDeA30524G,v1_arm_1,prescreening,1,2023-10-17,1,,1,,11.5,2
IDeA30527C,v1_arm_1,prescreening,1,2023-10-13,1,,1,,11.1,2
IDeA30528A,v1_arm_1,prescreening,1,2023-10-22,1,,1,,10.8,2
IDeA30529F,v1_arm_1,prescreening,1,2023-09-12,1,,1,,10.7,2
IDeA30533C,v1_arm_1,prescreening,1,2023-10-23,1,,1,,11.6,2
IDeA30534B,v1_arm_1,prescreening,1,2023-09-08,1,,1,,11.2,2
IDeA30535F,v1_arm_1,prescreening,1,2023-10-25,1,,1,,11.4,2
IDeA30536E,v1_arm_1,prescreening,1,2023-10-30,1,,1,,11.3,2
IDeA30537J,v1_arm_1,prescreening,1,2023-10-29,1,,1,,9.2,2
IDeA30538G,v1_arm_1,prescreening,1,2023-10-24,1,,1,,10.9,2
IDeA30540G,v1_arm_1,prescreening,1,2023-09-06,1,,1,,11.2,2
IDeA30543D,v1_arm_1,prescreening,1,2023-10-09,1,,1,,10.8,2
IDeA30547K,v1_arm_1,prescreening,1,2023-09-15,1,,1,,8.1,2
IDeA30548H,v1_arm_1,prescreening,1,2023-09-15,1,,1,,10.4,2
IDeA30549J,v1_arm_1,prescreening,1,2023-09-15,1,,1,,11.3,2
IDeA30552F,v1_arm_1,prescreening,1,2023-09-15,1,,1,,10.9,2
IDeA30553A,v1_arm_1,prescreening,1,2023-09-15,1,,1,,10.6,2
IDeA30554K,v1_arm_1,prescreening,1,2023-09-15,1,,1,,10.9,2
IDeA30555J,v1_arm_1,prescreening,1,2023-09-12,1,,1,,10.0,2
IDeA30556D,v1_arm_1,prescreening,1,2023-09-12,1,,1,,10.8,2
IDeA30557E,v1_arm_1,prescreening,1,2023-09-15,1,,1,,11.8,2
IDeA30558C,v1_arm_1,prescreening,1,2023-09-21,1,,1,,11.7,2
IDeA30559G,v1_arm_1,prescreening,1,2023-10-13,1,,1,,10.1,2
IDeA30560F,v1_arm_1,prescreening,1,2023-10-10,1,,1,,8.9,2
IDeA30561J,v1_arm_1,prescreening,1,2023-10-09,1,,1,,10.6,2
IDeA30565C,v1_arm_1,prescreening,1,2023-10-13,1,,1,,11.4,2
IDeA30568D,v1_arm_1,prescreening,1,2023-09-27,1,,1,,10.5,2
IDeA30570J,v1_arm_1,prescreening,1,2023-09-27,1,,1,,10.4,2
IDeA30571K,v1_arm_1,prescreening,1,2023-09-21,1,,1,,11.1,2
IDeA30573F,v1_arm_1,prescreening,1,2023-09-21,1,,1,,12.0,2
IDeA30574D,v1_arm_1,prescreening,1,2023-09-29,1,,1,,9.6,2
IDeA30581F,v1_arm_1,prescreening,1,2023-09-21,1,,1,,11.6,2
IDeA30582J,v1_arm_1,prescreening,1,2023-09-21,1,,1,,8.7,2
IDeA30583B,v1_arm_1,prescreening,1,2023-09-29,1,,1,,9.6,2
IDeA30584E,v1_arm_1,prescreening,1,2023-10-17,1,,1,,10.0,2
IDeA30585D,v1_arm_1,prescreening,1,2023-10-09,1,,1,,13.3,2
IDeA30586G,v1_arm_1,prescreening,1,2023-09-29,1,,1,,11.1,2
IDeA30587H,v1_arm_1,prescreening,1,2023-10-03,1,,1,,9.2,2
IDeA30588K,v1_arm_1,prescreening,1,2023-10-27,1,,1,,11.6,2
IDeA30590A,v1_arm_1,prescreening,1,2023-10-13,1,,1,,9.5,2
IDeA30591D,v1_arm_1,prescreening,1,2023-10-13,1,,1,,11.2,2
IDeA30592B,v1_arm_1,prescreening,1,2023-09-29,1,,1,,10.6,2
IDeA30593H,v1_arm_1,prescreening,1,2023-10-03,1,,1,,9.9,2
IDeA30595K,v1_arm_1,prescreening,1,2023-10-10,1,,2,1,,2
IDeA30596J,v1_arm_1,prescreening,1,2023-10-03,1,,1,,10.6,2
IDeA30598E,v1_arm_1,prescreening,1,2023-10-03,1,,1,,12.2,2
IDeA30600C,v1_arm_1,prescreening,1,2023-10-14,1,,1,,10.7,2
