cons_recordid_q1,redcap_event_name,redcap_repeat_instrument,redcap_repeat_instance,samp_edta_q1,if_sample_is_not_received,if_other_specify,samp_edtadate_q1a,samp_edtatime_q1b,samp_edta_temperature_q1c,samp_edtacomment_q1d___1,samp_edtacomment_q1d___2,samp_edtacomment_q1d___3,samp_edtaby_q1e,samp_serumreceived_q2,samp_serumdate_q2b,samp_serumtime_q2b,samp_sermtemperature_q2c,samp_serumcomment_q2d___1,samp_serumcomment_q2d___2,samp_serumcomment_q2d___3,samp_serumby_q2e,samp_urinereceive_q4,samp_urinedate_q4a,samp_urinetime_q4b,samp_urinetemperature_q4c,samp_urineby_q4d,samp_generalcomment_q5,samp_formcompleteby_q6,samplereception_complete
IDeA30003H,v1_arm_1,,,1,,,2023-05-22,14:27,1,1,0,0,asaidkyhan,1,2023-05-22,14:27,1,1,0,0,asaidkyhan,,,,,,,asaidkyhan,2
IDeA30003H,v12_arm_1,,,1,,,2023-08-14,18:08,1,1,0,0,asaidykhan,1,2023-08-14,18:08,1,1,0,0,asaidykhan,,,,,,,asaidykhan,2
IDeA30004F,v1_arm_1,,,1,,,2023-05-22,14:27,1,1,0,0,asaidkyhan,1,2023-05-22,14:27,1,1,0,0,asaidkyhan,,,,,,,asaidkyhan,2
IDeA30004F,v12_arm_1,,,1,,,2023-08-14,18:08,1,1,0,0,asaidykhan,1,2023-08-14,18:08,1,1,0,0,asaidykhan,,,,,,,asaidykhan,2
IDeA30008E,v1_arm_1,,,1,,,2023-05-22,14:27,1,1,0,0,asaidkyhan,1,2023-05-22,14:27,1,1,0,0,asaidkyhan,,,,,,,asaidkyhan,2
IDeA30008E,v12_arm_1,,,1,,,2023-08-14,18:08,1,1,0,0,asaidykhan,1,2023-08-14,18:08,1,1,0,0,asaidykhan,,,,,,,asaidykhan,2
IDeA30010B,v1_arm_1,,,1,,,2023-05-11,14:05,1,1,0,0,Asaidykhan,1,2023-05-11,14:05,1,1,0,0,Asaidykhan,,,,,,,Asaidykhan,2
IDeA30010B,v12_arm_1,,,1,,,2023-08-04,13:17,1,1,0,0,Asaidykhan,1,2023-08-04,13:17,1,0,1,0,asaidykhan,,,,,,,asaidykhan,2
IDeA30011H,v1_arm_1,,,1,,,2023-06-05,15:13,1,1,0,0,asaidykhan,1,2023-06-05,15:13,1,1,0,0,asaidykhan,,,,,,,mpleij,2
IDeA30012F,v1_arm_1,,,1,,,2023-05-29,14:05,1,1,0,0,asaidykhan,1,2023-05-29,14:05,1,1,0,0,asaidykhan,,,,,,,asaidykhan,2
IDeA30012F,v12_arm_1,,,1,,,2023-08-21,15:56,1,1,0,0,asaidykhan,1,2023-08-21,15:56,1,0,1,0,asaidykhan,,,,,,,asaidykhan,2
IDeA30017E,v1_arm_1,,,1,,,2023-05-29,14:05,1,1,0,0,asaidykhan,1,2023-05-29,14:05,1,1,0,0,asaidykhan,,,,,,,asaidykhan,2
IDeA30017E,v12_arm_1,,,0,5,refusal,,,,0,0,0,asaidykhan,,,,,0,0,0,asaidykhan,,,,,,,asaidykhan,2
IDeA30020H,v1_arm_1,,,1,,,2023-05-22,14:27,1,1,0,0,asaidykhan,1,2023-05-22,14:27,1,1,0,0,asaidykhan,,,,,,,asaidykhan,2
IDeA30020H,v12_arm_1,,,1,,,2023-08-14,18:08,1,1,0,0,asaidykhan,1,2023-08-14,18:08,1,1,0,0,asaidykhan,,,,,,,asaidykhan,2
IDeA30021A,v1_arm_1,,,1,,,2023-05-22,14:27,1,1,0,0,asaidkyhan,1,2023-05-22,14:27,1,1,0,0,asaidkyhan,,,,,,,asaidkyhan,2
IDeA30021A,v12_arm_1,,,1,,,2023-08-14,18:08,1,1,0,0,asaidykhan,1,2023-08-14,18:08,1,0,1,0,asaidykhan,,,,,,,asaidykhan,2
IDeA30022K,v1_arm_1,,,1,,,2023-05-22,14:27,1,1,0,0,asaidkyhan,1,2023-05-22,14:27,1,1,0,0,asaidkyhan,,,,,,,asaidkyhan,2
IDeA30022K,v12_arm_1,,,1,,,2023-08-14,18:08,1,1,0,0,asaidykhan,1,2023-08-14,18:08,1,1,0,0,asaidykhan,,,,,,,asaidykhan,2
IDeA30023C,v1_arm_1,,,1,,,2023-05-22,14:27,1,1,0,0,asaidkyhan,1,2023-05-22,14:27,1,0,1,0,asaidkyhan,,,,,,,asaidkyhan,2
IDeA30023C,v12_arm_1,,,1,,,2023-08-14,18:08,1,1,0,0,asaidykhan,1,2023-08-14,18:08,1,1,0,0,asaidykhan,,,,,,,asaidykhan,2
IDeA30024B,v1_arm_1,,,1,,,2023-05-22,14:27,1,1,0,0,asaidkyhan,1,2023-05-22,14:27,1,1,0,0,asaidkyhan,,,,,,,asaidkyhan,2
IDeA30024B,v12_arm_1,,,1,,,2023-08-14,18:08,1,1,0,0,asaidykhan,1,2023-08-14,18:08,1,1,0,0,asaidykhan,,,,,,,asaidykhan,2
IDeA30026E,v1_arm_1,,,1,,,2023-05-16,14:20,1,1,0,0,asaidykhan,1,2023-05-16,14:20,1,1,0,0,asaidykhan,,,,,,,asaidykhan,2
IDeA30028G,v1_arm_1,,,1,,,2023-06-30,14:20,1,1,0,0,asaidykhan,1,2023-06-30,14:20,1,1,0,0,asaidykhan,,,,,,,mpleij,2
IDeA30029D,v1_arm_1,,,1,,,2023-06-05,15:13,1,1,0,0,asaidykhan,1,2023-06-05,15:13,1,1,0,0,asaidykhan,,,,,,,mpleij,2
IDeA30029D,v12_arm_1,,,1,,,2023-08-28,17:20,1,1,0,0,asaidykhan,1,2023-08-28,17:20,1,1,0,0,asaidykhan,,,,,,,asaidykhan,2
IDeA30030J,v1_arm_1,,,1,,,2023-05-16,14:20,1,1,0,0,asaidykhan,1,2023-05-16,14:20,1,1,0,0,asaidykhan,,,,,,,asaidykhan,2
IDeA30030J,v12_arm_1,,,1,,,2023-08-08,17:38,1,1,0,0,asaidykhan,1,2023-08-08,17:38,1,1,0,0,asaidykhan,,,,,,,asaidykhan,2
IDeA30031K,v1_arm_1,,,1,,,2023-05-23,12:55,1,1,0,0,asaidykhan,1,2023-05-23,12:55,1,1,0,0,asaidykhan,,,,,,,asaidykhan,2
IDeA30031K,v12_arm_1,,,1,,,2023-08-15,17:11,1,1,0,0,asaidykhan,1,2023-08-15,17:11,1,0,1,0,asaidykhan,,,,,,,asaidykhan,2
IDeA30037A,v1_arm_1,,,1,,,2023-07-17,13:35,1,1,0,0,asaidykhan,1,2023-07-17,13:35,1,0,1,0,asaidykhan,,,,,,,asaidykhan,2
IDeA30037A,v12_arm_1,,,1,,,2023-10-09,15:46,1,1,0,0,asaidykhan,1,2023-10-09,15:46,1,0,1,0,asaidykhan,,,,,,,asaidykhan,2
IDeA30042H,v1_arm_1,,,1,,,2023-05-16,14:20,1,1,0,0,asaidykhan,1,2023-05-16,14:20,1,1,0,0,asaidykhan,,,,,,,asaidykhan,2
IDeA30042H,v12_arm_1,,,1,,,2023-08-08,17:38,1,1,0,0,asaidykhan,1,2023-08-08,17:38,1,0,1,0,asaidykhan,,,,,,,asaidykhan,2
IDeA30043E,v1_arm_1,,,1,,,2023-05-16,14:20,1,1,0,0,asaidykhan,1,2023-05-16,14:20,1,1,0,0,asaidykhan,,,,,,,asaidykhan,2
IDeA30043E,v12_arm_1,,,1,,,2023-08-08,17:38,1,1,0,0,asaidykhan,1,2023-08-08,17:38,1,0,1,0,asaidykhan,,,,,,,asaidykhan,2
IDeA30045A,v1_arm_1,,,1,,,2023-06-30,14:20,1,1,0,0,asaidykhan,1,2023-06-30,14:20,1,1,0,0,asaidykhan,,,,,,,mpleij,2
IDeA30045A,v12_arm_1,,,1,,,2023-08-22,15:13,1,1,0,0,asaidykhan,1,2023-08-22,15:13,1,0,1,0,asaidykhan,,,,,,,asaidykhan,2
IDeA30049B,v1_arm_1,,,1,,,2023-05-16,14:20,1,1,0,0,asaidykhan,1,2023-05-16,14:20,1,1,0,0,asaidykhan,,,,,,,asaidykhan,2
IDeA30049B,v12_arm_1,,,1,,,2023-08-08,17:38,1,1,0,0,asaidykhan,1,2023-08-08,17:38,1,1,0,0,asaidykhan,,,,,,,asaidykhan,2
IDeA30051F,v1_arm_1,,,1,,,2023-05-15,15:06,1,0,0,1,asaidykhan,1,2023-05-15,15:06,1,0,1,0,asaidykhan,,,,,,,asaidykhan,2
IDeA30051F,v12_arm_1,,,1,,,2023-08-08,14:49,1,1,0,0,asaidykhan,1,2023-08-08,14:49,1,0,1,0,asaidykhan,,,,,,,asaidykhan,2
IDeA30052J,v1_arm_1,,,1,,,2023-05-11,14:05,1,1,0,0,Asaidykhan,1,2023-05-11,14:05,1,1,0,0,Asaidykhan,,,,,,,Asaidykhan,2
IDeA30052J,v12_arm_1,,,1,,,2023-08-04,13:17,1,1,0,0,asaidykhan,1,2023-08-04,13:17,1,1,0,0,asaidykhan,,,,,,,asaidykhan,2
IDeA30058K,v1_arm_1,,,1,,,2023-06-19,15:45,1,1,0,0,asaidykhan,1,2023-06-19,15:45,1,1,0,0,asaidykhan,,,,,,,mklappe,2
IDeA30059A,v1_arm_1,,,1,,,2023-06-05,15:13,1,1,0,0,asaidykhan,1,2023-06-05,15:13,1,1,0,0,asaidykhan,,,,,,,mpleij,2
IDeA30059A,v12_arm_1,,,1,,,2023-08-28,17:20,1,1,0,0,asaidykhan,1,2023-08-28,17:20,1,1,0,0,asaidykhan,,,,,,,asaidykhan,2
IDeA30063J,v1_arm_1,,,1,,,2023-05-15,15:06,1,1,0,0,asaidykhan,1,2023-05-15,15:06,1,1,0,0,asaidykhan,,,,,,,asaidykhan,2
IDeA30063J,v12_arm_1,,,1,,,2023-08-08,14:49,1,1,0,0,asaidykhan,1,2023-08-08,14:49,1,0,1,0,asaidykhan,,,,,,,asaidykhan,2
IDeA30064G,v1_arm_1,,,1,,,2023-05-15,15:06,1,1,0,0,asaidykhan,1,2023-05-15,15:06,1,1,0,0,asaidykhan,,,,,,,asaidykhan,2
IDeA30064G,v12_arm_1,,,1,,,2023-08-08,14:49,1,1,0,0,asaidykhan,1,2023-08-08,14:49,1,0,1,0,asaidykhan,,,,,,,asaidykhan,2
IDeA30065B,v1_arm_1,,,1,,,2023-05-15,15:06,1,1,0,0,asaidykhan,1,2023-05-15,15:06,1,1,0,0,asaidykhan,,,,,,,asaidykhan,2
IDeA30065B,v12_arm_1,,,1,,,2023-08-08,14:49,1,1,0,0,asaidykhan,1,2023-08-08,14:49,1,0,1,0,asaidykhan,,,,,,,asaidykhan,2
IDeA30066H,v1_arm_1,,,1,,,2023-05-15,15:06,1,1,0,0,asaidykhan,1,2023-05-15,15:06,1,1,0,0,asaidykhan,,,,,,,asaidykhan,2
IDeA30066H,v12_arm_1,,,1,,,2023-08-08,14:49,1,1,0,0,asaidykhan,1,2023-08-08,14:49,1,0,1,0,asaidykhan,,,,,,,asaidykhan,2
IDeA30070F,v1_arm_1,,,1,,,2023-05-16,14:20,1,1,0,0,asaidykhan,1,2023-05-16,14:20,1,1,0,0,asaidykhan,,,,,,,asaidykhan,2
IDeA30070F,v12_arm_1,,,1,,,2023-08-08,17:38,1,1,0,0,asaidykhan,1,2023-08-08,17:38,1,1,0,0,asaidykhan,,,,,,,asaidykhan,2
IDeA30071J,v1_arm_1,,,1,,,2023-05-16,14:20,1,1,0,0,asaidykhan,1,2023-05-16,14:20,1,0,1,0,asaidykhan,,,,,,,asaidykhan,2
IDeA30071J,v12_arm_1,,,1,,,2023-08-08,17:38,1,1,0,0,asaidykhan,1,2023-08-08,17:38,1,0,1,0,asaidykhan,,,,,,,asaidykhan,2
IDeA30073K,v1_arm_1,,,1,,,2023-06-05,15:13,1,1,0,0,asaidykhan,1,2023-06-05,15:13,1,1,0,0,asaidykhan,,,,,,,mpleij,2
IDeA30073K,v12_arm_1,,,1,,,2023-08-28,17:20,1,1,0,0,asaidykhan,1,2023-08-28,17:20,1,0,1,0,asaidykhan,,,,,,,asaidykhan,2
IDeA30074H,v1_arm_1,,,1,,,2023-06-05,15:13,1,1,0,0,asaidykhan,1,2023-06-05,15:13,1,1,0,0,asaidykhan,,,,,,,mpleij,2
IDeA30074H,v12_arm_1,,,1,,,2023-08-28,17:20,1,1,0,0,asaidykhan,1,2023-08-28,17:20,1,0,1,0,asaidykhan,,,,,,,asaidykhan,2
IDeA30081B,v1_arm_1,,,1,,,2023-05-29,14:05,1,1,0,0,asaidykhan,1,2023-05-29,14:05,1,1,0,0,asaidykhan,,,,,,,asaidykhan,2
IDeA30081B,v12_arm_1,,,1,,,2023-08-21,15:56,1,1,0,0,asaidykhan,1,2023-08-21,15:56,1,1,0,0,asaidykhan,,,,,,,asaidykhan,2
IDeA30085E,v1_arm_1,,,1,,,2023-05-15,15:06,1,1,0,1,asaidykhan,1,2023-05-15,15:06,1,1,0,0,asaidykhan,,,,,,,asaidykhan,2
IDeA30085E,v12_arm_1,,,1,,,2023-08-08,14:49,1,1,0,0,asaidykhan,1,2023-08-08,14:49,1,0,1,0,asaidykhan,,,,,,,asaidykhan,2
IDeA30089J,v1_arm_1,,,1,,,2023-05-15,15:06,1,1,0,0,asaidykhan,1,2023-05-15,15:06,1,1,0,0,asaidykhan,,,,,,,asaidykhan,2
IDeA30089J,v12_arm_1,,,1,,,2023-08-08,14:49,1,1,0,0,asaidykhan,1,2023-08-08,14:49,1,0,1,0,asaidykhan,,,,,,,asaidykhan,2
IDeA30090E,v1_arm_1,,,1,,,2023-05-15,15:06,1,1,0,0,asaidykhan,1,2023-05-15,15:06,1,1,0,0,asaidykhan,,,,,,,asaidykhan,2
IDeA30090E,v12_arm_1,,,1,,,2023-08-08,14:49,1,1,0,0,asaidykhan,1,2023-08-08,14:49,1,1,0,0,asaidykhan,,,,,,,asaidykhan,2
IDeA30095H,v1_arm_1,,,1,,,2023-05-16,14:20,1,1,0,0,asaidykhan,1,2023-05-16,14:20,1,1,0,0,asaidykhan,,,,,,,asaidykhan,2
IDeA30097D,v1_arm_1,,,1,,,2023-06-05,15:13,1,1,0,0,asaidykhan,1,2023-06-05,15:13,1,1,0,0,asaidykhan,,,,,,,mpleij,2
IDeA30098F,v1_arm_1,,,1,,,2023-05-16,14:20,1,1,0,0,asaidykhan,1,2023-05-16,14:20,1,1,0,0,asaidykhan,,,,,,,asaidykhan,2
IDeA30098F,v12_arm_1,,,1,,,2023-08-08,17:38,1,1,0,0,asaidykhan,1,2023-08-08,17:38,1,0,1,0,asaidykhan,,,,,,,asaidykhan,2
IDeA30101A,v1_arm_1,,,1,,,2023-05-17,14:31,1,1,0,0,asaidykhan,1,2023-05-17,14:31,1,1,0,0,asaidykhan,,,,,,,asaidykhan,2
IDeA30101A,v12_arm_1,,,1,,,2023-08-09,15:42,1,1,0,0,asaidykhan,1,2023-08-09,15:42,1,0,1,0,asaidykhan,,,,,,,asaidykhan,2
IDeA30103C,v1_arm_1,,,1,,,2023-05-17,14:31,1,1,0,0,asaidykhan,1,2023-05-17,14:31,1,1,0,0,asaidykhan,,,,,,,asaidykhan,2
IDeA30103C,v12_arm_1,,,1,,,2023-08-09,15:42,1,1,0,0,asaidykhan,1,2023-08-09,15:42,1,1,0,0,asaidykhan,,,,,,,asaidykhan,2
IDeA30109D,v1_arm_1,,,1,,,2023-06-12,13:48,1,1,0,0,asaidykhan,1,2023-06-12,13:48,1,1,0,0,asaidykhan,,,,,,,mklappe,2
IDeA30109D,v12_arm_1,,,1,,,2023-09-04,16:13,1,1,0,0,asaidykhan,1,2023-09-04,16:13,1,0,1,0,asaidykhan,,,,,,,asaidykhan,2
IDeA30110J,v1_arm_1,,,1,,,2023-06-19,15:45,1,1,0,0,asaidykhan,1,2023-06-19,15:45,1,1,0,0,asaidykhan,,,,,,,mklappe,2
IDeA30112E,v1_arm_1,,,1,,,2023-05-23,12:55,1,1,0,0,asaidykhan,1,2023-05-23,12:55,1,1,0,0,asaidykhan,,,,,,,asaidykhan,2
IDeA30121G,v1_arm_1,,,1,,,2023-06-05,15:13,1,1,0,0,asaidykhan,1,2023-06-05,15:13,1,1,0,0,asaidykhan,,,,,,,mpleij,2
IDeA30121G,v12_arm_1,,,1,,,2023-08-28,17:20,1,1,0,0,asaidykhan,1,2023-08-28,17:20,1,1,0,0,asaidykhan,,,,,,,asaidykhan,2
IDeA30131D,v1_arm_1,,,1,,,2023-06-30,14:20,1,1,0,0,asaidykhan,1,2023-06-30,14:20,1,1,0,0,asaidykhan,,,,,,,mpleij,2
IDeA30131D,v12_arm_1,,,1,,,2023-08-22,15:13,1,1,0,0,asaidykhan,1,2023-08-22,15:13,1,0,1,0,asaidykhan,,,,,,,asaidykhan,2
IDeA30135K,v1_arm_1,,,1,,,2023-05-17,14:31,1,1,0,0,asaidykhan,1,2023-05-17,14:31,1,1,0,0,asaidykhan,,,,,,,asaidykhan,2
IDeA30146G,v1_arm_1,,,1,,,2023-06-30,14:20,1,1,0,0,asaidykhan,1,2023-06-30,14:20,1,1,0,0,asaidykhan,,,,,,,mpleij,2
IDeA30146G,v12_arm_1,,,1,,,2023-08-22,15:13,1,1,0,0,asaidykhan,1,2023-08-22,15:13,1,0,1,0,asaidykhan,,,,,,,asaidykhan,2
IDeA30148K,v1_arm_1,,,1,,,2023-05-17,14:31,1,1,0,0,asaidykhan,1,2023-05-17,14:31,1,1,0,0,asaidykhan,,,,,,,asaidykhan,2
IDeA30148K,v12_arm_1,,,1,,,2023-08-09,15:42,1,1,0,0,asaidykhan,1,2023-08-09,15:42,1,1,0,0,asaidykhan,,,,,,,asaidykhan,2
IDeA30151E,v1_arm_1,,,1,,,2023-06-05,15:13,1,1,0,0,asaidykhan,1,2023-06-05,15:13,1,1,0,0,asaidykhan,,,,,,,mpleij,2
IDeA30154G,v1_arm_1,,,1,,,2023-05-16,14:20,1,1,0,0,asaidykhan,1,2023-05-16,14:20,1,1,0,0,asaidykhan,,,,,,,asaidykhan,2
IDeA30154G,v12_arm_1,,,1,,,2023-08-08,17:38,1,1,0,0,asaidykhan,1,2023-08-08,17:38,1,0,1,0,asaidykhan,,,,,,,asaidykhan,2
IDeA30159F,v1_arm_1,,,1,,,2023-05-17,14:31,1,1,0,1,asaidykhan,1,2023-05-17,14:31,1,1,0,0,asaidykhan,,,,,,,asaidykhan,2
IDeA30159F,v12_arm_1,,,1,,,2023-08-09,15:42,1,1,0,0,asaidykhan,1,2023-08-09,15:42,1,0,1,0,asaidykhan,,,,,,,asaidykhan,2
IDeA30160B,v1_arm_1,,,1,,,2023-06-19,15:45,1,1,0,0,asaidykhan,1,2023-06-19,15:45,1,1,0,0,asaidykhan,,,,,,,mklappe,2
IDeA30160B,v12_arm_1,,,1,,,2023-09-11,15:52,1,1,0,0,asaidykhan,1,2023-09-11,15:52,1,0,1,0,asaidykhan,,,,,,,mpleij,2
IDeA30164K,v1_arm_1,,,1,,,2023-05-17,14:31,1,1,0,0,asaidykhan,1,2023-05-17,14:31,1,1,0,0,asaidykhan,,,,,,,asaidykhan,2
IDeA30164K,v12_arm_1,,,1,,,2023-08-09,15:42,1,1,0,0,asaidykhan,1,2023-08-09,15:42,1,0,1,0,asaidykhan,,,,,,,asaidykhan,2
IDeA30165J,v1_arm_1,,,1,,,2023-05-11,14:05,1,1,0,0,Asaidykhan,1,2023-05-11,14:05,1,1,0,0,Asaidykhan,,,,,,,Asaidykhan,2
IDeA30165J,v12_arm_1,,,1,,,2023-08-04,13:17,1,1,0,0,Asaidykhan,1,2023-08-04,13:17,1,1,0,0,Asaidykhan,,,,,,,Asaidykhan,2
IDeA30169G,v1_arm_1,,,1,,,2023-05-17,14:31,1,1,0,0,asaidykhan,1,2023-05-17,14:31,1,1,0,0,asaidykhan,,,,,,,asaidykhan,2
IDeA30169G,v12_arm_1,,,1,,,2023-08-09,15:42,1,1,0,0,asaidykhan,1,2023-08-09,15:42,1,0,1,0,asaidykhan,,,,,,,asaidykhan,2
IDeA30176F,v1_arm_1,,,1,,,2023-05-11,14:05,1,1,0,0,Asaidykhan,1,2023-05-11,14:05,1,1,0,0,Asaidykhan,,,,,,,Asaidykhan,2
IDeA30176F,v12_arm_1,,,1,,,2023-08-04,13:17,1,1,0,0,asaidykhan,1,2023-08-04,13:17,1,1,0,0,asaidykhan,,,,,,,asaidykhan,2
IDeA30179J,v1_arm_1,,,1,,,2023-07-10,14:26,1,1,0,0,asaidykhan,1,2023-07-10,14:26,1,1,0,0,asaidykhan,,,,,,,mklappe,2
IDeA30180E,v1_arm_1,,,1,,,2023-07-03,16:49,1,1,0,0,asaidykhan,1,2023-07-03,16:49,1,1,0,0,asaidykhan,,,,,,,mpleij,2
IDeA30180E,v12_arm_1,,,1,,,2023-09-25,17:00,1,1,0,0,asaidykhan,1,2023-09-25,17:00,1,1,0,0,asaidykhan,,,,,,,asaidykhan,2
IDeA30181C,v1_arm_1,,,1,,,2023-07-10,14:26,1,1,0,0,asaidykhan,1,2023-07-10,14:26,1,1,0,0,asaidykhan,,,,,,,mklappe,2
IDeA30181C,v12_arm_1,,,1,,,2023-10-02,16:25,1,1,0,0,asaidykhan,1,2023-10-02,16:25,1,1,0,0,asaidykhan,,,,,,,asaidykhan,2
IDeA30186B,v1_arm_1,,,1,,,2023-05-17,14:31,1,1,0,0,asaidykhan,1,2023-05-17,14:31,1,1,0,0,asaidykhan,,,,,,,asaidykhan,2
IDeA30186B,v12_arm_1,,,1,,,2023-08-09,15:42,1,1,0,0,asaidykhan,1,2023-08-09,15:42,1,1,0,0,asaidykhan,,,,,,,asaidykhan,2
IDeA30188F,v1_arm_1,,,1,,,2023-07-03,16:49,1,1,0,0,asaidykhan,1,2023-07-03,16:49,1,1,0,0,asaidykhan,,,,,,,mpleij,2
IDeA30188F,v12_arm_1,,,1,,,2023-09-25,17:00,1,1,0,0,asaidykhan,1,2023-09-25,17:00,1,0,1,0,asaidykhan,,,,,,,asaidykhan,2
IDeA30189K,v1_arm_1,,,1,,,2023-06-19,15:45,1,1,0,0,asaidykhan,1,2023-06-19,15:45,1,1,0,0,asaidykhan,,,,,,,mklappe,2
IDeA30189K,v12_arm_1,,,1,,,2023-09-11,15:52,1,1,0,0,asaidykhan,1,2023-09-11,15:52,1,0,1,0,asaidykhan,,,,,,,mpleij,2
IDeA30191J,v1_arm_1,,,1,,,2023-07-03,16:49,1,1,0,0,asaidykhan,1,2023-07-03,16:49,1,1,0,0,asaidykhan,,,,,,,mpleij,2
IDeA30191J,v12_arm_1,,,1,,,2023-10-09,15:46,1,1,0,0,asaidykhan,1,2023-10-09,15:46,1,0,1,0,asaidykhan,,,,,,,asaidykhan,2
IDeA30192G,v1_arm_1,,,1,,,2023-09-05,14:32,1,1,0,0,asaidykhan,1,2023-09-05,14:32,1,1,0,0,asaidykhan,,,,,,,asaidykhan,2
IDeA30192G,v12_arm_1,,,1,,,2023-11-28,15:30,1,1,0,0,asaidykhan,1,2023-11-28,15:30,1,0,1,0,asaidykhan,,,,,,,asaidykhan,2
IDeA30193K,v1_arm_1,,,1,,,2023-05-22,14:27,1,1,0,0,asaidkyhan,1,2023-05-22,14:27,1,1,0,0,asaidkyhan,,,,,,,asaidkyhan,2
IDeA30194H,v1_arm_1,,,1,,,2023-10-09,15:55,1,1,0,0,asaidykhan,1,2023-10-09,15:55,1,0,1,0,asaidykhan,,,,,,,asaidykhan,2
IDeA30194H,v12_arm_1,,,1,,,2023-10-09,15:46,1,1,0,0,asaidykhan,1,2023-10-09,15:46,1,0,1,0,asaidykhan,,,,,,,asaidykhan,2
IDeA30196A,v1_arm_1,,,1,,,2023-05-11,14:05,1,1,0,0,Asaidykhan,1,2023-05-11,14:05,1,1,0,0,Asaidykhan,,,,,,,Asaidykhan,2
IDeA30196A,v12_arm_1,,,1,,,2023-08-04,13:17,1,1,0,0,asaidykhan,1,2023-08-04,13:17,1,0,1,0,asaidykhan,,,,,,,asaidykhan,2
IDeA30201K,v1_arm_1,,,1,,,2023-06-12,13:48,1,1,0,0,asaidykhan,1,2023-06-12,13:48,1,1,0,0,asaidykhan,,,,,,,mklappe,2
IDeA30201K,v12_arm_1,,,1,,,2023-09-11,15:52,1,1,0,0,asaidykhan,1,2023-09-11,15:52,1,0,1,0,asaidykhan,,,,,,,mpleij,2
IDeA30210A,v1_arm_1,,,1,,,2023-05-29,14:05,1,1,0,0,asaidykhan,1,2023-05-29,14:05,1,1,0,0,asaidykhan,,,,,,,asaidykhan,2
IDeA30210A,v12_arm_1,,,1,,,2023-08-21,15:56,1,1,0,0,asaidykhan,1,2023-08-21,15:56,1,0,1,0,asaidykhan,,,,,,,asaidykhan,2
IDeA30212B,v1_arm_1,,,1,,,2023-06-30,14:20,1,1,0,0,asaidykhan,1,2023-06-30,14:20,1,1,0,0,asaidykhan,,,,,,,mpleij,2
IDeA30212B,v12_arm_1,,,1,,,2023-08-22,15:13,1,1,0,0,asaidykhan,1,2023-08-22,15:13,1,0,1,0,asaidykhan,,,,,,,asaidykhan,2
IDeA30213H,v1_arm_1,,,1,,,2023-07-10,14:26,1,1,0,0,asaidykhan,1,2023-07-10,14:26,1,1,0,0,asaidykhan,,,,,,,mklappe,2
IDeA30221F,v1_arm_1,,,1,,,2023-06-30,14:20,1,1,0,0,asaidykhan,1,2023-06-30,14:20,1,1,0,0,asaidykhan,,,,,,,mpleij,2
IDeA30221F,v12_arm_1,,,1,,,2023-08-22,15:13,1,1,0,0,asaidykhan,1,2023-08-22,15:13,1,1,0,0,asaidykhan,,,,,,,asaidykhan,2
IDeA30223B,v1_arm_1,,,1,,,2023-05-16,14:20,1,1,0,0,asaidykhan,1,2023-05-16,14:20,1,1,0,0,asaidykhan,,,,,,,asaidykhan,2
IDeA30223B,v12_arm_1,,,1,,,2023-08-08,17:38,1,1,0,0,asaidykhan,1,2023-08-08,17:38,1,1,0,0,asaidykhan,,,,,,,asaidykhan,2
IDeA30224E,v1_arm_1,,,1,,,2023-06-30,14:20,1,1,0,0,asaidykhan,1,2023-06-30,14:20,1,1,0,0,asaidykhan,,,,,,,mpleij,2
IDeA30224E,v12_arm_1,,,1,,,2023-08-22,15:13,1,1,0,0,asaidykhan,1,2023-08-22,15:13,1,0,1,0,asaidykhan,,,,,,,asaidykhan,2
IDeA30228K,v1_arm_1,,,1,,,2023-07-03,16:49,1,1,0,0,asaidykhan,1,2023-07-03,16:49,1,1,0,0,asaidykhan,,,,,,,mpleij,2
IDeA30228K,v12_arm_1,,,1,,,2023-09-25,17:00,1,1,0,0,asaidykhan,1,2023-09-25,17:00,1,0,1,0,asaidykhan,,,,,,,asaidykhan,2
IDeA30229A,v1_arm_1,,,1,,,2023-06-05,15:13,1,1,0,0,asaidykhan,1,2023-06-05,15:13,1,1,0,0,asaidykhan,,,,,,,mpleij,2
IDeA30232A,v1_arm_1,,,1,,,2023-07-03,16:49,1,1,0,0,asaidykhan,1,2023-07-03,16:49,1,1,0,0,asaidykhan,,,,,,,mpleij,2
IDeA30232A,v12_arm_1,,,1,,,2023-09-25,17:00,1,1,0,0,asaidykhan,1,2023-09-25,17:00,1,0,1,0,asaidykhan,,,,,,,asaidykhan,2
IDeA30234J,v1_arm_1,,,1,,,2023-06-19,15:45,1,1,0,0,asaidykhan,1,2023-06-19,15:45,1,1,0,0,asaidykhan,,,,,,,mklappe,2
IDeA30235H,v1_arm_1,,,1,,,2023-07-10,14:26,1,1,0,0,asaidykhan,1,2023-07-10,14:26,1,1,0,0,asaidykhan,,,,,,,mklappe,2
IDeA30235H,v12_arm_1,,,1,,,2023-10-02,16:25,1,1,0,0,asaidykhan,1,2023-10-02,16:25,1,1,0,0,asaidykhan,,,,,,,asaidykhan,2
IDeA30236B,v1_arm_1,,,1,,,2023-05-29,14:05,1,1,0,0,asaidykhan,1,2023-05-29,14:05,1,1,0,0,asaidykhan,,,,,,,asaidykhan,2
IDeA30236B,v12_arm_1,,,1,,,2023-08-21,15:56,1,1,0,0,asaidykhan,1,2023-08-21,15:56,1,0,1,0,asaidykhan,,,,,,,asaidykhan,2
IDeA30237D,v1_arm_1,,,1,,,2023-05-22,14:27,1,1,0,0,asaidkyhan,1,2023-05-22,14:40,1,0,1,0,asaidkyhan,,,,,,,asaidkyhan,2
IDeA30237D,v12_arm_1,,,1,,,2023-08-14,18:08,1,1,0,0,asaidykhan,1,2023-08-14,18:08,1,0,1,0,asaidykhan,,,,,,,asaidykhan,2
IDeA30238F,v1_arm_1,,,1,,,2023-05-22,14:27,1,1,0,0,asaidkyhan,1,2023-05-22,14:27,1,1,0,0,asaidkyhan,,,,,,,asaidkyhan,2
IDeA30238F,v12_arm_1,,,1,,,2023-08-14,18:08,1,1,0,0,asaidykhan,1,2023-08-14,18:08,1,0,1,0,asaidykhan,,,,,,,asaidykhan,2
IDeA30239K,v1_arm_1,,,1,,,2023-06-05,15:13,1,1,0,0,asaidykhan,1,2023-06-05,15:13,1,1,0,0,asaidykhan,,,,,,,mpleij,2
IDeA30239K,v12_arm_1,,,1,,,2023-08-28,17:20,1,1,0,0,asaidykhan,1,2023-08-28,17:20,1,0,1,0,asaidykhan,,,,,,,asaidykhan,2
IDeA30240H,v1_arm_1,,,1,,,2023-05-22,14:27,1,1,0,0,asaidkyhan,1,2023-05-22,14:27,1,1,0,0,asaidkyhan,,,,,,,asaidkyhan,2
IDeA30240H,v12_arm_1,,,1,,,2023-08-14,18:08,1,1,0,0,asaidykhan,1,2023-08-14,18:08,1,0,1,0,asaidykhan,,,,,,,asaidykhan,2
IDeA30243C,v1_arm_1,,,1,,,2023-05-29,14:05,1,1,0,0,asaidykhan,1,2023-05-29,14:05,1,1,0,0,asaidykhan,,,,,,,asaidykhan,2
IDeA30243C,v12_arm_1,,,1,,,2023-08-21,15:56,1,1,0,0,asaidykhan,1,2023-08-21,15:56,1,0,1,0,asaidykhan,,,,,,,asaidykhan,2
IDeA30254C,v1_arm_1,,,1,,,2023-07-24,14:36,1,1,0,0,asaidykhan,1,2023-07-24,14:36,1,1,0,0,asaidykhan,,,,,,,mpleij,2
IDeA30255A,v1_arm_1,,,1,,,2023-05-17,14:31,1,1,0,0,asaidykhan,1,2023-05-17,14:31,1,1,0,0,asaidykhan,,,,,,,asaidykhan,2
IDeA30255A,v12_arm_1,,,1,,,2023-08-09,15:54,1,1,0,0,asaidykhan,1,2023-08-09,15:54,1,0,1,0,asaidykhan,,,,,,,asaidykhan,2
IDeA30257F,v1_arm_1,,,1,,,2023-06-19,15:45,1,1,0,0,asaidykhan,1,2023-06-19,15:45,1,1,0,0,asaidykhan,,,,,,,mklappe,2
IDeA30257F,v12_arm_1,,,1,,,2023-09-11,15:52,1,1,0,0,asaidykhan,1,2023-09-11,15:52,1,0,1,0,asaidykhan,,,,,,,mpleij,2
IDeA30260G,v1_arm_1,,,1,,,2023-05-23,12:55,1,1,0,0,asaidykhan,1,2023-05-23,12:55,1,1,0,0,asaidykhan,,,,,,,asaidykhan,2
IDeA30260G,v12_arm_1,,,1,,,2023-08-15,17:11,1,1,0,0,asaidykhan,1,2023-08-15,17:11,1,1,0,0,asaidykhan,,,,,,,asaidykhan,2
IDeA30265E,v1_arm_1,,,1,,,2023-05-17,14:31,1,1,0,0,asaidykhan,1,2023-05-17,14:31,1,1,0,0,asaidykhan,,,,,,,asaidykhan,2
IDeA30265E,v12_arm_1,,,1,,,2023-08-09,15:42,1,1,0,0,asaidykhan,1,2023-08-09,15:42,1,1,0,0,asaidykhan,,,,,,,asaidykhan,2
IDeA30272D,v1_arm_1,,,1,,,2023-08-15,17:11,1,1,0,0,asaidykhan,1,2023-08-15,17:11,1,1,0,0,asaidykhan,,,,,,,asaidykhan,2
IDeA30273J,v1_arm_1,,,1,,,2023-08-07,14:50,1,1,0,0,asaidykhan,1,2023-08-07,14:50,1,1,0,0,asaidykhan,,,,,,,mpleij,2
IDeA30273J,v12_arm_1,,,1,,,2023-10-30,15:30,1,1,0,0,asaidykhan,1,2023-10-30,15:30,1,0,1,0,asaidykhan,,,,,,,asaidykhan,2
IDeA30277C,v1_arm_1,,,1,,,2023-05-17,14:31,1,1,0,0,asaidykhan,1,2023-05-17,14:31,1,0,1,0,asaidykhan,,,,,,,asaidykhan,2
IDeA30278A,v1_arm_1,,,1,,,2023-07-24,14:36,1,1,0,0,asaidykhan,1,2023-07-24,14:36,1,1,0,0,asaidykhan,,,,,,,mpleij,2
IDeA30278A,v12_arm_1,,,1,,,2023-10-16,15:48,1,1,0,0,asaidykhan,1,2023-10-16,15:48,1,0,1,0,asaidykhan,,,,,,,asaidykhan,2
IDeA30280F,v1_arm_1,,,1,,,2023-06-30,14:20,1,1,0,0,asaidykhan,1,2023-06-30,14:20,1,1,0,0,asaidykhan,,,,,,,mpleij,2
IDeA30280F,v12_arm_1,,,1,,,2023-08-22,15:13,1,1,0,0,asaidykhan,1,2023-08-22,15:13,1,0,1,0,asaidykhan,,,,,,,asaidykhan,2
IDeA30290B,v1_arm_1,,,1,,,2023-06-30,14:20,1,1,0,0,asaidykhan,1,2023-06-30,14:20,1,1,0,0,asaidykhan,,,,,,,mpleij,2
IDeA30294K,v1_arm_1,,,1,,,2023-07-24,14:36,1,1,0,0,asaidykhan,1,2023-07-24,14:36,1,1,0,0,asaidykhan,,,,,,,mpleij,2
IDeA30298C,v1_arm_1,,,1,,,2023-05-17,14:31,1,1,0,0,asaidykhan,1,2023-05-17,14:31,1,1,0,0,asaidykhan,,,,,,,asaidykhan,2
IDeA30299G,v1_arm_1,,,1,,,2023-07-03,16:49,1,1,0,0,asaidykhan,1,2023-07-03,16:49,1,1,0,0,asaidykhan,,,,,,,mpleij,2
IDeA30299G,v12_arm_1,,,1,,,2023-09-25,17:00,1,1,0,0,asaidykhan,1,2023-09-25,17:00,1,0,1,0,asaidykhan,,,,,,,asaidykhan,2
IDeA30300K,v1_arm_1,,,1,,,2023-06-19,15:45,1,1,0,0,asaidykhan,1,2023-06-19,15:45,1,1,0,0,asaidykhan,,,,,,,mklappe,2
IDeA30300K,v12_arm_1,,,1,,,2023-09-11,15:52,1,1,0,0,asaidykhan,1,2023-09-11,15:52,1,0,1,0,asaidykhan,,,,,,,mpleij,2
IDeA30301E,v12_arm_1,,,1,,,2023-08-09,15:42,1,1,0,0,asaidykhan,1,2023-08-09,15:42,1,1,0,0,asaidykhan,,,,,,,asaidykhan,2
IDeA30316G,v1_arm_1,,,1,,,2023-08-07,14:50,1,1,0,0,asaidykhan,1,2023-08-07,14:50,1,1,0,0,asaidykhan,,,,,,,mpleij,2
IDeA30316G,v12_arm_1,,,1,,,2023-10-30,15:30,1,1,0,0,asaidykhan,1,2023-10-30,15:30,1,0,1,0,asaidykhan,,,,,,,asaidykhan,2
IDeA30317H,v1_arm_1,,,1,,,2023-07-03,16:49,1,1,0,0,asaidykhan,1,2023-07-03,16:49,1,1,0,0,asaidykhan,,,,,,,mpleij,2
IDeA30317H,v12_arm_1,,,1,,,2023-09-25,17:00,1,1,0,0,asaidykhan,1,2023-09-25,17:00,1,0,1,0,asaidykhan,,,,,,,asaidykhan,2
IDeA30318K,v1_arm_1,,,1,,,2023-05-15,15:06,1,1,0,1,asaidykhan,1,2023-05-15,15:06,1,1,0,0,asaidykhan,,,,,,,asaidykhan,2
IDeA30318K,v12_arm_1,,,1,,,2023-08-08,14:49,1,1,0,0,asaidykhan,1,2023-08-08,14:49,1,1,0,0,asaidykhan,,,,,,,asaidykhan,2
IDeA30320G,v1_arm_1,,,1,,,2023-05-16,14:20,1,1,0,0,asaidykhan,1,2023-05-16,14:20,1,1,0,0,asaidykhan,,,,,,,asaidykhan,2
IDeA30327K,v1_arm_1,,,1,,,2023-10-04,16:23,1,1,0,0,asaidykhan,1,2023-10-04,16:23,1,1,0,0,asaidykhan,,,,,,,asaidykhan,2
IDeA30328H,v1_arm_1,,,1,,,2023-06-19,15:45,1,1,0,0,asaidykhan,1,2023-06-19,15:45,1,1,0,0,asaidykhan,,,,,,,mklappe,2
IDeA30328H,v12_arm_1,,,1,,,2023-09-11,15:52,1,1,0,0,asaidykhan,1,2023-09-11,15:52,1,0,1,0,asaidykhan,,,,,,,mpleij,2
IDeA30330D,v1_arm_1,,,1,,,2023-05-11,14:05,1,1,0,0,Asaidykhan,1,2023-05-11,14:05,1,1,0,0,Asaidykhan,,,,,,,Asaidykhan,2
IDeA30330D,v12_arm_1,,,1,,,2023-08-04,13:17,1,1,0,0,asaidykhan,1,2023-08-04,13:17,1,1,0,0,asaidykhan,,,,,,,asaidykhan,2
IDeA30331G,v1_arm_1,,,1,,,2023-08-07,14:50,1,1,0,0,asaidykhan,1,2023-08-07,14:50,1,1,0,0,asaidykhan,,,,,,,mpleij,2
IDeA30334C,v1_arm_1,,,1,,,2023-05-16,14:20,1,1,0,0,asaidykhan,1,2023-05-16,14:20,1,1,0,0,asaidykhan,,,,,,,asaidykhan,2
IDeA30334C,v12_arm_1,,,1,,,2023-08-08,17:38,1,1,0,0,asaidykhan,1,2023-08-08,17:38,1,1,0,0,asaidykhan,,,,,,,asaidykhan,2
IDeA30342F,v1_arm_1,,,1,,,2023-05-22,14:27,1,1,0,0,asaidkyhan,1,2023-05-22,14:27,1,1,0,0,asaidkyhan,,,,,,,asaidkyhan,2
IDeA30342F,v12_arm_1,,,1,,,2023-08-14,18:08,1,1,0,0,asaidykhan,1,2023-08-14,18:08,1,1,0,0,asaidykhan,,,,,,,asaidykhan,2
IDeA30343A,v1_arm_1,,,1,,,2023-07-10,14:26,1,1,0,0,asaidykhan,1,2023-07-10,14:26,1,1,0,0,asaidykhan,,,,,,,mklappe,2
IDeA30343A,v12_arm_1,,,1,,,2023-10-02,16:25,1,1,0,0,asaidykhan,1,2023-10-02,16:25,1,1,0,0,asaidykhan,,,,,,,asaidykhan,2
IDeA30344K,v1_arm_1,,,1,,,2023-05-15,15:06,1,1,0,0,asaidykhan,1,2023-05-15,15:06,1,1,0,0,asaidykhan,,,,,,,asaidykhan,2
IDeA30347E,v1_arm_1,,,1,,,2023-09-26,15:30,1,1,0,0,asaidykhan,1,2023-09-26,15:30,1,0,1,0,asaidykhan,,,,,,,asaidykhan,2
IDeA30347E,v12_arm_1,,,1,,,2023-12-19,15:52,1,1,0,0,asaidykhan,1,2023-12-19,15:52,1,0,1,0,asaidykhan,,,,,,,asaidykhan,2
IDeA30349G,v1_arm_1,,,1,,,2023-08-29,16:02,1,1,0,0,asaidykhan,1,2023-08-29,16:02,1,0,1,0,asaidykhan,,,,,,,asaidykhan,2
IDeA30351J,v1_arm_1,,,1,,,2023-06-12,13:48,1,1,0,0,asaidykhan,1,2023-06-12,13:48,1,1,0,0,asaidykhan,,,,,,,mklappe,2
IDeA30351J,v12_arm_1,,,1,,,2023-09-04,16:13,1,1,0,1,asaidykhan,1,2023-09-04,16:13,1,1,0,0,asaidykhan,,,,,,,asaidykhan,2
IDeA30352G,v1_arm_1,,,1,,,2023-08-15,17:11,1,1,0,0,asaidykhan,1,2023-08-15,17:11,1,0,1,0,asaidykhan,,,,,,,asaidykhan,2
IDeA30352G,v12_arm_1,,,1,,,2023-10-09,15:46,1,1,0,0,asaidykhan,1,2023-10-09,15:46,1,0,1,0,asaidykhan,,,,,,,asaidykhan,2
IDeA30353K,v1_arm_1,,,1,,,2023-08-15,17:00,1,1,0,0,asaidykhan,1,2023-08-15,17:00,1,0,1,0,asaidykhan,,,,,,,asaidykhan,2
IDeA30353K,v12_arm_1,,,1,,,2023-11-07,14:20,1,1,0,0,asaidykhan,1,2023-11-07,14:20,1,0,1,0,asaidykhan,,,,,,,asaidykhan,2
IDeA30359E,v1_arm_1,,,1,,,2023-05-15,15:06,1,1,0,0,asaidykhan,1,2023-05-15,15:06,1,1,0,0,asaidykhan,,,,,,,asaidykhan,2
IDeA30359E,v12_arm_1,,,1,,,2023-08-08,14:49,1,1,0,0,asaidykhan,1,2023-08-08,14:49,1,1,0,0,asaidykhan,,,,,,,asaidykhan,2
IDeA30361C,v1_arm_1,,,1,,,2023-09-19,16:47,1,1,0,0,asaidykhan,1,2023-09-19,16:47,1,0,1,0,asaidykhan,,,,,,,asaidykhan,2
IDeA30361C,v12_arm_1,,,1,,,2023-12-12,13:49,1,1,0,0,asaidykhan,1,2023-12-12,13:49,1,1,0,0,asaidykhan,,,,,,,asaidykhan,2
IDeA30362A,v1_arm_1,,,1,,,2023-07-24,14:36,1,1,0,0,asaidykhan,1,2023-07-24,14:36,1,1,0,0,asaidykhan,,,,,,,mpleij,2
IDeA30362A,v12_arm_1,,,1,,,2023-10-16,15:48,1,1,0,0,asaidykhan,1,2023-10-16,15:48,1,0,1,0,asaidykhan,,,,,,,asaidykhan,2
IDeA30363G,v1_arm_1,,,1,,,2023-08-29,16:02,1,1,0,0,asaidykhan,1,2023-08-29,16:02,1,1,0,0,asaidykhan,,,,,,,asaidykhan,2
IDeA30364J,v1_arm_1,,,1,,,2023-08-15,17:11,1,1,0,0,asaidykhan,1,2023-08-15,17:11,1,1,0,0,asaidykhan,,,,,,,asaidykhan,2
IDeA30364J,v12_arm_1,,,1,,,2023-11-07,14:20,1,1,0,0,asaidykhan,1,2023-11-07,14:20,1,0,1,0,asaidykhan,,,,,,,asaidykhan,2
IDeA30365H,v1_arm_1,,,1,,,2023-09-19,16:47,1,1,0,0,asaidykhan,1,2023-09-19,16:47,1,0,1,0,asaidykhan,,,,,,,asaidykhan,2
IDeA30365H,v12_arm_1,,,1,,,2023-12-12,13:49,1,1,0,0,asaidykhan,1,2023-12-12,13:49,1,0,1,0,asaidykhan,,,,,,,asaidykhan,2
IDeA30370A,v1_arm_1,,,1,,,2023-06-12,13:48,1,1,0,0,asaidykhan,1,2023-06-12,13:48,1,1,0,0,asaidykhan,,,,,,,mklappe,2
IDeA30370A,v12_arm_1,,,1,,,2023-09-04,16:13,1,1,0,0,asaidykhan,1,2023-09-04,16:13,1,0,1,0,asaidykhan,,,,,,,asaidykhan,2
IDeA30374F,v1_arm_1,,,1,,,2023-06-05,15:13,1,1,0,0,asaidykhan,1,2023-06-05,15:13,1,1,0,0,asaidykhan,,,,,,,mpleij,2
IDeA30374F,v12_arm_1,,,1,,,2023-08-28,17:20,1,1,0,1,asaidykhan,1,2023-08-28,17:20,1,1,0,0,asaidykhan,,,,,,,asaidykhan,2
IDeA30375K,v1_arm_1,,,1,,,2023-07-24,14:36,1,1,0,0,asaidykhan,1,2023-07-24,14:36,1,1,0,0,asaidykhan,,,,,,,mpleij,2
IDeA30376J,v1_arm_1,,,1,,,2023-07-10,14:26,1,1,0,0,asaidykhan,1,2023-07-10,14:26,1,1,0,0,asaidykhan,,,,,,,mklappe,2
IDeA30377G,v1_arm_1,,,1,,,2023-09-26,15:00,1,1,0,0,asaidykhan,1,2023-09-26,15:00,1,1,0,0,asaidykhan,,,,,,,asaidykhan,2
IDeA30377G,v12_arm_1,,,1,,,2023-12-19,15:52,1,1,0,0,asaidykhan,1,2023-12-19,15:52,1,0,1,0,asaidykhan,,,,,,,asaidykhan,2
IDeA30380H,v1_arm_1,,,1,,,2023-07-03,16:49,1,1,0,0,asaidykhan,1,2023-07-03,16:49,1,1,0,0,asaidykhan,,,,,,,mpleij,2
IDeA30380H,v12_arm_1,,,1,,,2023-09-25,17:00,1,1,0,0,asaidykhan,1,2023-09-25,17:00,1,1,0,0,asaidykhan,,,,,,,asaidykhan,2
IDeA30381A,v1_arm_1,,,1,,,2023-08-29,16:02,1,1,0,0,asaidykhan,1,2023-08-29,16:02,1,0,1,0,asaidykhan,,,,,,,asaidykhan,2
IDeA30386E,v1_arm_1,,,1,,,2023-06-19,15:45,1,1,0,0,asaidykhan,1,2023-06-19,15:45,1,1,0,0,asaidykhan,,,,,,,mklappe,2
IDeA30386E,v12_arm_1,,,1,,,2023-09-25,17:00,1,1,0,0,asaidykhan,1,2023-09-25,17:00,1,0,1,0,asaidykhan,,,,,,,asaidykhan,2
IDeA30388G,v1_arm_1,,,1,,,2023-07-24,14:36,1,1,0,0,asaidykhan,1,2023-07-24,14:36,1,1,0,0,asaidykhan,,,,,,,mpleij,2
IDeA30388G,v12_arm_1,,,1,,,2023-10-30,15:30,1,1,0,0,asaidykhan,1,2023-10-30,15:30,1,0,1,0,asaidykhan,,,,,,,asaidykhan,2
IDeA30390J,v1_arm_1,,,1,,,2023-08-29,16:02,1,1,0,0,asaidykhan,1,2023-08-29,16:02,1,1,0,0,asaidykhan,,,,,,,asaidykhan,2
IDeA30390J,v12_arm_1,,,1,,,2023-11-21,14:25,1,1,0,0,asaidykhan,1,2023-11-21,14:25,1,0,1,0,asaidykhan,,,,,,,asaidykhan,2
IDeA30393F,v1_arm_1,,,1,,,2023-06-12,13:48,1,1,0,0,asaidykhan,1,2023-06-12,13:48,1,1,0,0,asaidykhan,,,,,,,mklappe,2
IDeA30397A,v1_arm_1,,,1,,,2023-09-05,14:32,1,1,0,0,asaidykhan,1,2023-09-05,14:32,1,0,1,0,asaidykhan,,,,,,,asaidykhan,2
IDeA30397A,v12_arm_1,,,1,,,2023-11-28,15:30,1,1,0,0,asaidykhan,1,2023-11-28,15:30,1,0,1,0,asaidykhan,,,,,,,asaidykhan,2
IDeA30401H,v1_arm_1,,,1,,,2023-07-03,16:49,1,1,0,0,asaidykhan,1,2023-07-03,16:49,1,1,0,0,asaidykhan,,,,,,,mpleij,2
IDeA30401H,v12_arm_1,,,1,,,2023-09-25,17:00,1,1,0,0,asaidykhan,1,2023-09-25,17:00,1,0,1,0,asaidykhan,,,,,,,asaidykhan,2
IDeA30402F,v1_arm_1,,,1,,,2023-07-03,16:49,1,1,0,0,asaidykhan,1,2023-07-03,16:49,1,1,0,0,asaidykhan,,,,,,,mpleij,2
IDeA30404K,v1_arm_1,,,1,,,2023-08-07,14:50,1,1,0,0,asaidykhan,1,2023-08-07,14:50,1,1,0,0,asaidykhan,,,,,,,mpleij,2
IDeA30404K,v12_arm_1,,,1,,,2023-10-30,15:50,1,1,0,0,asaidykhan,1,2023-10-30,15:30,1,0,1,0,asaidykhan,,,,,,,asaidykhan,2
IDeA30406D,v1_arm_1,,,1,,,2023-07-03,16:49,1,1,0,0,asaidykhan,1,2023-07-03,16:49,1,1,0,0,asaidykhan,,,,,,,mpleij,2
IDeA30407E,v1_arm_1,,,1,,,2023-07-03,16:49,1,1,0,0,asaidykhan,1,2023-07-03,16:49,1,1,0,0,asaidykhan,,,,,,,mpleij,2
IDeA30414H,v1_arm_1,,,1,,,2023-09-19,16:47,1,1,0,0,asaidykhan,1,2023-09-19,16:47,1,1,0,0,asaidykhan,,,,,,,asaidykhan,2
IDeA30414H,v12_arm_1,,,1,,,2023-12-12,13:49,1,1,0,0,asaidykhan,1,2023-12-12,13:49,1,1,0,0,asaidykhan,,,,,,,asaidykhan,2
IDeA30416A,v1_arm_1,,,1,,,2023-07-31,14:22,1,1,0,0,asaidykhan,1,2023-07-31,14:22,1,1,0,0,asaidykhan,,,,,,,mklappe,2
IDeA30417B,v1_arm_1,,,1,,,2023-07-31,14:22,1,1,0,0,asaidykhan,1,2023-07-31,14:22,1,1,0,0,asaidykhan,,,,,,,mklappe,2
IDeA30417B,v12_arm_1,,,1,,,2023-10-23,16:25,1,1,0,0,asaidykhan,1,2023-10-23,16:25,1,1,0,0,asaidykhan,,,,,,,asaidykhan,2
IDeA30418D,v1_arm_1,,,1,,,2023-07-31,14:22,1,1,0,0,asaidykhan,1,2023-07-31,14:22,1,1,0,0,asaidykhan,,,,,,,mklappe,2
IDeA30418D,v12_arm_1,,,1,,,2023-10-23,16:25,1,1,0,0,asaidykhan,1,2023-10-23,16:25,1,1,0,0,asaidykhan,,,,,,,asaidykhan,2
IDeA30419E,v1_arm_1,,,1,,,2023-08-23,15:59,1,1,0,0,asaidykhan,1,2023-08-23,15:59,1,0,1,0,asaidykhan,,,,,,,mpleij,2
IDeA30419E,v12_arm_1,,,1,,,2023-11-15,15:50,1,1,0,0,asaidykhan,1,2023-11-15,15:50,1,0,1,0,asaidykhan,,,,,,,asaidykhan,2
IDeA30420J,v1_arm_1,,,1,,,2023-08-23,15:59,1,1,0,0,asaidykhan,1,2023-08-23,15:59,1,0,1,0,asaidykhan,,,,,,,mpleij,2
IDeA30420J,v12_arm_1,,,1,,,2023-11-15,15:50,1,1,0,0,asaidykhan,1,2023-11-15,15:50,1,0,1,0,asaidykhan,,,,,,,asaidykhan,2
IDeA30423F,v1_arm_1,,,1,,,2023-07-31,14:22,1,1,0,0,asaidykhan,1,2023-07-31,14:22,1,1,0,0,asaidykhan,,,,,,,mklappe,2
IDeA30423F,v12_arm_1,,,1,,,2023-10-23,16:25,1,1,0,0,asaidykhan,1,2023-10-23,16:25,1,1,0,0,asaidykhan,,,,,,,asaidykhan,2
IDeA30424D,v1_arm_1,,,1,,,2023-09-05,14:32,1,1,0,0,asaidykhan,1,2023-09-05,14:32,1,1,0,0,asaidykhan,,,,,,,asaidykhan,2
IDeA30424D,v12_arm_1,,,1,,,2023-11-21,15:30,1,1,0,0,asaidykhan,1,2023-11-21,15:30,1,0,1,0,asaidykhan,,,,,,,asaidykhan,2
IDeA30426C,v1_arm_1,,,1,,,2023-08-07,14:50,1,1,0,0,asaidykhan,1,2023-08-07,14:50,1,1,0,0,asaidykhan,,,,,,,mpleij,2
IDeA30426C,v12_arm_1,,,1,,,2023-10-30,15:30,1,1,0,0,asaidykhan,1,2023-11-28,15:30,1,0,1,0,asaidykhan,,,,,,,asaidykhan,2
IDeA30430G,v1_arm_1,,,1,,,2023-07-10,14:26,1,1,0,0,asaidykhan,1,2023-07-10,14:26,1,1,0,0,asaidykhan,,,,,,,mklappe,2
IDeA30430G,v12_arm_1,,,1,,,2023-10-02,16:25,1,1,0,0,asaidykhan,1,2023-10-02,16:25,1,0,1,0,asaidykhan,,,,,,,asaidykhan,2
IDeA30431B,v1_arm_1,,,1,,,2023-06-19,15:45,1,1,0,0,asaidykhan,1,2023-06-19,15:45,1,1,0,0,asaidykhan,,,,,,,mklappe,2
IDeA30431B,v12_arm_1,,,1,,,2023-09-11,17:04,1,1,0,0,asaidykhan,1,2023-09-11,15:52,1,0,1,0,asaidykhan,,,,,,,mpleij,2
IDeA30433D,v1_arm_1,,,1,,,2023-08-23,15:59,1,1,0,0,asaidykhan,1,2023-08-23,15:59,1,0,1,0,asaidykhan,,,,,,,mpleij,2
IDeA30433D,v12_arm_1,,,1,,,2023-11-15,15:50,1,1,0,0,asaidykhan,1,2023-11-15,15:50,1,0,1,0,asaidykhan,,,,,,,asaidykhan,2
IDeA30436F,v1_arm_1,,,1,,,2023-08-29,16:02,1,1,0,0,asaidykhan,1,2023-08-29,16:02,1,1,0,0,asaidykhan,,,,,,,asaidykhan,2
IDeA30436F,v12_arm_1,,,1,,,2023-11-21,14:25,1,1,0,0,asaidykhan,1,2023-11-21,14:25,1,1,0,0,asaidykhan,,,,,,,asaidykhan,2
IDeA30437K,v1_arm_1,,,1,,,2023-07-10,14:26,1,1,0,0,asaidykhan,1,2023-07-10,14:26,1,1,0,0,asaidykhan,,,,,,,mklappe,2
IDeA30437K,v12_arm_1,,,1,,,2023-10-02,16:25,1,1,0,0,asaidykhan,1,2023-10-02,16:25,1,0,1,0,asaidykhan,,,,,,,asaidykhan,2
IDeA30438H,v1_arm_1,,,1,,,2023-07-03,16:49,1,1,1,0,asaidykhan,1,2023-07-03,16:49,1,1,0,0,asaidykhan,,,,,,,mpleij,2
IDeA30438H,v12_arm_1,,,1,,,2023-10-09,15:46,1,1,0,0,asaidykhan,1,2023-10-09,15:46,1,0,1,0,asaidykhan,,,,,,,asaidykhan,2
IDeA30439J,v1_arm_1,,,1,,,2023-07-03,16:49,1,1,0,0,asaidykhan,1,2023-07-03,16:49,1,1,0,0,asaidykhan,,,,,,,mpleij,2
IDeA30439J,v12_arm_1,,,1,,,2023-09-25,17:00,1,1,0,0,asaidykhan,1,2023-09-25,17:00,1,1,0,0,asaidykhan,,,,,,,asaidykhan,2
IDeA30440E,v1_arm_1,,,1,,,2023-08-15,17:11,1,1,0,0,asaidykhan,1,2023-08-15,17:11,1,1,0,0,asaidykhan,,,,,,,asaidykhan,2
IDeA30440E,v12_arm_1,,,1,,,2023-11-07,14:20,1,1,0,0,asaidykhan,1,2023-11-07,14:20,1,0,1,0,asaidykhan,,,,,,,asaidykhan,2
IDeA30441C,v1_arm_1,,,1,,,2023-08-15,17:11,1,1,0,0,asaidykhan,1,2023-08-15,17:11,1,0,1,0,asaidykhan,,,,,,,asaidykhan,2
IDeA30441C,v12_arm_1,,,1,,,2023-11-07,14:20,1,1,0,0,asaidykhan,1,2023-11-07,14:20,1,0,1,0,asaidykhan,,,,,,,asaidykhan,2
IDeA30442A,v1_arm_1,,,1,,,2023-08-15,17:11,1,1,0,0,asaidykhan,1,2023-08-15,17:11,1,0,1,0,asaidykhan,,,,,,,asaidykhan,2
IDeA30442A,v12_arm_1,,,1,,,2023-11-07,14:20,1,1,0,0,asaidykhan,1,2023-11-07,14:20,1,0,1,0,asaidykhan,,,,,,,asaidykhan,2
IDeA30444J,v1_arm_1,,,1,,,2023-07-31,14:22,1,1,0,0,asaidykhan,1,2023-07-31,14:22,1,1,0,0,asaidykhan,,,,,,,mklappe,2
IDeA30444J,v12_arm_1,,,1,,,2023-10-23,16:25,1,1,0,0,asaidykhan,1,2023-10-23,16:25,1,1,0,0,asaidykhan,,,,,,,asaidykhan,2
IDeA30445H,v1_arm_1,,,1,,,2023-08-23,15:59,1,1,0,0,asaidykhan,1,2023-08-23,15:59,1,0,1,0,asaidykhan,,,,,,,mpleij,2
IDeA30445H,v12_arm_1,,,1,,,2023-11-15,15:50,1,1,0,0,asaidykhan,1,2023-11-15,15:50,1,1,0,0,asaidykhan,,,,,,,asaidykhan,2
IDeA30448F,v1_arm_1,,,1,,,2023-09-05,14:32,1,1,0,0,asaidykhan,1,2023-09-05,14:32,1,1,0,0,asaidykhan,,,,,,,asaidykhan,2
IDeA30448F,v12_arm_1,,,1,,,2023-11-28,15:30,1,1,0,0,asaidykhan,1,2023-11-28,15:30,1,0,1,0,asaidykhan,,,,,,,asaidykhan,2
IDeA30449K,v1_arm_1,,,1,,,2023-08-23,15:59,1,1,0,0,asaidykhan,1,2023-08-23,15:59,1,1,0,0,asaidykhan,,,,,,,mpleij,2
IDeA30449K,v12_arm_1,,,1,,,2023-11-15,15:50,1,1,0,0,asaidykhan,1,2023-11-15,15:50,1,0,1,0,asaidykhan,,,,,,,asaidykhan,2
IDeA30453H,v1_arm_1,,,1,,,2023-08-23,15:59,1,1,0,0,asaidykhan,1,2023-08-23,15:59,1,0,1,0,asaidykhan,,,,,,,mpleij,2
IDeA30453H,v12_arm_1,,,1,,,2023-11-15,15:50,1,1,0,0,asaidykhan,1,2023-11-15,15:50,1,0,1,0,asaidykhan,,,,,,,asaidykhan,2
IDeA30454F,v1_arm_1,,,1,,,2023-08-23,15:59,1,1,0,0,asaidykhan,1,2023-08-23,15:59,1,0,1,0,asaidykhan,,,,,,,mpleij,2
IDeA30454F,v12_arm_1,,,1,,,2023-11-15,15:50,1,1,0,0,asaidykhan,1,2023-11-15,15:50,1,0,1,0,asaidykhan,,,,,,,asaidykhan,2
IDeA30455K,v1_arm_1,,,1,,,2023-07-10,14:26,1,1,0,0,asaidykhan,1,2023-07-10,14:26,1,1,0,0,asaidykhan,,,,,,,mklappe,2
IDeA30455K,v12_arm_1,,,1,,,2023-10-09,15:46,1,1,0,0,asaidykhan,1,2023-10-09,15:46,1,0,1,0,asaidykhan,,,,,,,asaidykhan,2
IDeA30456J,v12_arm_1,,,1,,,2023-10-09,15:46,1,1,0,0,asaidykhan,1,2023-10-09,15:46,1,0,1,0,asaidykhan,,,,,,,asaidykhan,2
IDeA30458E,v1_arm_1,,,1,,,2023-11-02,13:30,1,1,0,0,asaidykhan,1,2023-11-02,13:30,1,1,0,0,asaidykhan,,,,,,,asaidykhan,2
IDeA30458E,v12_arm_1,,,1,,,2024-01-25,14:15,1,1,0,0,asaidykhan,1,2024-01-25,14:15,1,1,0,0,asaidykhan,,,,,,,asaidykhan,2
IDeA30461F,v1_arm_1,,,1,,,2023-10-25,13:56,1,1,0,0,asaidykhan,1,2023-10-25,13:56,1,0,1,0,asaidykhan,,,,,,,asaidykhan,2
IDeA30461F,v12_arm_1,,,1,,,2024-01-17,15:52,1,1,0,0,asaidykhan,1,2024-01-17,15:52,1,1,0,0,asaidykhan,,,,,,,asaidykhan,2
IDeA30464E,v1_arm_1,,,1,,,2023-07-24,14:36,1,1,0,0,asaidykhan,1,2023-07-24,14:36,1,1,0,0,asaidykhan,,,,,,,mpleij,2
IDeA30464E,v12_arm_1,,,1,,,2023-10-16,15:48,1,1,0,0,asaidykhan,1,2023-10-16,15:48,1,1,1,0,asaidykhan,,,,,,,asaidykhan,2
IDeA30466G,v1_arm_1,,,1,,,2023-08-15,17:11,1,1,0,0,asaidykhan,1,2023-08-15,17:11,1,1,0,0,asaidykhan,,,,,,,asaidykhan,2
IDeA30467H,v1_arm_1,,,1,,,2023-08-15,17:11,1,1,0,0,asaidykhan,1,2023-08-15,17:11,1,1,0,0,asaidykhan,,,,,,,asaidykhan,2
IDeA30468K,v1_arm_1,,,1,,,2023-09-26,15:32,1,1,0,0,asaidykhan,1,2023-09-26,15:32,1,0,1,0,asaidykhan,,,,,,,asaidykhan,2
IDeA30468K,v12_arm_1,,,1,,,2023-12-19,15:52,1,1,0,0,asaidykhan,1,2023-12-19,15:52,1,0,1,0,asaidykhan,,,,,,,asaidykhan,2
IDeA30469A,v1_arm_1,,,1,,,2023-08-23,15:59,1,1,0,0,asaidykhan,1,2023-08-23,15:59,1,0,1,0,asaidykhan,,,,,,,mpleij,2
IDeA30469A,v12_arm_1,,,1,,,2023-11-15,15:50,1,1,0,0,asaidykhan,1,2023-11-15,15:50,1,0,1,0,asaidykhan,,,,,,,asaidykhan,2
IDeA30470D,v1_arm_1,,,1,,,2023-08-23,15:59,1,1,0,0,asaidykhan,1,2023-08-23,15:59,1,1,0,0,asaidykhan,,,,,,,mpleij,2
IDeA30470D,v12_arm_1,,,1,,,2023-11-15,15:50,1,1,0,0,asaidykhan,1,2023-11-15,15:50,1,0,1,0,asaidykhan,,,,,,,asaidykhan,2
IDeA30472H,v1_arm_1,,,1,,,2023-08-07,14:50,1,1,0,0,asaidykhan,1,2023-08-07,14:50,1,1,0,0,asaidykhan,,,,,,,mpleij,2
IDeA30472H,v12_arm_1,,,1,,,2023-10-30,15:30,1,1,0,0,asaidykhan,1,2023-10-30,15:30,1,0,1,0,asaidykhan,,,,,,,asaidykhan,2
IDeA30473E,v1_arm_1,,,1,,,2023-08-29,16:02,1,1,0,0,asaidykhan,1,2023-08-29,16:02,1,0,1,0,asaidykhan,,,,,,,asaidykhan,2
IDeA30473E,v12_arm_1,,,1,,,2023-11-21,14:25,1,1,0,0,asaidykhan,1,2023-11-21,14:25,1,0,1,0,asaidykhan,,,,,,,asaidykhan,2
IDeA30478J,v1_arm_1,,,1,,,2023-09-05,14:32,1,1,0,0,asaidykhan,1,2023-09-05,14:32,1,0,1,0,asaidykhan,,,,,,,asaidykhan,2
IDeA30478J,v12_arm_1,,,1,,,2023-11-28,15:30,1,1,0,0,asaidykhan,1,2023-11-28,15:30,1,0,1,0,asaidykhan,,,,,,,asaidykhan,2
IDeA30479B,v1_arm_1,,,1,,,2023-10-18,14:47,1,1,0,0,asaidykhan,1,2023-10-18,14:47,1,0,1,0,asaidykhan,,,,,,,asaidykhan,2
IDeA30479B,v12_arm_1,,,1,,,2024-01-10,15:38,1,1,0,0,asaidykhan,1,2024-01-10,15:38,1,1,0,0,asaidykhan,,,,,,,asaidykhan,2
IDeA30489F,v1_arm_1,,,1,,,2023-07-31,14:22,1,1,0,0,asaidykhan,1,2023-07-31,14:22,1,1,0,0,asaidykhan,,,,,,,mklappe,2
IDeA30489F,v12_arm_1,,,1,,,2023-10-23,16:25,1,1,0,0,asaidykhan,1,2023-10-23,16:25,1,1,0,0,asaidykhan,,,,,,,asaidykhan,2
IDeA30490H,v1_arm_1,,,1,,,2023-08-29,16:02,1,1,0,0,asaidykhan,1,2023-08-29,16:02,1,1,0,0,asaidykhan,,,,,,,asaidykhan,2
IDeA30490H,v12_arm_1,,,1,,,2023-11-21,14:25,1,1,0,0,asaidykhan,1,2023-11-21,14:25,1,0,1,0,asaidykhan,,,,,,,asaidykhan,2
IDeA30491A,v1_arm_1,,,1,,,2023-07-31,14:22,1,1,0,0,asaidykhan,1,2023-07-31,14:22,1,1,0,0,asaidykhan,,,,,,,mklappe,2
IDeA30491A,v12_arm_1,,,1,,,2023-10-23,16:25,1,1,0,0,asaidykhan,1,2023-10-23,16:25,1,1,0,0,asaidykhan,,,,,,,asaidykhan,2
IDeA30493C,v1_arm_1,,,1,,,2023-07-31,14:22,1,1,0,0,asaidykhan,1,2023-07-31,14:22,1,1,0,0,asaidykhan,,,,,,,mklappe,2
IDeA30493C,v12_arm_1,,,1,,,2023-10-23,16:25,1,1,0,0,asaidykhan,1,2023-10-23,16:25,1,0,1,0,asaidykhan,,,,,,,asaidykhan,2
IDeA30494B,v1_arm_1,,,1,,,2023-11-02,13:30,1,1,0,0,asaidykhan,1,2023-11-02,13:30,1,0,1,0,asaidykhan,,,,,,,asaidykhan,2
IDeA30494B,v12_arm_1,,,1,,,2024-01-25,14:15,1,1,0,0,asaidykhan,1,2024-01-25,14:15,1,1,0,0,asaidykhan,,,,,,,asaidykhan,2
IDeA30495F,v1_arm_1,,,1,,,2023-07-31,14:22,1,1,0,0,asaidykhan,1,2023-07-31,14:22,1,1,0,0,asaidykhan,,,,,,,mklappe,2
IDeA30495F,v12_arm_1,,,1,,,2023-10-23,16:25,1,1,0,0,asaidykhan,1,2023-10-23,16:25,1,1,0,0,asaidykhan,,,,,,,asaidykhan,2
IDeA30500E,v1_arm_1,,,1,,,2023-07-31,14:22,1,1,0,0,asaidykhan,1,2023-07-31,14:22,1,1,0,0,asaidykhan,,,,,,,mklappe,2
IDeA30500E,v12_arm_1,,,1,,,2023-10-23,16:25,1,1,0,0,asaidykhan,1,2023-10-23,16:25,1,1,0,0,asaidykhan,,,,,,,asaidykhan,2
IDeA30501C,v1_arm_1,,,1,,,2023-08-29,16:02,1,1,0,0,asaidykhan,1,2023-08-29,16:02,1,0,1,0,asaidykhan,,,,,,,asaidykhan,2
IDeA30504J,v1_arm_1,,,1,,,2023-08-29,16:02,1,1,0,0,asaidykhan,1,2023-08-29,16:02,1,0,1,0,asaidykhan,,,,,,,asaidykhan,2
IDeA30504J,v12_arm_1,,,1,,,2023-11-21,14:25,1,1,0,0,asaidykhan,1,2023-11-21,14:25,1,0,1,0,asaidykhan,,,,,,,asaidykhan,2
IDeA30506B,v1_arm_1,,,1,,,2023-11-02,13:30,1,1,0,0,asaidykhan,1,2023-11-02,13:30,1,0,1,0,asaidykhan,,,,,,,asaidykhan,2
IDeA30506B,v12_arm_1,,,1,,,2024-01-25,14:15,1,1,0,0,asaidykhan,1,2024-01-25,14:15,1,1,0,0,asaidykhan,,,,,,,asaidykhan,2
IDeA30508F,v1_arm_1,,,1,,,2023-09-19,16:47,1,1,0,0,asaidykhan,1,2023-09-19,16:47,1,0,1,0,asaidykhan,,,,,,,asaidykhan,2
IDeA30508F,v12_arm_1,,,1,,,2023-12-12,13:49,1,1,0,0,asaidykhan,1,2023-12-12,13:49,1,1,0,0,asaidykhan,,,,,,,asaidykhan,2
IDeA30509K,v1_arm_1,,,1,,,2023-08-29,16:02,1,1,0,0,asaidykhan,1,2023-08-29,16:02,1,0,1,0,asaidykhan,,,,,,,asaidykhan,2
IDeA30509K,v12_arm_1,,,1,,,2023-11-21,14:25,1,1,0,0,asaidykhan,1,2023-11-21,14:25,1,0,1,0,asaidykhan,,,,,,,asaidykhan,2
IDeA30513E,v1_arm_1,,,1,,,2023-08-29,16:02,1,1,0,0,asaidykhan,1,2023-08-29,16:02,1,1,0,0,asaidykhan,,,,,,,asaidykhan,2
IDeA30513E,v12_arm_1,,,1,,,2023-11-21,14:25,1,1,0,0,asaidykhan,1,2023-11-21,14:25,1,0,1,0,asaidykhan,,,,,,,asaidykhan,2
IDeA30514C,v1_arm_1,,,1,,,2023-09-05,14:32,1,1,0,0,asaidykhan,1,2023-09-05,14:32,1,0,1,0,asaidykhan,,,,,,,asaidykhan,2
IDeA30514C,v12_arm_1,,,1,,,2023-11-28,15:30,1,1,0,0,asaidykhan,1,2023-11-28,15:30,1,0,1,0,asaidykhan,,,,,,,asaidykhan,2
IDeA30517F,v1_arm_1,,,1,,,2023-10-11,13:41,1,1,0,0,asaidykhan,1,2023-10-11,13:41,1,0,1,0,asaidykhan,,,,,,,asaidykhan,2
IDeA30517F,v12_arm_1,,,1,,,2024-01-03,15:06,1,1,0,0,asaidykhan,1,2024-01-03,15:06,1,0,1,0,asaidykhan,,,,,,,asaidykhan,2
IDeA30518J,v1_arm_1,,,1,,,2023-10-11,13:41,1,1,0,0,asaidykhan,1,2023-10-11,13:41,1,0,1,0,asaidykhan,,,,,,,asaidykhan,2
IDeA30518J,v12_arm_1,,,1,,,2024-01-03,15:06,1,1,0,0,asaidykhan,1,2024-01-03,15:06,1,1,0,0,asaidykhan,,,,,,,asaidykhan,2
IDeA30519B,v1_arm_1,,,1,,,2023-10-04,16:23,1,1,0,0,asaidykhan,1,2023-10-04,16:23,1,0,1,0,asaidykhan,,,,,,,asaidykhan,2
IDeA30519B,v12_arm_1,,,1,,,2023-12-27,15:57,1,1,0,0,asaidykhan,1,2023-12-27,15:57,1,1,0,0,asaidykhan,,,,,,,asaidykhan,2
IDeA30521E,v1_arm_1,,,1,,,2023-09-05,14:32,1,1,0,0,asaidykhan,1,2023-09-05,14:32,1,1,0,0,asaidykhan,,,,,,,asaidykhan,2
IDeA30523J,v1_arm_1,,,1,,,2023-09-05,14:32,1,1,0,0,asaidykhan,1,2023-09-05,14:32,1,1,0,0,asaidykhan,,,,,,,asaidykhan,2
IDeA30523J,v12_arm_1,,,1,,,2023-11-28,15:30,1,1,0,0,asaidykhan,1,2023-11-28,15:30,1,0,1,0,asaidykhan,,,,,,,asaidykhan,2
IDeA30528A,v1_arm_1,,,1,,,2023-10-25,13:56,1,1,0,0,asaidykhan,1,2023-10-25,13:56,1,0,1,0,asaidykhan,,,,,,,asaidykhan,2
IDeA30529F,v1_arm_1,,,1,,,2023-09-19,16:47,1,1,0,0,asaidykhan,1,2023-09-19,16:47,1,0,1,0,asaidykhan,,,,,,,asaidykhan,2
IDeA30529F,v12_arm_1,,,1,,,2023-12-12,13:49,1,1,0,0,asaidykhan,1,2023-12-12,13:49,1,1,0,0,asaidykhan,,,,,,,asaidykhan,2
IDeA30538G,v1_arm_1,,,1,,,2023-10-25,13:56,1,1,0,0,asaidykhan,1,2023-10-25,13:56,1,0,1,0,asaidykhan,,,,,,,asaidykhan,2
IDeA30538G,v12_arm_1,,,1,,,2024-01-17,15:52,1,1,0,0,asaidykhan,1,2024-01-17,15:52,1,0,1,0,asaidykhan,,,,,,,asaidykhan,2
IDeA30543D,v1_arm_1,,,1,,,2023-10-18,14:47,1,1,0,0,asaidykhan,1,2023-10-18,14:47,1,1,0,0,asaidykhan,,,,,,,asaidykhan,2
IDeA30543D,v12_arm_1,,,1,,,2024-01-10,15:38,1,1,0,0,asaidykhan,1,2024-01-10,15:38,1,1,0,0,asaidykhan,,,,,,,asaidykhan,2
IDeA30547K,v1_arm_1,,,1,,,2023-09-19,16:47,1,1,0,0,asaidykhan,1,2023-09-19,16:47,1,0,1,0,asaidykhan,,,,,,,asaidykhan,2
IDeA30547K,v12_arm_1,,,1,,,2023-12-12,13:49,1,1,0,0,asaidykhan,1,2023-12-12,13:49,1,1,0,0,asaidykhan,,,,,,,asaidykhan,2
IDeA30552F,v1_arm_1,,,1,,,2023-09-19,16:47,1,1,0,0,asaidykhan,1,2023-09-19,16:47,1,0,1,0,asaidykhan,,,,,,,asaidykhan,2
IDeA30552F,v12_arm_1,,,1,,,2023-12-12,13:49,1,1,0,0,asaidykhan,1,2023-12-12,13:49,1,1,0,0,asaidykhan,,,,,,,asaidykhan,2
IDeA30553A,v1_arm_1,,,1,,,2023-09-19,16:47,1,1,0,0,asaidykhan,1,2023-09-19,16:47,1,0,1,0,asaidykhan,,,,,,,asaidykhan,2
IDeA30553A,v12_arm_1,,,1,,,2023-12-12,13:49,1,1,0,0,asaidykhan,1,2023-12-12,13:49,1,0,1,0,asaidykhan,,,,,,,asaidykhan,2
IDeA30554K,v1_arm_1,,,1,,,2023-09-19,16:47,1,1,0,0,asaidykhan,1,2023-09-19,16:47,1,0,1,0,asaidykhan,,,,,,,asaidykhan,2
IDeA30554K,v12_arm_1,,,1,,,2023-12-12,13:49,1,1,0,0,asaidykhan,1,2023-12-12,13:49,1,0,1,0,asaidykhan,,,,,,,asaidykhan,2
IDeA30555J,v1_arm_1,,,1,,,2023-09-26,15:32,1,1,0,0,asaidykhan,1,2023-09-26,15:32,1,0,1,0,asaidykhan,,,,,,,asaidykhan,2
IDeA30555J,v12_arm_1,,,1,,,2023-12-19,15:52,1,1,0,0,asaidykhan,1,2023-12-19,15:52,1,0,1,0,asaidykhan,,,,,,,asaidykhan,2
IDeA30556D,v1_arm_1,,,1,,,2023-09-26,15:32,1,1,0,0,asaidykhan,1,2023-09-26,15:32,1,0,1,0,asaidykhan,,,,,,,asaidykhan,2
IDeA30556D,v12_arm_1,,,1,,,2024-01-10,15:38,1,1,0,0,asaidykhan,1,2024-01-10,15:38,1,1,0,0,asaidykhan,,,,,,,asaidykhan,2
IDeA30559G,v1_arm_1,,,1,,,2023-10-18,14:47,1,1,0,0,asaidykhan,1,2023-10-18,14:47,1,0,1,0,asaidykhan,,,,,,,asaidykhan,2
IDeA30559G,v12_arm_1,,,1,,,2024-01-10,15:38,1,1,0,0,asaidykhan,1,2024-01-10,15:38,1,1,0,0,asaidykhan,,,,,,,asaidykhan,2
IDeA30560F,v1_arm_1,,,1,,,2023-10-11,13:41,1,1,0,0,asaidykhan,1,2023-10-11,13:41,1,0,1,0,asaidykhan,,,,,,,asaidykhan,2
IDeA30560F,v12_arm_1,,,1,,,2024-01-03,15:06,1,1,0,0,asaidykhan,1,2024-01-03,15:06,1,1,0,0,asaidykhan,,,,,,,asaidykhan,2
IDeA30561J,v1_arm_1,,,1,,,2023-10-11,13:41,1,1,0,0,asaidykhan,1,2023-10-11,13:41,1,0,1,0,asaidykhan,,,,,,,asaidykhan,2
IDeA30561J,v12_arm_1,,,1,,,2024-01-03,15:06,1,1,0,0,asaidykhan,1,2024-01-03,15:06,1,0,1,0,asaidykhan,,,,,,,asaidykhan,2
IDeA30568D,v1_arm_1,,,1,,,2023-10-04,16:23,1,1,0,0,asaidykhan,1,2023-10-04,16:23,1,1,0,0,asaidykhan,,,,,,,asaidykhan,2
IDeA30568D,v12_arm_1,,,1,,,2023-12-27,15:57,1,1,0,0,asaidykhan,1,2023-12-27,15:57,1,1,0,0,asaidykhan,,,,,,,asaidykhan,2
IDeA30570J,v1_arm_1,,,1,,,2023-10-04,16:23,1,1,0,0,asaidykhan,1,2023-10-04,16:23,1,0,1,0,asaidykhan,,,,,,,asaidykhan,2
IDeA30570J,v12_arm_1,,,1,,,2024-01-03,15:06,1,1,0,0,asaidykhan,1,2024-01-03,15:06,1,0,1,0,asaidykhan,,,,,,,asaidykhan,2
IDeA30574D,v1_arm_1,,,1,,,2023-10-04,16:23,1,1,0,0,asaidykhan,1,2023-10-04,16:23,1,1,0,0,asaidykhan,,,,,,,asaidykhan,2
IDeA30574D,v12_arm_1,,,1,,,2023-12-27,15:57,1,1,0,0,asaidykhan,1,2023-12-27,15:57,1,1,0,0,asaidykhan,,,,,,,asaidykhan,2
IDeA30582J,v1_arm_1,,,1,,,2023-09-26,15:32,1,1,0,0,asaidykhan,1,2023-09-26,15:32,1,0,1,0,asaidykhan,,,,,,,asaidykhan,2
IDeA30582J,v12_arm_1,,,1,,,2023-12-19,15:52,1,1,0,0,asaidykhan,1,2023-12-19,15:52,1,0,1,0,asaidykhan,,,,,,,asaidykhan,2
IDeA30583B,v1_arm_1,,,1,,,2023-10-04,16:23,1,1,0,0,asaidykhan,1,2023-10-04,16:23,1,0,1,0,asaidykhan,,,,,,,asaidykhan,2
IDeA30583B,v12_arm_1,,,1,,,2023-12-27,15:57,1,1,0,0,asaidykhan,1,2023-12-27,15:57,1,1,0,0,asaidykhan,,,,,,,asaidykhan,2
IDeA30584E,v1_arm_1,,,1,,,2023-10-18,14:47,1,1,0,0,asaidykhan,1,2023-10-18,14:47,1,0,1,0,asaidykhan,,,,,,,asaidykhan,2
IDeA30584E,v12_arm_1,,,1,,,2024-01-25,14:15,1,1,0,0,asaidykhan,1,2024-01-25,14:15,1,1,0,0,asaidykhan,,,,,,,asaidykhan,2
IDeA30587H,v1_arm_1,,,1,,,2023-10-04,16:23,1,1,0,0,asaidykhan,1,2023-10-04,16:23,1,0,1,0,asaidykhan,,,,,,,asaidykhan,2
IDeA30587H,v12_arm_1,,,1,,,2023-12-27,15:57,1,1,0,0,asaidykhan,1,2023-12-27,15:57,1,1,0,0,asaidykhan,,,,,,,asaidykhan,2
IDeA30592B,v1_arm_1,,,1,,,2023-10-04,16:23,1,1,0,0,asaidykhan,1,2023-10-04,16:23,1,0,1,0,asaidykhan,,,,,,,asaidykhan,2
IDeA30593H,v1_arm_1,,,1,,,2023-10-04,16:23,1,1,0,0,asaidykhan,1,2023-10-04,16:23,1,0,1,0,asaidykhan,,,,,,,asaidykhan,2
IDeA30593H,v12_arm_1,,,1,,,2023-12-27,15:57,1,1,0,0,asaidykhan,1,2023-12-27,15:57,1,1,0,0,asaidykhan,,,,,,,asaidykhan,2
IDeA30596J,v1_arm_1,,,1,,,2023-10-04,16:23,1,1,0,0,asaidykhan,1,2023-10-04,16:23,1,0,1,0,asaidykhan,,,,,,,asaidykhan,2
IDeA30596J,v12_arm_1,,,1,,,2023-12-27,15:57,1,1,0,0,asaidykhan,1,2023-12-27,15:57,1,0,1,0,asaidykhan,,,,,,,asaidykhan,2
IDeA30600C,v1_arm_1,,,1,,,2023-10-18,14:47,1,1,0,0,asaidykhan,1,2023-10-18,14:47,1,0,1,0,asaidykhan,,,,,,,asaidykhan,2
IDeA30600C,v12_arm_1,,,1,,,2024-01-10,15:38,1,1,0,0,asaidykhan,1,2024-01-10,15:38,1,1,0,0,asaidykhan,,,,,,,asaidykhan,2
