cons_recordid_q1,redcap_event_name,redcap_repeat_instrument,redcap_repeat_instance,scre_date_q1,scre_studyarea_q2,scre_padhprotocolvisit_q3,scre_agebetween_q4,agehint,scre_partanaemic_q5,scre_acuteillness_q6,scre_partwhz_q7,hint,scree_childill_q8,scre_partrecentlyhosp_q9,reason_for_hospitalization,scre_hepcinf_q10,scre_adprotocolpro_q11,scre_formula_q12,scre_30daysprioiniadmin_q13,scre_hmeningitisneudisorders_q14,scre_compstaffid_q15,screening_complete
IDeA30003H,v1_arm_1,screening,1,2023-05-22,1,1,1,8.7,1,0,,-0.01,0,0,,0,0,0,0,0,mndene,2
IDeA30004F,v1_arm_1,screening,1,2023-05-22,1,1,1,9.2,1,0,,-0.71,0,0,,0,0,0,0,0,mndene,2
IDeA30008E,v1_arm_1,screening,1,2023-05-22,1,1,1,7.9,1,0,,-2.92,0,0,,0,0,0,0,0,mndene,2
IDeA30010B,v1_arm_1,screening,1,2023-05-11,1,1,1,10.7,1,0,,-1.61,0,0,,0,0,0,0,0,mndene,2
IDeA30011H,v1_arm_1,screening,1,2023-06-05,1,1,1,,1,0,,,0,0,,0,0,0,0,0,mndene,2
IDeA30012F,v1_arm_1,screening,1,2023-05-29,1,1,1,,1,0,,,0,0,,0,0,0,0,0,mndene,2
IDeA30017E,v1_arm_1,screening,1,2023-05-29,1,1,1,,1,0,,,0,0,,0,0,0,0,0,mndene,2
IDeA30020H,v1_arm_1,screening,1,2023-05-22,1,1,1,6.4,1,0,,-0.32,0,0,,0,0,0,0,0,mndene,2
IDeA30021A,v1_arm_1,screening,1,2023-05-22,1,1,1,,1,0,,,0,0,,0,0,0,0,0,mndene,2
IDeA30022K,v1_arm_1,screening,1,2023-05-22,1,1,1,6.1,1,0,,-1.6,0,0,,0,0,0,0,0,mndene,2
IDeA30023C,v1_arm_1,screening,1,2023-05-22,1,1,1,6.2,1,0,,-1.14,0,0,,0,0,0,0,0,mndene,2
IDeA30024B,v1_arm_1,screening,1,2023-05-22,1,1,1,7.5,1,0,,-0.51,0,0,,0,0,0,0,0,mndene,2
IDeA30025F,v1_arm_1,screening,1,2023-07-03,1,1,1,6.2,1,0,,-1.79,1,0,,0,0,0,0,0,mndene,2
IDeA30026E,v1_arm_1,screening,1,2023-05-16,1,1,1,,1,0,,,0,0,,0,0,0,0,0,mndene,2
IDeA30028G,v1_arm_1,screening,1,2023-05-30,1,1,1,,1,0,,,0,0,,0,0,0,0,0,mndene,2
IDeA30029D,v1_arm_1,screening,1,2023-06-05,1,1,1,,1,0,,,0,0,,0,0,0,0,0,mndene,2
IDeA30030J,v1_arm_1,screening,1,2023-05-16,1,1,1,,1,0,,,0,0,,0,0,0,0,0,mndene,2
IDeA30031K,v1_arm_1,screening,1,2023-05-23,1,1,1,,1,0,,,0,0,,0,0,0,0,0,mndene,2
IDeA30037A,v1_arm_1,screening,1,2023-07-17,1,1,1,6,1,0,,-1.59,0,0,,0,0,0,0,0,OEC,2
IDeA30042H,v1_arm_1,screening,1,2023-05-16,1,1,1,,1,0,,,0,0,,0,0,0,0,0,mndene,2
IDeA30043E,v1_arm_1,screening,1,2023-05-16,1,1,1,,1,0,,,0,0,,0,0,0,0,0,mndene,2
IDeA30045A,v1_arm_1,screening,1,2023-05-30,1,1,1,,1,0,,,0,0,,0,0,0,0,0,mndene,2
IDeA30049B,v1_arm_1,screening,1,2023-05-16,1,1,1,,1,0,,,0,0,,0,0,0,0,0,mndene,2
IDeA30051F,v1_arm_1,screening,1,2023-05-15,1,1,1,8.6,1,0,,1.7,0,0,,0,0,0,0,0,OEC,2
IDeA30052J,v1_arm_1,screening,1,2023-05-11,1,1,1,9.9,1,0,,-1.99,0,0,,0,0,0,0,0,mndene,2
IDeA30058K,v1_arm_1,screening,1,2023-06-19,1,1,1,,1,0,,,0,0,,0,0,0,0,0,acamara,2
IDeA30059A,v1_arm_1,screening,1,2023-06-05,1,1,1,,1,0,,,0,0,,0,0,0,0,0,mndene,2
IDeA30063J,v1_arm_1,screening,1,2023-05-15,1,1,1,6.4,1,0,,-0.82,0,0,,0,0,0,0,0,OEC,2
IDeA30064G,v1_arm_1,screening,1,2023-05-15,1,1,1,8.8,1,0,,-1.5,0,0,,0,0,0,0,0,OEC,2
IDeA30065B,v1_arm_1,screening,1,2023-05-15,1,1,1,7.5,1,0,,-1.27,0,0,,0,0,0,0,0,OEC,2
IDeA30066H,v1_arm_1,screening,1,2023-05-15,1,1,1,10.2,1,0,,1.38,0,0,,0,0,0,0,0,Acamara,2
IDeA30070F,v1_arm_1,screening,1,2023-05-16,1,1,1,,1,0,,,0,0,,0,0,0,0,0,mndene,2
IDeA30071J,v1_arm_1,screening,1,2023-05-16,1,1,1,,1,0,,,0,0,,0,0,0,0,0,mndene,2
IDeA30073K,v1_arm_1,screening,1,2023-06-05,1,1,1,,1,0,,,0,0,,0,0,0,0,0,mndene,2
IDeA30074H,v1_arm_1,screening,1,2023-06-05,1,1,1,,1,0,,,0,0,,0,0,0,0,0,mndene,2
IDeA30081B,v1_arm_1,screening,1,2023-05-29,1,1,1,,1,0,,,0,0,,0,0,0,0,0,mndene,2
IDeA30085E,v1_arm_1,screening,1,2023-05-15,1,1,1,10.1,1,0,,-1.34,0,0,,0,0,0,0,0,mndene,2
IDeA30089J,v1_arm_1,screening,1,2023-05-15,1,1,1,9,1,0,,-0.63,0,0,,0,0,0,0,0,OEC,2
IDeA30090E,v1_arm_1,screening,1,2023-05-15,1,1,1,8,1,0,,-1.75,0,0,,0,0,0,0,0,mndene,2
IDeA30095H,v1_arm_1,screening,1,2023-05-16,1,1,1,,1,0,,-0.4,0,0,,0,0,0,0,0,mndene,2
IDeA30097D,v1_arm_1,screening,1,2023-06-05,1,1,1,,1,0,,,0,0,,0,0,0,0,0,mndene,2
IDeA30098F,v1_arm_1,screening,1,2023-05-16,1,1,1,,1,0,,1.07,0,0,,0,0,0,0,0,mndene,2
IDeA30101A,v1_arm_1,screening,1,2023-05-17,1,1,1,,1,0,,,0,0,,0,0,0,0,0,mndene,2
IDeA30103C,v1_arm_1,screening,1,2023-05-17,1,1,1,9.6,1,0,,-1.27,0,0,,0,0,0,0,0,mndene,2
IDeA30109D,v1_arm_1,screening,1,2023-06-12,1,1,1,,1,0,,,0,0,,0,0,0,0,0,mndene,2
IDeA30110J,v1_arm_1,screening,1,2023-06-19,1,1,1,,1,0,,,0,0,,0,0,0,0,0,acamara,2
IDeA30112E,v1_arm_1,screening,1,2023-05-23,1,1,1,,1,0,,,0,0,,0,0,0,0,0,mndene,2
IDeA30121G,v1_arm_1,screening,1,2023-06-05,1,1,1,,1,0,,,0,0,,0,0,0,0,0,mndene,2
IDeA30131D,v1_arm_1,screening,1,2023-05-30,1,1,1,,1,0,,,0,0,,0,0,0,0,0,mndene,2
IDeA30135K,v1_arm_1,screening,1,2023-05-17,1,1,1,,1,0,,,0,0,,0,0,0,0,0,mndene,2
IDeA30146G,v1_arm_1,screening,1,2023-05-30,1,1,1,,1,0,,,0,0,,0,0,0,0,0,mndene,2
IDeA30148K,v1_arm_1,screening,1,2023-05-17,1,1,1,,1,0,,,0,0,,0,0,0,0,0,mndene,2
IDeA30151E,v1_arm_1,screening,1,2023-06-05,1,1,1,,1,0,,,0,0,,0,0,0,0,0,mndene,2
IDeA30154G,v1_arm_1,screening,1,2023-05-16,1,1,1,,1,0,,,0,0,,0,0,0,0,0,mndene,2
IDeA30159F,v1_arm_1,screening,1,2023-05-17,1,1,1,6.1,1,0,,0.94,0,0,,0,0,0,0,0,mndene,2
IDeA30160B,v1_arm_1,screening,1,2023-06-19,1,1,1,,1,0,,,0,0,,0,0,0,0,0,acamara,2
IDeA30164K,v1_arm_1,screening,1,2023-05-17,1,1,1,,1,0,,,0,0,,0,0,0,0,0,mndene,2
IDeA30165J,v1_arm_1,screening,1,2023-05-11,1,1,1,11.3,1,0,,-0.61,0,0,,0,0,0,0,0,mndene,2
IDeA30169G,v1_arm_1,screening,1,2023-05-17,1,1,1,,1,0,,,0,0,,0,0,0,0,0,mndene,2
IDeA30176F,v1_arm_1,screening,1,2023-05-11,1,1,1,11.1,1,0,,-1.71,0,0,,0,0,0,0,0,mndene,2
IDeA30179J,v1_arm_1,screening,1,2023-07-10,1,1,1,6.3,1,0,,0.82,0,0,,0,0,0,0,0,mndene,2
IDeA30180E,v1_arm_1,screening,1,2023-07-03,1,1,1,6.1,1,0,,-1.68,0,0,,0,0,0,0,0,mndene,2
IDeA30181C,v1_arm_1,screening,1,2023-07-10,1,1,1,6.4,1,0,,-1.58,0,0,,0,0,0,0,0,mndene,2
IDeA30186B,v1_arm_1,screening,1,2023-05-17,1,1,1,10.8,1,0,,-1.41,0,0,,0,0,0,0,0,mndene,2
IDeA30188F,v1_arm_1,screening,1,2023-07-03,1,1,1,6.1,1,0,,0.62,0,0,,0,0,0,0,0,mndene,2
IDeA30189K,v1_arm_1,screening,1,2023-06-12,1,1,1,,1,0,,-1.72,0,0,,0,0,0,0,0,mndene,2
IDeA30191J,v1_arm_1,screening,1,2023-07-03,1,1,1,6.3,1,0,,-1.07,0,0,,0,0,0,0,0,MNDENE,2
IDeA30192G,v1_arm_1,screening,1,2023-09-05,1,1,1,,1,0,,,0,0,,0,0,0,0,0,mndene,2
IDeA30193K,v1_arm_1,screening,1,2023-05-22,1,1,1,6.8,1,0,,-0.43,0,0,,0,0,0,0,0,mndene,2
IDeA30194H,v1_arm_1,screening,1,2023-07-17,1,1,1,6,1,0,,-1.06,0,0,,0,0,0,0,0,OEC,2
IDeA30196A,v1_arm_1,screening,1,2023-05-11,1,1,1,11.2,1,0,,-1.6,0,0,,0,0,0,0,0,mndene,2
IDeA30201K,v1_arm_1,screening,1,2023-06-12,1,1,1,,1,0,,,0,0,,0,0,0,0,0,mndene,2
IDeA30210A,v1_arm_1,screening,1,2023-05-29,1,1,1,,1,0,,,0,0,,0,0,0,0,0,mndene,2
IDeA30212B,v1_arm_1,screening,1,2023-05-30,1,1,1,,1,0,,,0,0,,0,0,0,0,0,mndene,2
IDeA30213H,v1_arm_1,screening,1,2023-07-10,1,1,1,6.2,1,0,,-0.82,0,0,,0,0,0,0,0,OEC,2
IDeA30221F,v1_arm_1,screening,1,2023-05-30,1,1,1,,1,0,,,0,0,,0,0,0,0,0,mndene,2
IDeA30223B,v1_arm_1,screening,1,2023-05-16,1,1,1,,1,0,,,0,0,,0,0,0,0,0,mndene,2
IDeA30224E,v1_arm_1,screening,1,2023-05-30,1,1,1,,1,0,,,0,0,,0,0,0,0,0,mndene,2
IDeA30228K,v1_arm_1,screening,1,2023-07-03,1,1,1,6.2,1,0,,0.28,0,0,,0,0,0,0,0,mndene,2
IDeA30229A,v1_arm_1,screening,1,2023-06-05,1,1,1,,1,0,,,0,0,,0,0,0,0,0,mndene,2
IDeA30232A,v1_arm_1,screening,1,2023-07-03,1,1,1,6,1,0,,1.34,0,0,,0,0,0,0,0,mndene,2
IDeA30234J,v1_arm_1,screening,1,2023-06-19,1,1,1,,1,0,,,0,0,,0,0,0,0,0,acamara,2
IDeA30235H,v1_arm_1,screening,1,2023-07-10,1,1,1,6.1,1,0,,-0.12,0,0,,0,0,0,0,0,OEC,2
IDeA30236B,v1_arm_1,screening,1,2023-05-29,1,1,1,,1,0,,,0,0,,0,0,0,0,0,mndene,2
IDeA30237D,v1_arm_1,screening,1,2023-05-22,1,1,1,6.8,1,0,,-2.55,0,0,,0,0,0,0,0,mndene,2
IDeA30238F,v1_arm_1,screening,1,2023-05-22,1,1,1,6.5,1,0,,-1.69,0,0,,0,0,0,0,0,mndene,2
IDeA30239K,v1_arm_1,screening,1,2023-06-05,1,1,1,,1,0,,,0,0,,0,0,0,0,0,mndene,2
IDeA30240H,v1_arm_1,screening,1,2023-05-22,1,1,1,10.5,1,0,,-1.86,0,0,,0,0,0,0,0,mndene,2
IDeA30243C,v1_arm_1,screening,1,2023-05-29,1,1,1,,1,0,,,0,0,,0,0,0,0,0,mndene,2
IDeA30254C,v1_arm_1,screening,1,2023-07-24,1,1,1,7.6,1,0,,2,0,0,,0,0,0,0,0,OEC,2
IDeA30255A,v1_arm_1,screening,1,2023-05-17,1,1,1,7.6,1,0,,-0.03,0,0,,0,0,0,0,0,mndene,2
IDeA30257F,v1_arm_1,screening,1,2023-06-19,1,1,1,,1,0,,,0,0,,0,0,0,0,0,acamara,2
IDeA30260G,v1_arm_1,screening,1,2023-05-23,1,1,1,,1,0,,,0,0,,0,0,0,0,0,mndene,2
IDeA30265E,v1_arm_1,screening,1,2023-05-17,1,1,1,,1,0,,,0,0,,0,0,0,0,0,mndene,2
IDeA30272D,v1_arm_1,screening,1,2023-08-15,1,1,1,6.6,1,0,,-0.09,0,0,,0,0,0,0,0,OEC,2
IDeA30273J,v1_arm_1,screening,1,2023-08-07,1,1,1,,1,0,,,0,0,,0,0,0,0,0,mndene,2
IDeA30277C,v1_arm_1,screening,1,2023-05-17,1,1,1,7.3,1,0,,-1.18,0,0,,0,0,0,0,0,mndene,2
IDeA30278A,v1_arm_1,screening,1,2023-07-24,1,1,1,6.5,1,0,,0.89,0,0,,0,0,0,0,0,OEC,2
IDeA30280F,v1_arm_1,screening,1,2023-05-30,1,1,1,,1,0,,,0,0,,0,0,0,0,0,mndene,2
IDeA30290B,v1_arm_1,screening,1,2023-05-30,1,1,1,,1,0,,,0,0,,0,0,0,0,0,mndene,2
IDeA30294K,v1_arm_1,screening,1,2023-07-24,1,1,1,,1,0,,,0,0,,0,0,0,0,0,mndene,2
IDeA30298C,v1_arm_1,screening,1,2023-05-17,1,1,1,10.4,1,0,,0.3,0,0,,0,0,0,0,0,mndene,2
IDeA30299G,v1_arm_1,screening,1,2023-07-03,1,1,1,6.2,1,0,,-3.22,0,0,,0,0,0,0,0,mndene,2
IDeA30300K,v1_arm_1,screening,1,2023-06-19,1,1,1,,1,0,,,0,0,,0,0,0,0,0,acamara,2
IDeA30301E,v1_arm_1,screening,1,2023-05-17,1,1,1,7.3,1,0,,0.34,0,0,,0,0,0,0,0,mndene,2
IDeA30316G,v1_arm_1,screening,1,2023-08-07,1,1,1,,1,0,,,0,0,,0,0,0,0,0,mndene,2
IDeA30317H,v1_arm_1,screening,1,2023-07-03,1,1,1,6.5,1,0,,-0.72,0,0,,0,0,0,0,0,mndene,2
IDeA30318K,v1_arm_1,screening,1,2023-05-15,1,1,1,6,1,0,,-0.79,0,0,,0,0,0,0,0,OEC,2
IDeA30320G,v1_arm_1,screening,1,2023-05-16,1,1,1,,1,0,,,0,0,,0,0,0,0,0,mndene,2
IDeA30327K,v1_arm_1,screening,1,2023-10-04,1,1,1,9.1,1,0,,1.64,0,0,,0,0,0,0,0,DJ,2
IDeA30328H,v1_arm_1,screening,1,2023-06-19,1,1,1,,1,0,,,0,0,,0,0,0,0,0,acamara,2
IDeA30330D,v1_arm_1,screening,1,2023-05-11,1,1,1,11.3,1,0,,-1.32,0,0,,0,0,0,0,0,mndene,2
IDeA30331G,v1_arm_1,screening,1,2023-08-07,1,1,1,,1,0,,,0,0,,0,0,0,0,0,mndene,2
IDeA30334C,v1_arm_1,screening,1,2023-05-16,1,1,1,,1,0,,,0,0,,0,0,0,0,0,mndene,2
IDeA30341H,v1_arm_1,screening,1,2023-06-05,1,0,,,,,,-2.34,,,,,,,,,OEC,2
IDeA30342F,v1_arm_1,screening,1,2023-05-22,1,1,1,6.8,1,0,,1.82,0,0,,0,0,0,0,0,mndene,2
IDeA30343A,v1_arm_1,screening,1,2023-07-10,1,1,1,6.1,1,0,,-1.66,0,0,,0,0,0,0,0,OEC,2
IDeA30344K,v1_arm_1,screening,1,2023-05-15,1,1,1,6.4,1,0,,-0.24,0,0,,0,0,0,0,0,mndene,2
IDeA30347E,v1_arm_1,screening,1,2023-09-26,1,1,1,8.1,1,0,,,0,0,,0,0,0,0,0,mndene ,2
IDeA30349G,v1_arm_1,screening,1,2023-08-29,1,1,1,8.1,1,0,,-2.19,0,0,,0,0,0,0,0,Abdou Camara,2
IDeA30351J,v1_arm_1,screening,1,2023-06-12,1,1,1,,1,0,,,0,0,,0,0,0,0,0,mndene,2
IDeA30352G,v1_arm_1,screening,1,2023-07-17,1,1,1,6.1,1,0,,,0,0,,0,0,0,0,0,OEC,2
IDeA30353K,v1_arm_1,screening,1,2023-08-15,1,1,1,6.3,1,0,,-0.22,0,0,,0,0,0,0,0,OEC,2
IDeA30354H,v1_arm_1,screening,1,2023-07-24,1,1,1,,1,0,,,0,0,,0,0,0,0,0,mndene,2
IDeA30359E,v1_arm_1,screening,1,2023-05-15,1,1,1,9.1,1,0,,-0.8,0,0,,0,0,0,0,0,mndene,2
IDeA30361C,v1_arm_1,screening,1,2023-09-19,1,1,1,7,1,0,,,0,0,,0,0,0,0,0,DJ,2
IDeA30362A,v1_arm_1,screening,1,2023-07-24,1,1,1,,1,0,,,0,0,,0,0,0,0,0,mndene,2
IDeA30363G,v1_arm_1,screening,1,2023-08-29,1,1,1,,1,0,,,0,0,,0,0,0,0,0,mndene,2
IDeA30364J,v1_arm_1,screening,1,2023-08-15,1,1,1,6.3,1,0,,-0.35,0,0,,0,0,0,0,0,OEC,2
IDeA30365H,v1_arm_1,screening,1,2023-09-19,1,1,1,6.2,1,0,,,0,0,,0,0,0,0,0,DJ,2
IDeA30370A,v1_arm_1,screening,1,2023-06-12,1,1,1,6.8,1,0,,0.28,0,0,,0,0,0,0,0,mndene,2
IDeA30374F,v1_arm_1,screening,1,2023-06-05,1,1,1,10.8,1,0,,,0,0,,0,0,0,0,0,mndene,2
IDeA30375K,v1_arm_1,screening,1,2023-07-24,1,1,1,,1,0,,,0,0,,0,0,0,0,0,mndene,2
IDeA30376J,v1_arm_1,screening,1,2023-07-10,1,1,1,6.3,1,0,,2.04,0,0,,0,0,0,0,0,OEC,2
IDeA30377G,v1_arm_1,screening,1,2023-09-26,1,1,1,9.3,1,0,,,0,0,,0,0,0,0,0,mndene ,2
IDeA30380H,v1_arm_1,screening,1,2023-07-03,1,1,1,6.1,1,0,,0.69,0,0,,0,0,0,0,0,mndene,2
IDeA30381A,v1_arm_1,screening,1,2023-08-29,1,1,1,,1,0,,,0,0,,0,0,0,0,0,mndene,2
IDeA30386E,v1_arm_1,screening,1,2023-06-19,1,1,1,,1,0,,,0,0,,0,0,0,0,0,acamara,2
IDeA30388G,v1_arm_1,screening,1,2023-07-24,1,1,1,,1,0,,,0,0,,0,0,0,0,0,mndene,2
IDeA30390J,v1_arm_1,screening,1,2023-08-29,1,1,1,6.1,1,0,,,0,0,,0,0,0,0,0,mndene,2
IDeA30393F,v1_arm_1,screening,1,2023-06-12,1,1,1,9,1,0,,-2.16,0,0,,0,0,0,0,0,mndene,2
IDeA30397A,v1_arm_1,screening,1,2023-09-05,1,1,1,,1,0,,,0,0,,0,0,0,0,0,mndene,2
IDeA30401H,v1_arm_1,screening,1,2023-07-03,1,1,1,6.6,1,0,,1.09,0,0,,0,0,0,0,0,mndene,2
IDeA30402F,v1_arm_1,screening,1,2023-07-03,1,1,1,6.6,1,0,,0.76,0,0,,0,0,0,0,0,mndene,2
IDeA30404K,v1_arm_1,screening,1,2023-08-07,1,1,1,,1,0,,,0,0,,0,0,0,0,0,mndene,2
IDeA30406D,v1_arm_1,screening,1,2023-07-03,1,1,1,6.4,1,0,,0.59,0,0,,0,0,0,0,0,mndene,2
IDeA30407E,v1_arm_1,screening,1,2023-07-03,1,1,1,10.2,1,0,,-2.47,0,0,,0,0,0,0,0,mndene,2
IDeA30414H,v1_arm_1,screening,1,2023-09-19,1,1,1,6.6,1,0,,-0.83,0,0,,0,0,0,0,0,DJ,2
IDeA30416A,v1_arm_1,screening,1,2023-07-31,1,1,1,8.5,1,0,,,0,0,,0,0,0,0,0,Abdou Camara,2
IDeA30417B,v1_arm_1,screening,1,2023-07-31,1,1,1,8.6,1,0,,,0,0,,0,0,0,0,0,Abdou Camara,2
IDeA30418D,v1_arm_1,screening,1,2023-07-31,1,1,1,,1,0,,,0,0,,0,0,0,0,0,Abdou Camara,2
IDeA30419E,v1_arm_1,screening,1,2023-08-23,1,1,1,,1,0,,,0,0,,0,0,0,0,0,mndene,2
IDeA30420J,v1_arm_1,screening,1,2023-08-23,1,1,1,,1,0,,,0,0,,0,0,0,0,0,mndene,2
IDeA30423F,v1_arm_1,screening,1,2023-07-31,1,1,1,9.2,1,0,,,0,0,,0,0,0,0,0,mndene,2
IDeA30424D,v1_arm_1,screening,1,2023-09-05,1,1,1,,1,0,,,0,0,,0,0,0,0,0,mndene,2
IDeA30426C,v1_arm_1,screening,1,2023-08-07,1,1,1,,1,0,,,0,0,,0,0,0,0,0,mndene,2
IDeA30430G,v1_arm_1,screening,1,2023-07-10,1,1,1,6.1,1,0,,-0.13,0,0,,0,0,0,0,0,mndene,2
IDeA30431B,v1_arm_1,screening,1,2023-06-19,1,1,1,,1,0,,,0,0,,0,0,0,0,0,acamara,2
IDeA30433D,v1_arm_1,screening,1,2023-08-23,1,1,1,,1,0,,,0,0,,0,0,0,0,0,mndene,2
IDeA30436F,v1_arm_1,screening,1,2023-08-29,1,1,1,,1,0,,,0,0,,0,0,0,0,0,mndene,2
IDeA30437K,v1_arm_1,screening,1,2023-07-10,1,1,1,6.4,1,0,,0.24,0,0,,0,0,0,0,0,mndene,2
IDeA30438H,v1_arm_1,screening,1,2023-07-03,1,1,1,10.3,1,0,,-2.91,0,0,,0,0,0,0,0,mndene,2
IDeA30439J,v1_arm_1,screening,1,2023-07-03,1,1,1,,1,0,,-0.14,0,0,,0,0,0,0,0,mndene,2
IDeA30440E,v1_arm_1,screening,1,2023-08-15,1,1,1,6.2,1,0,,-1.58,0,0,,0,0,0,0,0,OEC,2
IDeA30441C,v1_arm_1,screening,1,2023-08-15,1,1,1,6.1,1,0,,-0.87,0,0,,0,0,0,0,0,OEC,2
IDeA30442A,v1_arm_1,screening,1,2023-08-15,1,1,1,,1,0,,-1.78,0,0,,0,0,0,0,0,OEC,2
IDeA30444J,v1_arm_1,screening,1,2023-07-31,1,1,1,8,1,0,,,0,0,,0,0,0,0,0,mndene,2
IDeA30445H,v1_arm_1,screening,1,2023-08-23,1,1,1,,1,0,,,0,0,,0,0,0,0,0,mndene,2
IDeA30446B,v1_arm_1,screening,1,2023-08-07,1,1,1,,1,0,,,0,0,,0,1,0,0,0,mndene,2
IDeA30448F,v1_arm_1,screening,1,2023-09-05,1,1,1,,1,0,,,0,0,,0,0,0,0,0,mndene,2
IDeA30449K,v1_arm_1,screening,1,2023-08-23,1,1,1,,1,0,,,0,0,,0,0,0,0,0,mndene,2
IDeA30451D,v1_arm_1,screening,1,2023-07-10,1,0,1,10.8,1,0,,-3.52,0,0,,0,0,0,0,0,mndene,2
IDeA30453H,v1_arm_1,screening,1,2023-08-23,1,1,1,,1,0,,,0,0,,0,0,0,0,0,mndene,2
IDeA30454F,v1_arm_1,screening,1,2023-08-23,1,1,1,,1,0,,,0,0,,0,0,0,0,0,mndene,2
IDeA30455K,v1_arm_1,screening,1,2023-07-10,1,1,1,9.2,1,0,,-0.72,0,0,,0,0,0,0,0,mndene,2
IDeA30456J,v1_arm_1,screening,1,2023-07-17,1,1,1,7.2,1,0,,-0.21,0,0,,0,0,0,0,0,OEC,2
IDeA30458E,v1_arm_1,screening,1,2023-11-02,1,1,1,6.3,1,0,,,0,0,,0,0,0,0,0,mndene ,2
IDeA30461F,v1_arm_1,screening,1,2023-10-25,1,1,1,6,1,0,,,0,0,,0,0,0,0,0,mndene,2
IDeA30464E,v1_arm_1,screening,1,2023-07-24,1,1,1,,1,0,,,0,0,,0,0,0,0,0,mndene,2
IDeA30466G,v1_arm_1,screening,1,2023-08-15,1,1,1,7.9,1,0,,-2.17,0,0,,0,0,0,0,0,OEC,2
IDeA30467H,v1_arm_1,screening,1,2023-08-15,1,1,1,7.3,1,0,,-1.87,0,0,,0,0,0,0,0,OEC,2
IDeA30468K,v1_arm_1,screening,1,2023-09-26,1,1,1,6,1,0,,-0.28,0,0,,0,0,0,0,0,mndene ,2
IDeA30469A,v1_arm_1,screening,1,2023-08-23,1,1,1,,1,0,,,0,0,,0,0,0,0,0,mndene,2
IDeA30470D,v1_arm_1,screening,1,2023-08-23,1,1,1,,1,0,,,0,0,,0,0,0,0,0,mndene,2
IDeA30472H,v1_arm_1,screening,1,2023-08-07,1,1,1,,1,0,,,0,0,,0,0,0,0,0,mndene,2
IDeA30473E,v1_arm_1,screening,1,2023-08-29,1,1,1,,1,0,,,0,0,,0,0,0,0,0,mndene,2
IDeA30478J,v1_arm_1,screening,1,2023-09-05,1,1,1,,1,0,,,0,0,,0,0,0,0,0,mndene,2
IDeA30479B,v1_arm_1,screening,1,2023-10-18,1,1,1,6,1,0,,,0,0,,0,0,0,0,0,mndene ,2
IDeA30489F,v1_arm_1,screening,1,2023-07-31,1,1,1,10.1,1,0,,,0,0,,0,0,0,0,0,Abdou Camara,2
IDeA30490H,v1_arm_1,screening,1,2023-08-29,1,1,1,,1,0,,,0,0,,0,0,0,0,0,mndene,2
IDeA30491A,v1_arm_1,screening,1,2023-07-31,1,1,1,9.5,1,0,,,0,0,,0,0,0,0,0,Abdou Camara,2
IDeA30493C,v1_arm_1,screening,1,2023-07-31,1,1,1,7.4,1,0,,,0,0,,0,0,0,0,0,mndene,2
IDeA30494B,v1_arm_1,screening,1,2023-11-02,1,1,1,,1,0,,,0,0,,0,0,0,0,0, mndene ,2
IDeA30495F,v1_arm_1,screening,1,2023-07-31,1,1,1,8.5,1,0,,,0,0,,0,0,0,0,0,mndene,2
IDeA30500E,v1_arm_1,screening,1,2023-07-31,1,1,1,7.6,1,0,,,0,0,,0,0,0,0,0,Abdou Camara,2
IDeA30501C,v1_arm_1,screening,1,2023-08-29,1,1,1,,1,0,,,0,0,,0,0,0,0,0,mndene,2
IDeA30502A,v1_arm_1,screening,1,2023-08-29,1,1,1,,1,0,,-3.24,0,0,,0,1,,,,OEC,2
IDeA30504J,v1_arm_1,screening,1,2023-08-29,1,1,1,,1,0,,,0,0,,0,0,0,0,0,mndene,2
IDeA30506B,v1_arm_1,screening,1,2023-11-02,1,1,1,6.1,1,0,,-2.63,0,0,,0,0,0,0,0,mndene ,2
IDeA30508F,v1_arm_1,screening,1,2023-09-19,1,1,1,,1,0,,0.13,0,0,,0,0,0,0,0,DJ,2
IDeA30509K,v1_arm_1,screening,1,2023-08-29,1,1,1,,1,0,,,0,0,,0,0,0,0,0,mndene,2
IDeA30513E,v1_arm_1,screening,1,2023-08-29,1,1,1,,1,0,,,0,0,,0,0,0,0,0,mndene,2
IDeA30514C,v1_arm_1,screening,1,2023-09-05,1,1,1,,1,0,,,0,0,,0,0,0,0,0,mndene,2
IDeA30516K,v1_arm_1,screening,1,2023-09-05,1,1,1,6.1,1,0,,-4.58,0,0,,0,1,,,,OEC,2
IDeA30517F,v1_arm_1,screening,1,2023-10-11,1,1,1,9.6,1,0,,0.48,0,0,,0,0,0,0,0,mndene ,2
IDeA30518J,v1_arm_1,screening,1,2023-10-11,1,1,1,11.8,1,0,,-0.38,0,0,,0,0,0,0,0,mndene ,2
IDeA30519B,v1_arm_1,screening,1,2023-10-04,1,1,1,,1,0,,-0.18,0,0,,0,0,0,0,0,DJ,2
IDeA30521E,v1_arm_1,screening,1,2023-09-05,1,1,1,,1,0,,,0,0,,0,0,0,0,0,mndene,2
IDeA30523J,v1_arm_1,screening,1,2023-09-05,1,1,1,,1,0,,,0,0,,0,0,0,0,0,mndene,2
IDeA30528A,v1_arm_1,screening,1,2023-10-25,1,1,1,9.6,1,0,,-2.3,0,0,,0,0,0,0,0,mndene,2
IDeA30529F,v1_arm_1,screening,1,2023-09-19,1,1,1,6.4,1,0,,0.76,0,0,,0,0,0,0,0,Dj,2
IDeA30538G,v1_arm_1,screening,1,2023-10-25,1,1,1,6.6,1,0,,-1.88,0,0,,0,0,0,0,0,mndene,2
IDeA30543D,v1_arm_1,screening,1,2023-10-18,1,1,1,6,1,0,,-2.56,0,0,,0,0,0,0,0,mndene ,2
IDeA30547K,v1_arm_1,screening,1,2023-09-19,1,1,1,8.6,1,0,,-0.9,0,0,,0,0,0,0,0,DJ,2
IDeA30548H,v1_arm_1,screening,1,2023-09-19,1,1,1,11.5,1,0,,-3.23,0,0,,0,1,,,,OEC,2
IDeA30552F,v1_arm_1,screening,1,2023-09-19,1,1,1,8.8,1,0,,0.33,0,0,,0,0,0,0,0,DJ,2
IDeA30553A,v1_arm_1,screening,1,2023-09-19,1,1,1,8.7,1,0,,1.65,0,0,,0,0,0,0,0,DJ,2
IDeA30554K,v1_arm_1,screening,1,2023-09-19,1,1,1,,1,0,,-1.26,0,0,,0,0,0,0,0,DJ,2
IDeA30555J,v1_arm_1,screening,1,2023-09-26,1,1,1,7.4,1,0,,-0.01,0,0,,0,0,0,0,0,mndene ,2
IDeA30556D,v1_arm_1,screening,1,2023-09-26,1,1,1,8.1,1,0,,-0.03,0,0,,0,0,0,0,0,mndene ,2
IDeA30559G,v1_arm_1,screening,1,2023-10-18,1,1,1,6.9,1,0,,-0.84,0,0,,0,0,0,0,0,mndene ,2
IDeA30560F,v1_arm_1,screening,1,2023-10-11,1,1,1,7.7,1,0,,,0,0,,0,0,0,0,0,mndene ,2
IDeA30561J,v1_arm_1,screening,1,2023-10-11,1,1,1,6.6,1,0,,-2.75,0,0,,0,0,0,0,0,mndene ,2
IDeA30568D,v1_arm_1,screening,1,2023-10-04,1,1,1,9.4,1,0,,-0.91,0,0,,0,0,0,0,0,DJ,2
IDeA30570J,v1_arm_1,screening,1,2023-10-04,1,1,1,6.3,1,0,,-1.54,0,0,,0,0,0,0,0,DJ,2
IDeA30574D,v1_arm_1,screening,1,2023-10-04,1,1,1,7.5,1,0,,-2.92,0,0,,0,0,0,0,0,DJ,2
IDeA30582J,v1_arm_1,screening,1,2023-09-26,1,1,1,8.2,1,0,,-0.02,0,0,,0,0,0,0,0,mndene ,2
IDeA30583B,v1_arm_1,screening,1,2023-10-04,1,1,1,7.5,1,0,,-0.27,0,0,,0,0,0,0,0,DJ,2
IDeA30584E,v1_arm_1,screening,1,2023-10-18,1,1,1,6.1,1,0,,-1.4,0,0,,0,0,0,0,0,mndene ,2
IDeA30587H,v1_arm_1,screening,1,2023-10-04,1,1,1,,1,0,,-1.37,0,0,,0,0,0,0,0,DJ,2
IDeA30590A,v1_arm_1,screening,1,2023-10-18,1,1,1,9,1,0,,-3.58,1,0,,0,1,,,,mndene ,2
IDeA30592B,v1_arm_1,screening,1,2023-10-04,1,1,1,6.8,1,0,,-3.03,0,0,,0,0,0,0,0,DJ,2
IDeA30593H,v1_arm_1,screening,1,2023-10-04,1,1,1,6.5,1,0,,0.58,0,0,,0,0,0,0,0,DJ,2
IDeA30596J,v1_arm_1,screening,1,2023-10-04,1,1,1,6.2,1,0,,-0.88,0,0,,0,0,0,0,0,Abdou Camara,2
IDeA30600C,v1_arm_1,screening,1,2023-10-18,1,1,1,6.1,1,0,,-3.09,0,0,,0,0,0,0,0,mndene ,2
