cons_recordid_q1,redcap_event_name,redcap_repeat_instrument,redcap_repeat_instance,stol_visitdate_q1,stol_visittime_q2,stol_stlobtained_q3,stol_ifnoreas_q5,stol_collectedby_q4,stoolsamplecollection_complete
IDeA30003H,v1_arm_1,,,2023-05-23,09:40,1,,akdibba,2
IDeA30003H,v12_arm_1,,,2023-08-14,11:39,1,,kbajo,2
IDeA30004F,v1_arm_1,,,2023-05-22,07:26,1,,ncamara,2
IDeA30008E,v1_arm_1,,,2023-05-22,08:26,1,,ncamara,2
IDeA30008E,v12_arm_1,,,2023-08-14,11:33,1,,kbajo,2
IDeA30010B,v1_arm_1,,,2023-05-13,18:16,0,no stool,,2
IDeA30010B,v12_arm_1,,,2023-08-04,15:23,0,no stool,,2
IDeA30011H,v1_arm_1,,,2023-06-05,10:30,1,,ibbaldeh,2
IDeA30012F,v1_arm_1,,,2023-05-29,11:19,1,,ibbaldeh,2
IDeA30017E,v1_arm_1,,,2023-06-03,18:22,0,no stool,,2
IDeA30017E,v12_arm_1,,,2023-08-21,12:02,1,,ncamara,2
IDeA30020H,v1_arm_1,,,2023-05-22,08:31,1,,ncamara,2
IDeA30020H,v12_arm_1,,,2023-08-14,11:55,1,,kbajo,2
IDeA30021A,v1_arm_1,,,2023-05-23,11:02,1,,akdibba,2
IDeA30022K,v1_arm_1,,,2023-05-22,08:19,1,,ncamara,2
IDeA30022K,v12_arm_1,,,2023-08-14,12:00,1,,kbajo,2
IDeA30023C,v1_arm_1,,,2023-05-22,07:31,1,,ncamara,2
IDeA30024B,v1_arm_1,,,2023-05-22,08:14,0,Not available yet,akdibba,2
IDeA30024B,v12_arm_1,,,2023-08-14,11:46,1,,kbajo,2
IDeA30026E,v1_arm_1,,,2023-05-16,09:21,1,,jmanka,2
IDeA30028G,v1_arm_1,,,2023-05-30,18:28,1,,sgaye,2
IDeA30029D,v1_arm_1,,,2023-06-05,17:32,1,,snjie,2
IDeA30029D,v12_arm_1,,,2023-08-28,10:23,1,,kbajo,2
IDeA30030J,v12_arm_1,,,2023-08-08,12:54,1,,kbajo,2
IDeA30031K,v1_arm_1,,,2023-05-24,10:38,1,,sgaye,2
IDeA30037A,v1_arm_1,,,2023-07-17,09:55,1,,kbajo,2
IDeA30042H,v1_arm_1,,,2023-05-16,09:25,1,,jmanka,2
IDeA30042H,v12_arm_1,,,2023-08-08,12:48,1,,kbajo,2
IDeA30043E,v1_arm_1,,,2023-05-16,09:23,1,,jmanka,2
IDeA30043E,v12_arm_1,,,2023-08-08,12:52,1,,kbajo,2
IDeA30045A,v1_arm_1,,,2023-05-31,10:06,0,Stool sample follow-up was made for mor the 24 hrs but participant's mother claimed no Stool was passed within the period ,,2
IDeA30045A,v12_arm_1,,,2023-08-22,10:52,1,,fobah,2
IDeA30049B,v1_arm_1,,,2023-05-16,09:27,1,,jmanka,2
IDeA30049B,v12_arm_1,,,2023-08-08,12:50,1,,kbajo,2
IDeA30051F,v1_arm_1,,,2023-05-15,16:38,1,,jmanka,2
IDeA30051F,v12_arm_1,,,2023-08-08,10:39,1,,kbajo,2
IDeA30052J,v1_arm_1,,,2023-05-13,08:54,0,The child didn't have stool ,,2
IDeA30052J,v12_arm_1,,,2023-08-04,10:34,1,,kbajo,2
IDeA30059A,v1_arm_1,,,2023-06-05,11:03,1,,Kbbayo ,2
IDeA30059A,v12_arm_1,,,2023-08-28,10:30,1,,kbajo,2
IDeA30063J,v1_arm_1,,,2023-05-15,10:49,1,,jmanka,2
IDeA30063J,v12_arm_1,,,2023-08-08,10:54,1,,fobah,2
IDeA30064G,v1_arm_1,,,2023-05-15,10:56,1,,Ijammeh,2
IDeA30065B,v1_arm_1,,,2023-05-16,17:00,0,The child has not pass any stool.,,2
IDeA30065B,v12_arm_1,,,2023-08-08,10:51,1,,fobah,2
IDeA30066H,v1_arm_1,,,2023-05-15,10:58,1,,Fbahoum,2
IDeA30066H,v12_arm_1,,,2023-08-08,10:46,1,,kbajo,2
IDeA30070F,v1_arm_1,,,2023-05-16,16:36,1,,snjie,2
IDeA30070F,v12_arm_1,,,2023-08-08,12:56,1,,kbajo,2
IDeA30071J,v1_arm_1,,,2023-05-17,19:53,0,The child has not pass stool.,,2
IDeA30071J,v12_arm_1,,,2023-08-08,13:04,1,,kbajo,2
IDeA30073K,v1_arm_1,,,2023-06-06,17:34,0,No stool sample. ,,2
IDeA30074H,v1_arm_1,,,2023-06-05,16:31,1,,snjie,2
IDeA30074H,v12_arm_1,,,2023-08-28,09:56,1,,kbajo,2
IDeA30081B,v12_arm_1,,,2023-08-21,11:51,1,,ncamara,2
IDeA30085E,v12_arm_1,,,2023-08-08,10:30,1,,kbajo,2
IDeA30089J,v12_arm_1,,,2023-08-08,10:28,1,,kbajo,2
IDeA30090E,v1_arm_1,,,2023-05-15,10:01,1,,jmanka,2
IDeA30095H,v1_arm_1,,,2023-05-16,09:39,1,,bkandeh,2
IDeA30097D,v1_arm_1,,,2023-06-05,11:54,1,,Kbbayo ,2
IDeA30098F,v1_arm_1,,,2023-05-16,09:44,1,,Ijammeh,2
IDeA30103C,v1_arm_1,,,2023-05-17,08:50,1,,Ijammeh,2
IDeA30103C,v12_arm_1,,,2023-08-09,10:03,1,,kbajo,2
IDeA30109D,v1_arm_1,,,2023-06-12,09:56,1,,Kbbayo ,2
IDeA30109D,v12_arm_1,,,2023-09-04,11:28,1,,kbajo,2
IDeA30112E,v1_arm_1,,,2023-05-23,10:00,1,,ibbaldeh,2
IDeA30121G,v1_arm_1,,,2023-06-05,10:31,1,,ibbaldeh,2
IDeA30131D,v1_arm_1,,,2023-05-30,11:19,1,,ibbaldeh,2
IDeA30135K,v1_arm_1,,,2023-05-17,09:04,1,,Ijammeh ,2
IDeA30154G,v1_arm_1,,,2023-05-16,10:12,1,,Ijammeh ,2
IDeA30154G,v12_arm_1,,,2023-08-08,13:05,1,,kbajo,2
IDeA30160B,v12_arm_1,,,2023-09-11,12:39,1,,kbajo,2
IDeA30164K,v1_arm_1,,,2023-05-17,12:51,1,,Kkbayo ,2
IDeA30165J,v12_arm_1,,,2023-08-04,10:46,1,,kbajo,2
IDeA30176F,v1_arm_1,,,2023-05-11,09:32,1,,jmanka,2
IDeA30176F,v12_arm_1,,,2023-08-04,10:30,1,,kbajo,2
IDeA30179J,v1_arm_1,,,2023-07-10,10:29,1,,kbajo,2
IDeA30180E,v1_arm_1,,,2023-07-03,14:23,1,,kb,2
IDeA30181C,v12_arm_1,,,2023-10-02,11:06,1,,kbajo,2
IDeA30189K,v12_arm_1,,,2023-09-11,11:16,0,No stool,,2
IDeA30191J,v1_arm_1,,,2023-07-03,03:28,1,,kb,2
IDeA30192G,v1_arm_1,,,2023-08-23,11:31,1,,psfofana ,2
IDeA30192G,v12_arm_1,,,2023-11-28,11:02,0,No stool ,fobah,2
IDeA30193K,v1_arm_1,,,2023-05-22,09:57,1,,mjarjusey,2
IDeA30194H,v1_arm_1,,,2023-07-17,10:11,1,,kbajo,2
IDeA30201K,v12_arm_1,,,2023-09-11,11:20,1,,kbajo,2
IDeA30210A,v12_arm_1,,,2023-08-21,11:57,1,,ncamara,2
IDeA30212B,v1_arm_1,,,2023-05-30,11:16,1,,ibbaldeh,2
IDeA30212B,v12_arm_1,,,2023-08-22,10:47,1,,fobah,2
IDeA30213H,v1_arm_1,,,2023-07-11,16:28,0,The child didn't pass any stool.,,2
IDeA30213H,v12_arm_1,,,2023-10-02,14:50,0,Participant travel ,,2
IDeA30221F,v1_arm_1,,,2023-05-31,18:37,0,The child has not pass any stool.,,2
IDeA30221F,v12_arm_1,,,2023-08-22,10:48,1,,fobah,2
IDeA30223B,v1_arm_1,,,2023-05-17,19:00,0,The child has not pass stool.,,2
IDeA30224E,v1_arm_1,,,2023-05-16,10:25,1,,bkandeh,2
IDeA30224E,v12_arm_1,,,2023-08-22,16:42,0,No stool ,,2
IDeA30228K,v12_arm_1,,,2023-09-25,10:37,0,No stool ,,2
IDeA30229A,v1_arm_1,,,2023-06-05,18:33,1,,snjie,2
IDeA30232A,v1_arm_1,,,2023-07-03,13:45,1,,kb,2
IDeA30232A,v12_arm_1,,,2023-09-25,19:50,1,,kbajo,2
IDeA30234J,v1_arm_1,,,2023-06-19,10:50,1,,kbajo,2
IDeA30235H,v1_arm_1,,,2023-07-10,13:44,1,,jmanka,2
IDeA30235H,v12_arm_1,,,2023-10-02,11:20,0,No stool ,,2
IDeA30236B,v1_arm_1,,,2023-05-29,11:20,1,,kbbayo,2
IDeA30236B,v12_arm_1,,,2023-08-21,19:54,0,No stool ,,2
IDeA30237D,v1_arm_1,,,2023-05-22,09:51,1,,mjarjusey,2
IDeA30239K,v12_arm_1,,,2023-08-28,10:19,1,,kbajo,2
IDeA30240H,v1_arm_1,,,2023-05-22,09:52,1,,mjarjusey,2
IDeA30240H,v12_arm_1,,,2023-08-14,12:03,1,,kbajo,2
IDeA30243C,v1_arm_1,,,2023-05-29,11:19,1,,ibbaldeh,2
IDeA30255A,v1_arm_1,,,2023-05-17,10:05,0,No stool provided ,,2
IDeA30255A,v12_arm_1,,,2023-08-09,19:57,0,No stool ,,2
IDeA30257F,v1_arm_1,,,2023-06-19,10:58,1,,kbajo,2
IDeA30257F,v12_arm_1,,,2023-09-11,11:24,1,,kbajo,2
IDeA30265E,v1_arm_1,,,2023-05-17,10:36,1,,Ibbaldeh ,2
IDeA30265E,v12_arm_1,,,2023-08-09,09:56,1,,kbajo,2
IDeA30273J,v12_arm_1,,,2023-10-30,11:45,0,No stool,kbajo,2
IDeA30277C,v1_arm_1,,,2023-05-17,09:55,1,,ibbaldeh,2
IDeA30278A,v1_arm_1,,,2023-07-25,19:48,0,Not produce,,2
IDeA30278A,v12_arm_1,,,2023-10-16,12:45,0,No stool ,kbajo,2
IDeA30280F,v12_arm_1,,,2023-08-22,20:00,0,No stool ,,2
IDeA30290B,v1_arm_1,,,2023-05-30,11:20,1,,ibbaldeh,2
IDeA30294K,v1_arm_1,,,2023-07-24,11:11,1,,kbajo,2
IDeA30300K,v1_arm_1,,,2023-06-19,13:09,1,,Kbbayo ,2
IDeA30300K,v12_arm_1,,,2023-09-11,11:13,0,No stool,,2
IDeA30316G,v12_arm_1,,,2023-10-30,11:42,0,No stool,kbajo,2
IDeA30317H,v1_arm_1,,,2023-07-03,12:03,1,,kb,2
IDeA30318K,v1_arm_1,,,2023-05-15,15:44,1,,jmanka,2
IDeA30318K,v12_arm_1,,,2023-08-08,10:36,1,,kbajo,2
IDeA30320G,v1_arm_1,,,2023-05-16,10:18,1,,Ijammeh ,2
IDeA30328H,v1_arm_1,,,2023-06-19,10:52,1,,kbajo,2
IDeA30328H,v12_arm_1,,,2023-09-11,11:27,1,,kbajo,2
IDeA30330D,v1_arm_1,,,2023-05-11,09:31,1,,jmanka,2
IDeA30330D,v12_arm_1,,,2023-08-04,10:40,1,,kbajo,2
IDeA30331G,v1_arm_1,,,2023-08-07,10:54,1,,kbajo,2
IDeA30334C,v1_arm_1,,,2023-05-16,10:11,1,,Ijammeh,2
IDeA30341H,v1_arm_1,,,2023-06-05,10:29,1,,ibbaldeh,2
IDeA30342F,v1_arm_1,,,2023-05-22,09:56,1,,mjarjusey,2
IDeA30343A,v12_arm_1,,,2023-10-02,11:05,1,,kbajo,2
IDeA30344K,v1_arm_1,,,2023-05-15,10:01,1,,jmanka,2
IDeA30347E,v12_arm_1,,,2023-12-19,10:07,1,,fobah,2
IDeA30349G,v1_arm_1,,,2023-08-30,08:27,0,,,2
IDeA30351J,v1_arm_1,,,2023-06-12,10:00,1,,Kbbayo ,2
IDeA30351J,v12_arm_1,,,2023-09-04,11:29,0,No stool,,2
IDeA30352G,v1_arm_1,,,2023-07-17,10:00,1,,kbajo,2
IDeA30352G,v12_arm_1,,,2023-10-09,11:26,0,Does not produce ,,2
IDeA30353K,v12_arm_1,,,2023-11-07,10:49,1,,kbajo,2
IDeA30359E,v1_arm_1,,,2023-05-15,11:29,0,Does not produce ,,2
IDeA30359E,v12_arm_1,,,2023-08-08,11:19,1,,kbajo,2
IDeA30362A,v1_arm_1,,,2023-07-25,14:33,0,dnot produce,,2
IDeA30362A,v12_arm_1,,,2023-10-16,12:43,0,No stool ,,2
IDeA30363G,v12_arm_1,,,2023-11-21,15:01,0,Refual,,2
IDeA30364J,v12_arm_1,,,2023-11-07,10:56,1,,kbajo,2
IDeA30365H,v12_arm_1,,,2023-12-12,13:57,0,No stool ,kbajo,2
IDeA30370A,v1_arm_1,,,2023-06-12,11:58,1,,ibbaldeh,2
IDeA30374F,v1_arm_1,,,2023-06-05,10:27,1,,ibbaldeh,2
IDeA30375K,v1_arm_1,,,2023-07-17,10:41,1,,kbajo,2
IDeA30376J,v1_arm_1,,,2023-07-10,10:42,1,,kbajo,2
IDeA30377G,v1_arm_1,,,2023-09-26,12:49,1,,kbajo,2
IDeA30377G,v12_arm_1,,,2023-12-19,09:00,1,,fobah,2
IDeA30380H,v1_arm_1,,,2023-07-05,15:07,1,,kb,2
IDeA30386E,v1_arm_1,,,2023-06-12,09:34,1,,Kbbayo ,2
IDeA30388G,v1_arm_1,,,2023-07-24,11:12,1,,kbajo,2
IDeA30388G,v12_arm_1,,,2023-10-30,11:30,1,,kbajo,2
IDeA30390J,v1_arm_1,,,2023-08-29,10:07,1,,ncamara,2
IDeA30390J,v12_arm_1,,,2023-11-21,12:41,0,No stool,,2
IDeA30397A,v1_arm_1,,,2023-09-05,11:14,1,,sgaye,2
IDeA30397A,v12_arm_1,,,2023-11-28,10:58,1,,fobah,2
IDeA30401H,v1_arm_1,,,2023-07-03,18:43,0,The child hasn't pass any stool.,,2
IDeA30402F,v1_arm_1,,,2023-07-03,18:31,0,The child hasn't pass any stool.,jmanka,2
IDeA30404K,v1_arm_1,,,2023-08-07,10:44,1,,kbajo,2
IDeA30404K,v12_arm_1,,,2023-10-30,11:33,0,No stool ,kbajo,2
IDeA30406D,v1_arm_1,,,2023-07-03,13:24,1,,kb,2
IDeA30407E,v1_arm_1,,,2023-07-03,13:25,1,,kb,2
IDeA30416A,v1_arm_1,,,2023-08-01,12:39,1,,Kbbayo ,2
IDeA30417B,v1_arm_1,,,2023-07-31,09:57,1,,kbajo,2
IDeA30417B,v12_arm_1,,,2023-10-23,11:11,1,,sgaye ,2
IDeA30418D,v1_arm_1,,,2023-08-02,14:16,1,,Kbbayo ,2
IDeA30418D,v12_arm_1,,,2023-10-23,11:19,1,,sgaye ,2
IDeA30419E,v12_arm_1,,,2023-11-15,12:25,1,,fobah,2
IDeA30420J,v1_arm_1,,,2023-08-23,11:20,1,,psfofana ,2
IDeA30420J,v12_arm_1,,,2023-11-15,12:57,1,,kbajo,2
IDeA30423F,v1_arm_1,,,2023-07-31,10:01,1,,kbajo,2
IDeA30423F,v12_arm_1,,,2023-10-23,11:10,1,,sgaye ,2
IDeA30424D,v12_arm_1,,,2023-11-28,11:05,0,No stool ,,2
IDeA30426C,v12_arm_1,,,2023-10-30,11:40,0,No stool ,,2
IDeA30430G,v12_arm_1,,,2023-10-02,11:08,1,,kbajo,2
IDeA30431B,v1_arm_1,,,2023-06-19,10:53,1,,isjammeh,2
IDeA30431B,v12_arm_1,,,2023-09-11,11:22,1,,kbajo,2
IDeA30433D,v1_arm_1,,,2023-08-23,11:12,1,,psfofana ,2
IDeA30433D,v12_arm_1,,,2023-11-15,12:21,1,,fobah,2
IDeA30436F,v12_arm_1,,,2023-11-21,12:47,0,No stool,,2
IDeA30437K,v1_arm_1,,,2023-07-10,10:35,1,,kbajo,2
IDeA30437K,v12_arm_1,,,2023-10-02,11:02,1,,kbajo,2
IDeA30440E,v12_arm_1,,,2023-11-07,10:58,1,,kbajo,2
IDeA30441C,v12_arm_1,,,2023-11-07,10:59,1,,kbajo,2
IDeA30442A,v12_arm_1,,,2023-11-07,10:54,0,No stool,,2
IDeA30444J,v1_arm_1,,,2023-07-31,10:26,1,,kbajo,2
IDeA30445H,v1_arm_1,,,2023-08-23,11:43,1,,psfofana ,2
IDeA30446B,v1_arm_1,,,2023-08-07,10:48,1,,kbajo,2
IDeA30448F,v1_arm_1,,,2023-08-23,11:06,1,,psfofana,2
IDeA30448F,v12_arm_1,,,2023-11-28,11:10,1,,fobah,2
IDeA30449K,v1_arm_1,,,2023-08-23,11:26,1,,psfofana ,2
IDeA30449K,v12_arm_1,,,2023-11-15,12:12,1,,fobah,2
IDeA30453H,v1_arm_1,,,2023-08-23,11:09,1,,psfofana ,2
IDeA30455K,v1_arm_1,,,2023-07-10,10:38,1,,kbajo,2
IDeA30456J,v1_arm_1,,,2023-07-18,18:50,0,Could not produce ,fobah,2
IDeA30458E,v12_arm_1,,,2024-01-25,12:49,1,,sgaye,2
IDeA30461F,v1_arm_1,,,2023-10-25,10:02,1,,sgaye,2
IDeA30461F,v12_arm_1,,,2024-01-17,10:17,1,,fobah,2
IDeA30464E,v12_arm_1,,,2023-10-16,12:47,0,No stool ,,2
IDeA30466G,v12_arm_1,,,2023-11-07,10:51,0,No stool ,,2
IDeA30468K,v12_arm_1,,,2023-12-19,10:53,1,,fobah,2
IDeA30469A,v1_arm_1,,,2023-08-23,11:01,1,,psfofana,2
IDeA30469A,v12_arm_1,,,2023-11-15,12:28,1,,fobah,2
IDeA30470D,v1_arm_1,,,2023-08-23,11:35,1,,psfofana ,2
IDeA30470D,v12_arm_1,,,2023-11-15,12:17,1,,fobah,2
IDeA30472H,v1_arm_1,,,2023-08-07,10:41,1,,kbajo,2
IDeA30472H,v12_arm_1,,,2023-10-30,11:38,0,No stool ,,2
IDeA30473E,v12_arm_1,,,2023-11-21,12:50,1,,aoceesay,2
IDeA30478J,v12_arm_1,,,2023-11-29,09:16,1,,ncamara,2
IDeA30479B,v1_arm_1,,,2023-10-18,11:27,1,,fobah,2
IDeA30479B,v12_arm_1,,,2024-01-10,10:32,1,,fobah,2
IDeA30489F,v1_arm_1,,,2023-07-31,09:27,1,,kbajo,2
IDeA30489F,v12_arm_1,,,2023-10-23,11:12,1,,sgaye ,2
IDeA30490H,v1_arm_1,,,2023-08-29,10:49,1,,fobah,2
IDeA30490H,v12_arm_1,,,2023-11-21,12:54,0,No stool,,2
IDeA30491A,v1_arm_1,,,2023-07-31,09:43,1,,kbajo,2
IDeA30491A,v12_arm_1,,,2023-10-23,12:13,1,,sgaye ,2
IDeA30493C,v1_arm_1,,,2023-07-31,09:45,0,,,2
IDeA30493C,v12_arm_1,,,2023-10-23,11:05,0,No stool ,,2
IDeA30494B,v1_arm_1,,,2023-11-03,09:49,1,,psfofana,2
IDeA30495F,v1_arm_1,,,2023-07-31,09:53,1,,kbajo,2
IDeA30495F,v12_arm_1,,,2023-10-23,11:09,1,,sgaye ,2
IDeA30500E,v1_arm_1,,,2023-07-31,09:29,1,,kbajo,2
IDeA30500E,v12_arm_1,,,2023-10-23,11:13,1,,sgaye ,2
IDeA30504J,v12_arm_1,,,2023-11-21,12:55,0,No stool,,2
IDeA30509K,v1_arm_1,,,2023-08-29,10:58,1,,fobah,2
IDeA30509K,v12_arm_1,,,2023-11-21,12:57,0,No stool,,2
IDeA30513E,v1_arm_1,,,2023-08-29,11:01,1,,fobah,2
IDeA30513E,v12_arm_1,,,2023-11-21,12:59,1,,aoceesay,2
IDeA30514C,v1_arm_1,,,2023-09-05,11:12,1,,sgaye,2
IDeA30514C,v12_arm_1,,,2023-11-28,10:54,0,No stool ,,2
IDeA30516K,v1_arm_1,,,2023-09-05,11:13,1,,sgaye,2
IDeA30517F,v12_arm_1,,,2024-01-03,11:17,0,No stool,,2
IDeA30518J,v12_arm_1,,,2024-01-03,11:11,0,No Stool,,2
IDeA30519B,v1_arm_1,,,2023-10-04,11:01,1,,fobah ,2
IDeA30519B,v12_arm_1,,,2023-12-27,11:24,0,No stool ,,2
IDeA30523J,v12_arm_1,,,2023-11-28,11:08,0,No stool,,2
IDeA30528A,v1_arm_1,,,2023-10-25,10:05,0,The child dit not pass stool within the requested time,,2
IDeA30529F,v1_arm_1,,,2023-09-19,10:35,0,No stool ,kbajo,2
IDeA30538G,v1_arm_1,,,2023-10-25,10:10,1,,sgaye,2
IDeA30543D,v1_arm_1,,,2023-10-18,11:09,1,,fobah,2
IDeA30543D,v12_arm_1,,,2024-01-10,10:28,0,No stool ,,2
IDeA30547K,v1_arm_1,,,2023-09-19,10:47,0,No ,kbajo,2
IDeA30548H,v1_arm_1,,,2023-09-19,10:31,0,No  stool ,,2
IDeA30552F,v1_arm_1,,,2023-09-19,10:42,0,No stool ,,2
IDeA30553A,v1_arm_1,,,2023-09-19,10:39,1,,kbajo,2
IDeA30554K,v1_arm_1,,,2023-09-19,11:10,1,,kbajo,2
IDeA30555J,v12_arm_1,,,2023-12-19,10:51,0,No stool,,2
IDeA30559G,v1_arm_1,,,2023-10-18,11:13,1,,fobah,2
IDeA30559G,v12_arm_1,,,2024-01-10,10:26,1,,fobah,2
IDeA30560F,v12_arm_1,,,2024-01-03,11:17,0,No Stool,,2
IDeA30561J,v12_arm_1,,,2024-01-03,11:18,0,No stool ,,2
IDeA30568D,v1_arm_1,,,2023-10-04,12:00,1,,kbajo,2
IDeA30568D,v12_arm_1,,,2023-12-27,09:23,1,,Kbajo,2
IDeA30570J,v1_arm_1,,,2023-10-04,11:59,1,,kbajo,2
IDeA30570J,v12_arm_1,,,2024-01-03,11:05,0,No Stool,,2
IDeA30574D,v1_arm_1,,,2023-10-05,15:01,1,,isjammeh,2
IDeA30574D,v12_arm_1,,,2023-12-27,11:19,0,No stool ,,2
IDeA30582J,v12_arm_1,,,2023-12-19,10:54,0,No stool,fobah,2
IDeA30583B,v1_arm_1,,,2023-10-04,10:58,1,,fobah ,2
IDeA30583B,v12_arm_1,,,2023-12-27,11:29,0,No stool ,,2
IDeA30584E,v1_arm_1,,,2023-10-18,11:20,1,,fobah,2
IDeA30587H,v1_arm_1,,,2023-10-05,13:40,1,,kbbayo,2
IDeA30587H,v12_arm_1,,,2023-12-27,09:37,1,,kbajo,2
IDeA30593H,v12_arm_1,,,2023-12-27,11:14,0,No stool ,,2
IDeA30596J,v1_arm_1,,,2023-10-04,12:50,1,,fobah ,2
IDeA30600C,v1_arm_1,,,2023-10-24,10:04,0,The participantdoes not produce stool .,,2
