cons_recordid_q1,redcap_event_name,redcap_repeat_instrument,redcap_repeat_instance,wdra_date_q1,wdra_staff_q2,wdra_reason_q3___1,wdra_reason_q3___2,wdra_reason_q3___3,wdra_reason_q3___4,wdra_reason_q3___5,wdra_reason_q3___6,wdra_reason_q3___7,a_if_other_specify,wdra_comment_q4,withdrawal_complete
IDeA30017E,unscheduled_tasks_arm_1,,,2024-03-26,kbajo,0,0,0,0,0,0,1,,Loss for follow up ,2
IDeA30026E,unscheduled_tasks_arm_1,,,2023-06-24,Kbbayo ,0,0,0,0,0,0,1,Loss to follow up,,2
IDeA30028G,unscheduled_tasks_arm_1,,,2023-07-20,Kbbayo ,0,0,0,0,0,0,1,Loss for follow up,"The  participant travelled for a week, later came back and withdrew without any reason ",2
IDeA30078D,unscheduled_tasks_arm_1,,,2023-05-15,ncamara,0,1,0,0,0,0,0,,,2
IDeA30095H,unscheduled_tasks_arm_1,,,2023-07-10,psfofana,0,0,0,0,0,0,1,Lost to follow up,,2
IDeA30097D,unscheduled_tasks_arm_1,,,2023-07-09,psfofana,0,0,0,0,0,0,1,Lost to follow up,,2
IDeA30107J,unscheduled_tasks_arm_1,,,2023-05-15,ncamara,0,1,0,0,0,0,0,,,2
IDeA30110J,unscheduled_tasks_arm_1,,,2023-06-21,abjallow,0,0,0,0,0,0,1,Lost to follow up,"Child was supplemented the first day, however mother refused subsequent supplementation",2
IDeA30113F,unscheduled_tasks_arm_1,,,2023-06-09,fobah,0,1,0,0,0,0,0,,They declined  after  pr_screening ,2
IDeA30128J,unscheduled_tasks_arm_1,,,2023-05-15,ncamara,0,1,0,0,0,0,0,,,2
IDeA30135K,unscheduled_tasks_arm_1,,,2024-01-23,kbajo,0,0,0,0,0,0,1,Loss for follow up ,,2
IDeA30137G,unscheduled_tasks_arm_1,,,2023-05-23,kbajo,0,1,0,0,0,0,0,,,2
IDeA30141F,unscheduled_tasks_arm_1,,,2023-05-15,ncamara,0,1,0,0,0,0,0,,,2
IDeA30179J,unscheduled_tasks_arm_1,,,2024-01-22,fobah,0,0,0,0,0,0,1,Loss to follow up,,2
IDeA30193K,unscheduled_tasks_arm_1,,,2023-05-26,Mjarjusey,0,0,0,0,0,0,1,Lost to follow up,Participant have migrated to kombo,2
IDeA30200J,unscheduled_tasks_arm_1,,,2023-09-06,sgaye ,0,1,0,0,0,0,0,,,2
IDeA30205G,unscheduled_tasks_arm_1,,,2023-05-23,kbajo,0,1,0,0,0,0,0,,,2
IDeA30209H,unscheduled_tasks_arm_1,,,2023-05-29,Fobah,0,1,0,0,0,0,0,,,2
IDeA30213H,unscheduled_tasks_arm_1,,,2024-01-23,kbajo,0,0,0,0,0,0,1,Loss for follow up ,,2
IDeA30225D,unscheduled_tasks_arm_1,,,2023-07-13,snjie,0,1,0,0,0,0,0,,,2
IDeA30234J,unscheduled_tasks_arm_1,,,2023-06-19,kbajo,0,0,0,0,0,0,1,Lost to follow up,"This participant is not eligible as his/her haemoglobin was normal. However, he/she was randomised mistakenly. ",2
IDeA30244B,unscheduled_tasks_arm_1,,,2023-05-29,Fobah ,0,1,0,0,0,0,0,,,2
IDeA30252H,unscheduled_tasks_arm_1,,,2023-05-23,kbajo,0,1,0,0,0,0,0,,,2
IDeA30266F,unscheduled_tasks_arm_1,,,2023-05-15,ncamara,0,1,0,0,0,0,0,,,2
IDeA30269J,unscheduled_tasks_arm_1,,,2023-05-15,ncamara,1,0,0,0,0,0,0,,,2
IDeA30277C,unscheduled_tasks_arm_1,,,2023-05-21,fobah,0,0,0,0,0,0,1,Lost to follow up,Participant have migrated to kombo,2
IDeA30281J,unscheduled_tasks_arm_1,,,2023-05-23,kbajo,0,1,0,0,0,0,0,,,2
IDeA30282G,unscheduled_tasks_arm_1,,,2023-09-13,sgaye ,1,0,0,0,0,0,0,,,2
IDeA30290B,unscheduled_tasks_arm_1,,,2023-06-11,fobah,0,0,0,0,0,0,1,Lost to follow up,"The father said since the child started taken the supplement the  child is losing weight, so he decided to withdraw ",2
IDeA30294K,unscheduled_tasks_arm_1,,,2023-07-25,OEC,0,0,0,0,0,0,1,Loss for follow up ,,2
IDeA30298C,unscheduled_tasks_arm_1,,,2023-05-19,kb,0,0,0,0,0,0,1,Lost to follow up,,2
IDeA30310C,unscheduled_tasks_arm_1,,,2023-05-15,fobah,0,1,0,0,0,0,0,,,2
IDeA30320G,unscheduled_tasks_arm_1,,,2023-05-16,sgaye ,0,1,0,0,0,0,0,,,2
IDeA30324A,unscheduled_tasks_arm_1,,,2023-05-15,ncamara,0,1,0,0,0,0,0,,,2
IDeA30327K,unscheduled_tasks_arm_1,,,2023-12-27,fobah,0,0,0,0,0,0,1,Loss to follow up ,,2
IDeA30341H,unscheduled_tasks_arm_1,,,2023-06-05,OEC,0,1,0,0,0,0,0,,Mother declined consent to participate. Mother refused blood collection from the child,2
IDeA30363G,unscheduled_tasks_arm_1,,,2023-11-21,fobah,0,0,0,0,0,0,1,Loss for follow up , ,2
IDeA30369K,unscheduled_tasks_arm_1,,,2023-06-21,OEC,0,1,0,0,0,0,0,,,2
IDeA30376J,unscheduled_tasks_arm_1,,,2023-08-12,sgaye ,0,0,0,0,0,0,1,Lost to follow up,,2
IDeA30381A,unscheduled_tasks_arm_1,,,2023-08-30,sgaye ,0,0,0,0,0,0,1,Lost to follow up,,2
IDeA30393F,unscheduled_tasks_arm_1,,,2024-01-22,fobah,0,0,0,0,0,0,1,Loss to follow up ,,2
IDeA30402F,unscheduled_tasks_arm_1,,,2024-01-22,fobah,0,0,0,0,0,0,1,Loss to follow up ,,2
IDeA30406D,unscheduled_tasks_arm_1,,,2023-07-12,kbajo,0,0,0,0,0,0,1,Lost to follow up,,2
IDeA30416A,unscheduled_tasks_arm_1,,,2024-01-22,fobah,0,0,0,0,0,0,1,Loss to follow up ,,2
IDeA30451D,unscheduled_tasks_arm_1,,,2023-07-17,OEC,0,1,0,0,0,0,0,,Parents refused blood collection and declined consent,2
IDeA30462J,unscheduled_tasks_arm_1,,,2023-09-13,sgaye ,1,0,0,0,0,0,0,,,2
IDeA30466G,unscheduled_tasks_arm_1,,,2024-01-22,fobah,0,0,0,0,0,0,1,Loss for follow up ,,2
IDeA30501C,unscheduled_tasks_arm_1,,,2024-01-22,fobah,0,0,0,0,1,0,0,,Loss to follow up ,2
IDeA30537J,unscheduled_tasks_arm_1,,,2023-11-02,fobah,0,1,0,0,0,0,0,,,2
