Participant ID,USS Date,USS Type,Status
IN-M-001E,2023-08-10,1,week 28 completed
IN-M-002H,2023-07-20,1,week 28 completed
IN-M-004F,2023-07-20,1,week 28 completed
IN-M-005J,2023-07-10,1,week 28 completed
IN-M-007A,2023-08-03,1,week 28 completed
IN-M-009K,2023-07-03,1,week 28 completed
IN-M-011C,2023-07-24,1,week 28 completed
IN-M-012B,2023-07-27,1,week 28 completed
IN-M-013D,2023-07-31,1,week 28 completed
IN-M-014D,2023-08-10,1,week 28 completed
IN-M-016F,2023-07-03,1,week 28 completed
IN-M-018C,2023-06-22,1,week 28 completed
IN-M-020G,2023-07-13,1,week 28 completed
IN-M-021K,2023-07-03,1,week 28 completed
IN-M-026F,2023-08-10,1,week 28 completed
IN-M-027E,2023-07-10,1,week 28 completed
IN-M-028G,2023-07-31,1,week 28 completed
IN-M-031D,2023-08-11,1,week 28 completed
IN-M-033K,2023-08-14,1,week 28 completed
IN-M-046J,2023-08-14,1,week 28 completed
IN-M-048E,2023-08-14,1,week 28 completed
IN-M-053K,2023-08-10,1,week 28 completed
IN-M-058J,2023-08-14,1,week 28 completed
V-IND001,2023-05-15,1,week 28 completed
