con_participantid_q1,redcap_event_name,redcap_repeat_instrument,redcap_repeat_instance,con_patic_initial_q3,con_dob_q4,con_date_q5,con_time_q5a,con_age,con_consent_obtained_q6,con_why_not_consent_q6a,con_language_q7,con_impartialwitness_q8,con_impartial_wit_name_q8a,con_comment_q9,con_eden_participant_q10,con_participant_eden_num_q11,con_source_document_q11a,con_cluster_q12,con_completeby_q13,con_verifier_q14,consent_complete
IN-M-001E,recruitment_arm_1,,,NS,1984-01-20,2023-04-03,13:08,39.2,1,,1,1,Maimuna Ceesay ,,1,EDN0079-E,1680530895005.jpg,2,kyceesay,6,2
IN-M-002H,recruitment_arm_1,,,OT,1990-06-03,2023-04-03,15:02,32.8,1,,1,1,Maimuna Ceesay ,,1,EDN0313-B,1680553510837.jpg,2,otbah,6,2
IN-M-003A,recruitment_arm_1,,,FD,1987-02-03,2023-04-03,16:46,36.2,1,,1,1,Maimuna Ceesay ,,1,EDN1004-D,1680545015921.jpg,2,kyceesay,6,2
IN-M-004F,recruitment_arm_1,,,BC,1992-03-31,2023-04-04,10:13,31,1,,1,1,Maimuna ceesay,,1,EDN0765-K,1680606976986.jpg,1,otbah,6,2
IN-M-005J,recruitment_arm_1,,,JB,1983-11-21,2023-04-04,10:49,39.4,1,,1,1,Maimuna Ceesay ,,1,EDN0556-D,1680608247677.jpg,1,kyceesay,6,2
IN-M-006H,recruitment_arm_1,,,FN,2002-09-01,2023-04-04,11:45,20.6,1,,1,1,Maimuna Ceesay ,,1,EDN0702-H,1680623024549.jpg,1,kyceesay,6,2
IN-M-007A,recruitment_arm_1,,,JL,1992-01-11,2023-04-04,13:15,31.2,1,,2,1,HAWA M BALDEH ,,1,EDN0421-K,1680617332516.jpg,1,otbah,6,2
IN-M-008D,recruitment_arm_1,,,MS,1991-12-01,2023-04-05,10:25,31.3,1,,1,1,Mariama Ceesay ,,1,EDN0769-C,1680691809810.jpg,1,otbah,6,2
IN-M-009K,recruitment_arm_1,,,KJ,2003-08-21,2023-04-05,11:19,19.6,1,,1,1,Maimuna Ceesay ,,1,EDN0681-D,1682521889542.jpg,1,kyceesay,6,2
IN-M-010F,recruitment_arm_1,,,JB,1988-07-10,2023-04-05,11:26,34.7,1,,2,1,Maimuna Ceesay ,,1,EDN0924-F,1681214495917.jpg,1,otbah,6,2
IN-M-011C,recruitment_arm_1,,,FJ,1993-09-13,2023-04-05,13:00,29.6,1,,1,1,Maimuna Ceesay ,,1,EDN0688-E,1680703430282.jpg,1,kyceesay,6,2
IN-M-012B,recruitment_arm_1,,,IG,1988-05-10,2023-04-05,12:48,34.9,1,,2,1,Hawa  M Baldeh ,,1,EDN0635-B,1680701206679.jpg,1,otbah,6,2
IN-M-013D,recruitment_arm_1,,,IF,1993-01-22,2023-04-11,10:59,30.2,1,,1,1,Suwaibou Manneh,,1,EDN0202-E,1681212141928.jpg,2,kyceesay,6,2
IN-M-014D,recruitment_arm_1,,,HJ,1998-09-30,2023-04-11,11:22,24.5,1,,2,1,Hawa Baldeh,,1,EDN0240-H,1681213632129.jpg,2,otbah,6,2
IN-M-015H,recruitment_arm_1,,,BC,1998-07-01,2023-04-11,13:04,24.8,1,,1,1,Hawa Baldeh ,,1,EDN1080-E,20230411_133948.jpg,1,otbah,6,2
IN-M-016F,recruitment_arm_1,,,KJ,1996-06-13,2023-04-11,14:03,26.8,1,,1,1,Hawa Baldeh ,,1,EDN0323-D,20230411_142717.jpg,1,otbah,6,2
IN-M-017E,recruitment_arm_1,,,FS,2003-03-22,2023-04-12,10:21,20.1,1,,1,1,Suwaibou Manneh ,,1,EDN0759-K,16812955679853791943354366210122.jpg,1,kyceesay,6,2
IN-M-018C,recruitment_arm_1,,,JM,1991-10-18,2023-04-12,11:24,31.5,1,,1,1,Fatou Bajo,,1,EDN0628-C,20230412_114348.jpg,1,otbah,6,2
IN-M-019C,recruitment_arm_1,,,JM,1994-10-15,2023-04-12,11:10,28.5,1,,1,1,Suwaibou Manneh ,,1,EDN0904-A,16812986896394780551399558557283.jpg,1,kyceesay,6,2
IN-M-020G,recruitment_arm_1,,,OC,1992-01-17,2023-04-12,12:43,31.2,1,,1,1,Fatou Bajo,,1,EDN0693-E,20230412_130230.jpg,1,otbah,6,2
IN-M-021K,recruitment_arm_1,,,MJ,1985-05-08,2023-04-13,10:15,37.9,1,,2,1,Hawa Baldeh ,,1,EDN0920-A,1681383364063.jpg,1,otbah,6,2
IN-M-022E,recruitment_arm_1,,,KM,2001-11-18,2023-04-13,10:30,21.4,1,,1,1,Maimuna Ceesay,,1,EDN0646-A,1681730097742.jpg,1,msumbunu,6,2
IN-M-023A,recruitment_arm_1,,,AS,1994-02-25,2023-04-17,10:11,29.1,1,,1,1,Maimuna Ceesay,,1,EDN1007-G,1681727991758.jpg,2,msumbunu,6,2
IN-M-024D,recruitment_arm_1,,,FT,1997-03-31,2023-04-18,10:50,26,1,,1,1,Maimuna Ceesay ,,1,EDN0511-G,1681817049413.jpg,1,otbah,6,2
IN-M-025G,recruitment_arm_1,,,IS,1991-06-22,2023-04-18,11:19,31.8,1,,1,1,Maimuna Ceesay ,,1,EDN0762-B,1681825801210.jpg,1,msumbunu,6,2
IN-M-026F,recruitment_arm_1,,,FC,1992-06-15,2023-04-26,09:16,30.9,1,,1,1,Suwaibou Manneh ,,1,EDN1024-X,1682503683043.jpg,1,msumbunu,6,2
IN-M-027E,recruitment_arm_1,,,DN,1996-10-06,2023-04-26,09:38,26.6,1,,1,1,Suwaibou Manneh,,1,EDN0025-F,1682504673244.jpg,2,otbah,6,2
IN-M-028G,recruitment_arm_1,,,IJ,1996-02-29,2023-04-26,11:06,27.2,1,,1,1,Suwaibou Manneh ,,1,EDN0034-D,1682509479752.jpg,2,kyceesay,6,2
IN-M-029D,recruitment_arm_1,,,BS,1992-07-16,2023-04-26,11:15,30.8,1,,1,1,Suwaibou Manneh ,,1,EDN1023-W,20230426_112457.jpg,2,otbah,6,2
IN-M-030C,recruitment_arm_1,,,TJ,1987-12-25,2023-04-26,11:44,35.3,1,,2,1,Suwaibou Manneh ,,1,EDN0394-D,20230426_151613.jpg,1,msumbunu,6,2
IN-M-031D,recruitment_arm_1,,,BC,1994-08-17,2023-04-27,09:23,28.7,1,,1,1,Suwaibou Manneh ,,1,EDN0964-B,1682588352998.jpg,1,kyceesay,19,2
IN-M-032D,recruitment_arm_1,,,FS,1991-12-11,2023-04-27,09:49,31.4,1,,1,1,Maimuna Ceesay ,,1,EDN0816-E,1682597245705.jpg,1,msumbunu,19,2
IN-M-033K,recruitment_arm_1,,,MS,2002-12-20,2023-04-27,10:28,20.4,1,,1,1,Suwaibou Manneh ,,1,EDN0957-A,1682592409303.jpg,1,kyceesay,19,2
IN-M-034A,recruitment_arm_1,,,BM,1988-01-05,2023-04-27,11:13,35.3,1,,1,1,Maimuna Ceesay ,,1,EDN1030-E,1682592318634.jpg,1,msumbunu,19,2
IN-M-035J,recruitment_arm_1,,,IJ,2000-07-02,2023-05-17,12:04,22.9,1,,1,1,Sirreh Samateh,,1,EDN0838-C,20230517_123853.heic,1,kyceesay,6,2
IN-M-036E,recruitment_arm_1,,,MS,1996-04-18,2023-05-17,13:27,27.1,1,,1,1,Sirreh Samateh,,1,EDN1072-V,20230517_135011.heic,1,kyceesay,6,2
IN-M-037H,recruitment_arm_1,,,MJ,1992-03-01,2023-05-18,09:26,31.2,1,,2,1,ISATOU JOBE,,0,,20230518_104144.heic,2,kyceesay,6,2
IN-M-038A,recruitment_arm_1,,,KB,1998-04-24,2023-05-18,09:53,25.1,1,,2,1,ISATOU JOBE,,0,,20230518_104419.heic,2,kyceesay,,2
IN-M-039J,recruitment_arm_1,,,JN,1995-03-12,2023-05-18,11:38,28.2,1,,1,1,ISATOU JOBE,,0,,20230518_120140.heic,1,kyceesay,6,2
IN-M-040F,recruitment_arm_1,,,JK,1996-07-02,2023-05-22,10:15,26.9,1,,1,1,Maimuna Ceesay,,1,EDN0909-J,20230522_103733.heic,1,kyceesay,6,2
IN-M-041B,recruitment_arm_1,,,FJ,1999-07-02,2023-05-22,11:08,23.9,1,,1,1,Maimuna Ceesay ,,0,,20230522_115144.heic,1,kyceesay,6,2
IN-M-042F,recruitment_arm_1,,,FC,1995-01-21,2023-05-22,11:39,28.3,1,,1,1,Maimuna Ceesay ,,1,EDN0597-G,20230522_120744.heic,1,kyceesay,6,2
IN-M-043H,recruitment_arm_1,,,JM,1998-12-16,2023-05-23,10:53,24.4,1,,1,1,Isatou Jobe,,1,EDN0359-E,20230523_114920.heic,1,kkora,6,2
IN-M-044H,recruitment_arm_1,,, FC,1989-10-06,2023-05-23,11:59,33.6,1,,1,1,Isatou Jobe,,1,EDN0534-B,20230523_123439.heic,2,kkora,6,2
IN-M-045B,recruitment_arm_1,,,DT,1996-12-07,2023-05-23,13:05,26.5,1,,1,1,Isatou Jobe,,0,,20230523_153949.jpg,1,kkora,6,2
IN-M-046J,recruitment_arm_1,,,AB,1990-01-07,2023-05-24,09:44,33.4,1,,1,1,maimuna Ceesay,,1,EDN1015-O,20230524_101053.heic,1,kyceesay,6,2
IN-M-047B,recruitment_arm_1,,,FT,1985-10-28,2023-05-24,12:19,37.6,1,,1,1,Maimuna  Ceesay,,0,,20230524_122804.jpg,1,kkora,6,2
IN-M-048E,recruitment_arm_1,,,IS,1988-04-14,2023-05-30,10:58,35.1,1,,1,1,maimuna Ceesay,,1,EDN0066-H,20230530_121454.heic,2,kkora,6,2
IN-M-049G,recruitment_arm_1,,,JK,1994-07-06,2023-05-30,11:14,28.9,1,,1,1,Maimuna Ceesay,,0,,20230530_121129.heic,1,msumbunu,6,2
IN-M-050K,recruitment_arm_1,,,HJ,1992-07-02,2023-05-30,12:35,30.9,1,,2,1,Maimuna Ceesay,,1,EDN0880-J,20230530_132703.jpg,1,msumbunu,6,2
IN-M-051E,recruitment_arm_1,,,SD,1995-03-19,2023-06-01,12:35,28.2,1,,1,1,Maimuna Ceesay,,1,EDN0794-A,20230601_115453.heic,1,kyceesay,19,2
IN-M-052C,recruitment_arm_1,,,PG,2000-04-15,2023-06-12,15:28,23.2,1,,1,1,Suwaibou Manneh,,1,EDN0132-B,20230612_170824.heic,2,kyceesay,6,2
IN-M-053K,recruitment_arm_1,,,YN,1989-03-06,2023-06-13,10:54,34.3,1,,1,1,Isatou Jobe,,1,EDN1017-G,1686655437282.jpg,1,kyceesay,5,2
IN-M-054E,recruitment_arm_1,,,ND,1985-03-03,2023-06-13,12:36,38.3,1,,1,1,Isatou Jobe ,,1,EDN0856-F,,1,kyceesay,19,2
IN-M-055E,recruitment_arm_1,,,OS,1992-06-12,2023-06-14,11:55,31,1,,1,1,Isatou Jobe,,1,EDN0734-E,20230615_160918.jpg,1,otbah,6,2
IN-M-056J,recruitment_arm_1,,,HT,2002-04-12,2023-06-14,10:32,21.2,1,,1,1,Isatou Jobe ,,1,EDN0435-E,20230614_120530.heic,1,msumbunu,6,2
IN-M-057J,recruitment_arm_1,,,HS,1990-12-11,2023-06-14,12:14,32.5,1,,1,1,Isatou Jobe,,1,EDN0714-G,20230615_161000.jpg,1,kkora,6,2
IN-M-058J,recruitment_arm_1,,,IJ,2001-06-15,2023-06-22,10:15,22,1,,2,1,Isatou Jobe ,,0,,20230822_130242.jpg,1,msumbunu,19,2
IN-M-059G,recruitment_arm_1,,,JS,1985-07-16,2023-06-22,12:11,37.9,1,,1,1,Maimuna Tamba,,0,,20230622_130107.jpg,1,kkora,22,2
IN-M-060G,recruitment_arm_1,,,KC,1988-01-11,2023-06-22,11:46,35.4,1,,1,1,Isatou Jobe ,,0,,20230622_120318.heic,1,msumbunu,22,2
IN-M-061B,recruitment_arm_1,,,MS,1985-10-06,2023-07-03,10:04,37.7,1,,1,1,Maimuna Tamba,,1,EDN1051-Z,20230703_103913.heic,1,msumbunu,22,2
IN-M-062B,recruitment_arm_1,,,IS,1993-08-30,2023-06-22,10:14,29.8,1,,1,1,Maimuna Tamba,,0,,20230622_111035.jpg,1,kkora,22,2
IN-M-063E,recruitment_arm_1,,,FN,2002-03-27,2023-07-03,11:43,21.3,1,,1,1,Maimuna Tamba,,0,,20230703_121502.jpg,1,kyceesay,19,2
IN-M-064D,recruitment_arm_1,,,MF,1987-07-17,2023-07-06,10:35,36,1,,1,1,Maimuna Ceesay ,,1,EDN0539-D,20230706_101524.heic,2,msumbunu,22,2
IN-M-065H,recruitment_arm_1,,,NJ,2000-06-10,2023-07-06,11:17,23.1,1,,1,1,Maimuna Ceesay ,,0,,20230706_114353.heic,2,msumbunu,22,2
IN-M-066B,recruitment_arm_1,,,FS,1995-11-02,2023-07-06,11:06,27.7,1,,1,1,Maimuna Ceesay ,,0,,20230706_122416.heic,2,msumbunu,22,2
IN-M-067H,recruitment_arm_1,,,NF,1994-07-22,2023-07-06,12:20,29,1,,1,1,Maimuna Tamba,,1,EDN0206-C,20230706_124238.jpg,2,kkora,6,2
IN-M-068B,recruitment_arm_1,,,FS,1993-09-10,2023-07-06,13:32,29.8,1,,1,1,Maimuna Tamba,,0,,20230706_140019.jpg,1,kkora,22,2
IN-M-069K,recruitment_arm_1,,,NC,2003-03-08,2023-07-06,12:50,20.3,1,,1,1,Maimuna Ceesay ,,0,,20230706_131545.heic,1,msumbunu,22,2
IN-M-070E,recruitment_arm_1,,,BC,1997-11-13,2023-07-06,14:07,25.6,1,,1,1,Maimuna Ceesay ,,0,,20230710_100805.jpg,1,msumbunu,6,2
IN-M-071F,recruitment_arm_1,,,NMF,2000-07-12,2023-07-10,11:47,23,1,,1,1,Maimuna Tamba,,1,EDN0199-E,20230726_094201.jpg,2,kkora,22,2
IN-M-072J,recruitment_arm_1,,,NY,1991-12-01,2023-07-06,14:08,31.6,1,,1,1,Maimuna Ceesay,,1,EDN1034-I,20230711_151556.heic,2,kyceesay,6,2
IN-M-073A,recruitment_arm_1,,,SC,1994-05-18,2023-07-10,12:37,29.1,1,,1,1,Maimuna Tamba,,0,,20230710_130837.jpg,2,kkora,22,2
IN-M-074F,recruitment_arm_1,,,OK,1998-02-02,2023-07-13,09:50,25.4,1,,1,1, Maimuna Tamba,,1,EDN0691-G,20230713_113239.jpg,1,kkora,19,2
IN-M-075A,recruitment_arm_1,,,AB,1991-11-21,2023-07-06,10:08,31.6,1,,1,1,suwaibou manneh,,1,EDN0641-J,20230713_102732.jpg,1,bceesay,19,2
IN-M-076H,recruitment_arm_1,,,AS,1996-11-12,2023-07-13,11:10,26.7,1,,1,1,Suwaibou Manneh,,1,EDN0751-C,20230713_113754.jpg,1,msumbunu,19,2
IN-M-077H,recruitment_arm_1,,,JJ,1991-04-05,2023-07-17,09:32,32.3,1,,1,1,Suwaibou Manneh ,,1,EDN0761-D,20230717_100642.heic,1,msumbunu,22,2
IN-M-078F,recruitment_arm_1,,,ID,1999-11-18,2023-07-17,09:58,23.7,1,,1,1,suwaibou manneh,,1,EDN0756-B,20230717_103110.jpg,1,bceesay,22,2
IN-M-079G,recruitment_arm_1,,,MS,1989-07-07,2023-07-17,11:05,34,1,,1,1,Maimuna Tamba ,,1,EDN0788-C,20230717_115113.jpg,1,kkora,22,2
IN-M-080D,recruitment_arm_1,,,BK,1987-02-15,2023-07-17,10:54,36.4,1,,1,1,Suwaibou Manneh ,,0,,20230717_113935.heic,1,msumbunu,22,2
IN-M-081D,recruitment_arm_1,,,FD,1988-06-11,2023-07-17,11:48,35.1,1,,1,1,suwaibou manneh ,,1,EDN0078-D,20230717_122043.jpg,1,bceesay,22,2
IN-M-082E,recruitment_arm_1,,,MK,1985-05-26,2023-07-17,12:45,38.1,1,,1,1,Maimuna Tamba,,0,,20230717_131518.heic,1,kyceesay,6,2
IN-M-083H,recruitment_arm_1,,,NS,1991-08-20,2023-07-20,10:04,31.9,1,,1,1,Suwaibou manneh ,,1,EDN1079-D,20230720_103906.jpg,1,bceesay,6,2
IN-M-084C,recruitment_arm_1,,,AT,1984-07-02,2023-07-24,09:35,39.1,1,,1,1,Isatou Jobe,,1,EDN0617-K,20230724_104337.jpg,1,kkora,22,2
IN-M-085H,recruitment_arm_1,,,AB,1987-07-02,2023-07-24,09:55,36.1,1,,2,1,Isatou Jobe ,,1,EDN0449-K,20230724_100607.heic,2,msumbunu,22,2
IN-M-086J,recruitment_arm_1,,,FG,1999-12-02,2023-07-26,11:32,23.6,1,,1,1,Maimuna Tamba,,0,,20230726_125201.jpg,1,kkora,22,2
IN-M-087F,recruitment_arm_1,,,NM,1992-10-13,2023-07-31,10:00,30.8,1,,1,1,isatou jobe ,,1,EDN0485-B,20230731_111813.jpg,1,bceesay,22,2
IN-M-088J,recruitment_arm_1,,,NN,1984-02-25,2023-07-31,10:22,39.4,1,,1,1,isatou jobe,,1,EDN0895-B,20230731_105444.jpg,1,bceesay,22,2
IN-M-089F,recruitment_arm_1,,,JN,1984-06-12,2023-07-31,12:07,39.1,1,,1,1,Isatou Jobe,,1,EDN0743-F,20230731_131337.jpg,1,kkora,22,2
IN-M-090C,recruitment_arm_1,,,BMC,2000-03-09,2023-08-01,11:55,23.4,1,,1,1,Suwaibou Manneh,,0,,20230801_124004.jpg,1,kyceesay,6,2
IN-M-091K,recruitment_arm_1,,,RT,1986-01-03,2023-08-07,09:32,37.6,1,,1,1,Suwaibou Manneh ,,1,EDN0356-A,20230807_100522.jpg,1,msumbunu,6,2
IN-M-092F,recruitment_arm_1,,,HJ,1992-07-02,2023-08-07,12:34,31.1,1,,2,1,Suwaibou Manneh ,,1,EDN0991-F,20230807_125527.heic,2,msumbunu,6,2
IN-M-093E,recruitment_arm_1,,,FB,1996-02-02,2023-08-09,10:42,27.5,1,,1,1,suwaibou manneh ,,0,,20230809_110938.jpg,1,bceesay,22,2
IN-M-094C,recruitment_arm_1,,,FB,2003-10-29,2023-08-09,10:56,19.8,1,,1,1,Suwaibou Manneh,,0,,20230809_114254.jpg,1,kkora,22,2
IN-M-095K,recruitment_arm_1,,,FD,2002-12-21,2023-08-09,11:02,20.6,1,,1,1,Suwaibou Manneh,,0,,20230809_114447.heic,1,msumbunu,22,2
IN-M-096C,recruitment_arm_1,,,AN,1991-03-10,2023-08-09,10:01,32.4,1,,1,1,suwaibou manneh ,,1,EDN0551-H,20230809_115130.jpg,1,bceesay,22,2
IN-M-097K,recruitment_arm_1,,,MN,1995-07-02,2023-08-17,10:56,28.1,1,,1,1,suwaibou manneh ,,0,,20230817_120258.jpg,1,bceesay,6,2
IN-M-098F,recruitment_arm_1,,,NS,1984-03-15,2023-08-21,09:52,39.4,1,,1,1,suwaibou manneh ,,1,EDN0754-J,20230821_102617.jpg,1,bceesay,6,2
IN-M-099A,recruitment_arm_1,,,KJ,1996-05-12,2023-08-21,11:04,27.3,1,,1,1,suwaibou manneh ,,1,EDN0647-B,20230821_113822.jpg,1,bceesay,6,2
IN-M-100G,recruitment_arm_1,,,SD,1999-01-12,2023-08-21,11:49,24.6,1,,1,1,suwaibou manneh ,,1,EDN0833-A,20230821_121627.jpg,1,bceesay,6,2
IN-M-101H,recruitment_arm_1,,,AS,1996-07-02,2023-08-24,11:27,27.1,1,,1,1,Maimuna Tamba,,1,EDN1081-F,20230824_114223.jpg,1,msumbunu,22,2
IN-M-102H,recruitment_arm_1,,,MD,1992-03-03,2023-08-28,11:42,31.5,1,,1,1,Isatou Jobe,,1,EDN0215-K,20230828_115759.jpg,2,bceesay,22,2
IN-M-103A,recruitment_arm_1,,,KC,1991-09-06,2023-08-28,12:37,32,1,,1,1,ISATOU JOBE ,,0,,20230828_130929.jpg,2,bceesay,22,2
IN-M-104G,recruitment_arm_1,,,JD,1988-04-16,2023-08-28,13:37,35.4,1,,1,1,isatou jobe ,,0,,20230828_135919.jpg,2,bceesay,22,2
IN-M-105F,recruitment_arm_1,,,NN,1986-07-02,2023-08-28,14:35,37.2,1,,1,1,isatou jobe ,,0,,20230828_145720.jpg,1,bceesay,22,2
IN-M-106H,recruitment_arm_1,,,KM,1985-03-06,2023-09-04,11:40,38.5,1,,1,1,suwaibou manneh ,,1,EDN0337-F,20230904_110047.jpg,1,bceesay,22,2
IN-M-107A,recruitment_arm_1,,,MB,1986-07-02,2023-09-04,11:52,37.2,1,,1,1,Suwaibou Manneh,,1,EDN1026-Z,20230904_141009.jpg,1,kkora,22,2
IN-M-108D,recruitment_arm_1,,,AB,1992-10-10,2023-09-04,12:44,30.9,1,,1,1,Suwaibou Manneh,,1,EDN0561-J,20230904_130106.jpg,1,kkora,22,2
IN-M-109D,recruitment_arm_1,,,AB,1995-05-15,2023-09-13,08:32,28.3,1,,2,1,Isatou Jobe ,,0,,20230913_105532.jpg,1,msumbunu,6,2
IN-M-110C,recruitment_arm_1,,,JS,1988-07-02,2023-09-13,09:29,35.2,1,,2,1,Isatou Jobe ,,0,,IMG_20230913_155336_4862.jpg,1,msumbunu,6,2
IN-M-111D,recruitment_arm_1,,,MS,1989-04-25,2023-09-13,10:36,34.4,1,,1,1,MAIMUNA TAMBA,,0,,IMG_20230913_134314_816.jpg,2,bceesay,6,2
IN-M-112D,recruitment_arm_1,,,NJ,1997-11-02,2023-09-13,11:23,25.9,1,,1,1,MAIMUNA TAMBA,,0,,IMG_20230913_134337_713.jpg,1,bceesay,6,2
IN-M-113G,recruitment_arm_1,,,FJ,1994-07-15,2023-09-13,12:42,29.2,1,,2,1,Isatou Jobe ,,0,,IMG_20230913_160136_5912.jpg,1,msumbunu,6,2
IN-M-114H,recruitment_arm_1,,,SC,2004-08-27,2023-09-13,12:17,19,1,,1,1,MAIMUNA TAMBA,,0,,IMG_20230913_131050_958.jpg,2,bceesay,6,2
IN-M-115E,recruitment_arm_1,,,AS,2002-07-02,2023-09-13,10:58,21.2,1,,2,1,Isatou Jobe ,,0,,IMG_20230913_160054_1512.jpg,1,msumbunu,6,2
IN-M-116D,recruitment_arm_1,,,MN,2003-07-02,2023-09-13,11:32,20.2,1,,2,1,Isatou Jobe ,,0,,IMG_20230913_160022_3192.jpg,1,msumbunu,6,2
IN-M-117F,recruitment_arm_1,,,NB,2004-12-14,2023-09-13,14:20,18.7,1,,1,1,maimuna tamba,,0,,IMG_20230913_155146_3082.jpg,1,bceesay,6,2
IN-M-118E,recruitment_arm_1,,,AM,1996-01-01,2023-09-14,09:52,27.7,1,,1,1,Maimuna Tamba,,0,,20230914_104551.heic,2,msumbunu,6,2
IN-M-119A,recruitment_arm_1,,,MT,1997-07-26,2023-09-20,10:01,26.2,1,,1,1,maimuna tamba,,0,,20230920_115121.jpg,2,bceesay,22,2
IN-M-120C,recruitment_arm_1,,,BM,1984-06-16,2023-09-20,10:38,39.3,1,,1,1,Maimuna Tamba,,0,,20230920_111009.jpg,1,kkora,22,2
IN-M-121C,recruitment_arm_1,,,BM,1992-06-30,2023-09-20,11:16,31.2,1,,1,1,SUWAIBOU MANNEH,,0,,20230920_115121.jpg,1,bceesay,22,2
IN-M-122F,recruitment_arm_1,,,BJ,2003-06-01,2023-09-20,11:44,20.3,1,,1,1,Maimuna Tamba,,0,,20230920_150311.jpg,1,kkora,20,2
IN-M-123A,recruitment_arm_1,,,MS,1997-05-28,2023-09-20,12:38,26.3,1,,1,1,Maimuna Tamba,,0,,20230920_131330.jpg,1,kkora,22,2
IN-M-124E,recruitment_arm_1,,,MK,1997-11-25,2023-09-20,13:20,25.8,1,,1,1,SUWAIBOU MANNEH,,0,,20230920_133819.jpg,1,bceesay,22,2
IN-M-125H,recruitment_arm_1,,,AS,1994-12-23,2023-09-26,09:25,28.8,1,,1,1,SUWAIBOU MANNEH,,0,,20230926_131321.jpg,1,bceesay,22,2
IN-M-126J,recruitment_arm_1,,,LJ,2005-03-20,2023-09-26,09:16,18.5,1,,2,1,Isatou Jobe,,0,,20230926_094500.jpg,1,kkora,,2
IN-M-127B,recruitment_arm_1,,,KB,2000-02-17,2023-09-26,10:07,23.6,1,,1,1,Isatou Jobe,,0,,20230926_104506.jpg,1,kkora,6,2
IN-M-128D,recruitment_arm_1,,,JB,2004-01-20,2023-09-26,11:23,19.7,1,,1,1,Maimuna Tamba,,0,,20230926_121151.jpg,1,kkora,6,2
IN-M-129E,recruitment_arm_1,,,IN,2000-12-15,2023-09-26,10:12,22.8,1,,1,1,SUWAIBOU MANNEH,,0,,20230926_131223.jpg,1,bceesay,6,2
IN-M-130F,recruitment_arm_1,,,BS,1997-01-09,2023-09-26,11:20,26.7,1,,1,1,SUWAIBOU MANNEH,,0,,20230926_131428.jpg,1,bceesay,6,2
IN-M-131H,recruitment_arm_1,,,SB,2002-09-02,2023-09-26,11:37,21.1,1,,2,1,Isatou Jobe ,,0,,20230926_120415.jpg,2,msumbunu,6,2
IN-M-132C,recruitment_arm_1,,,BS,1997-10-01,2023-09-26,12:02,26,1,,1,1,SUWAIBOU MANNEH,,0,,20230926_131525.jpg,1,bceesay,6,2
IN-M-133B,recruitment_arm_1,,,AD,1989-06-18,2023-09-26,12:18,34.3,1,,1,1,Isatou Jobe ,,0,,20230926_124141.jpg,2,msumbunu,,2
IN-M-134C,recruitment_arm_1,,,ms,2000-07-02,2023-10-04,09:36,23.3,1,,1,1,maimuna tamba,,0,,IMG_20231004_114603_458.jpg,1,bceesay,22,2
IN-M-135G,recruitment_arm_1,,,ML,2000-08-22,2023-10-09,10:09,23.1,1,,2,1,Mamiuna Tamba,,0,,20231009_103213.jpg,2,msumbunu,6,2
IN-M-136C,recruitment_arm_1,,,MS,2000-07-02,2023-10-09,10:52,23.3,1,,1,1,Maimuna Tamba,,0,,20231009_143120.jpg,2,msumbunu,6,2
IN-M-137B,recruitment_arm_1,,,RB,1994-07-02,2023-10-09,11:27,29.3,1,,1,1,Maimuna Tamba,,0,,20231009_115736.jpg,2,msumbunu,6,2
IN-M-138B,recruitment_arm_1,,,KJ,2002-08-13,2023-10-12,09:47,21.2,1,,1,1,Maimuna Ceesay,,0,,20231019_173843.jpg,2,bceesay,6,2
IN-M-139H,recruitment_arm_1,,,DC,1989-02-28,2023-10-12,10:50,34.6,1,,1,1,maimuna tamba ,,0,,20231012_113114.jpg,1,bceesay,,2
IN-M-140D,recruitment_arm_1,,,FS,1984-04-23,2023-10-18,09:36,39.5,1,,1,1,Isatou Jobe,,1,EDN0862-H,IMG_20231018_102122[1].jpg,1,msumbunu,,2
IN-M-141D,recruitment_arm_1,,,MM,1996-11-01,2023-10-12,12:01,26.9,1,,1,1,maimuna tamba ,,0,,20231012_132958.jpg,1,bceesay,,2
IN-M-142H,recruitment_arm_1,,,NC,1986-04-01,2023-10-12,10:52,37.5,1,,3,1,Maimuna Ceesay ,,1,EDN0063-J,IMG_20231012_112554_176.jpg,2,kyceesay,6,2
IN-M-143B,recruitment_arm_1,,,IB,1994-07-29,2023-10-12,11:47,29.2,1,,1,1,Maimuna Ceesay,,1,EDN0679-K,IMG_20231012_121607_970.jpg,1,kyceesay,6,2
IN-M-144A,recruitment_arm_1,,,FJ,2005-10-12,2023-10-12,13:00,18,1,,1,1,Maimuna Ceesay,,0,,IMG_20231012_132606_566.jpg,1,kyceesay,6,2
IN-M-145E,recruitment_arm_1,,,sc,1986-07-02,2023-10-16,09:16,37.3,1,,1,1,maimuna ceesay,,0,,IMG-20231016-WA0065.jpg,1,bceesay,6,2
IN-M-146H,recruitment_arm_1,,,js,1987-03-12,2023-10-16,10:24,36.6,1,,1,1,maimuna ceesay,,1,EDN0466-G,IMG-20231016-WA0066.jpg,1,bceesay,6,2
IN-M-147K,recruitment_arm_1,,,AS,1994-01-22,2023-10-16,10:46,29.7,1,,1,1,Maimuna Ceesay,,0,,IMG-20231016-WA0067.jpg,2,msumbunu,,2
IN-M-148E,recruitment_arm_1,,,AD,2003-05-15,2023-10-18,08:37,20.4,1,,1,1,Isatou Jobe,,1,EDN1104-D,IMG_20231018_091128[1].jpg,1,msumbunu,,2
IN-M-149K,recruitment_arm_1,,,fs,2003-05-16,2023-10-18,09:19,20.4,1,,1,1,maimuna Ceesay ,,1,EDN0487-C,20231018_102721.jpg,1,bceesay,6,2
IN-M-150H,recruitment_arm_1,,,ST,1994-03-02,2023-10-18,09:44,29.6,1,,1,1,maimuna Ceesay ,,1,EDN0575-G,20231018_103143.jpg,1,bceesay,6,2
IN-M-151B,recruitment_arm_1,,,JM,1985-07-07,2023-10-18,10:47,38.3,1,,1,1,Isatou Jobe,,1,EDN0649-E,IMG-20231018-WA0010[1].jpeg,1,msumbunu,,2
IN-M-152C,recruitment_arm_1,,,AS,1995-02-14,2023-10-23,09:08,28.7,1,,1,1,ISATOU JOBE,,1,EDN1109-I,20231023_095110.jpg,1,bceesay,,2
IN-M-153G,recruitment_arm_1,,,NS,1997-06-10,2023-10-23,09:33,26.4,1,,1,1,Maimuna Tamba,,1,EDN1013-M,20231023_101503.jpg,2,kkora,,2
IN-M-154D,recruitment_arm_1,,,MD,1998-01-02,2023-10-23,11:42,25.8,1,,2,1,ISATOU JOBE,,0,,IMG_20231023_171601_436.jpg,2,otbah,6,2
IN-M-155K,recruitment_arm_1,,,IF,1995-03-14,2023-10-23,12:41,28.6,1,,1,1,Maimuna Tamba,,0,,20231023_130750.jpg,2,bceesay,,2
IN-M-156B,recruitment_arm_1,,,KC,1988-05-17,2023-10-30,09:12,35.5,1,,1,1,Maimuna Tamba,,0,,20231030_113531.jpg,1,kkora,,2
IN-M-157F,recruitment_arm_1,,,mj,1987-04-18,2023-10-30,09:16,36.5,1,,1,1,isatou Jobe ,,0,,IMG_20231027_081714_099.jpg,1,bceesay,,2
IN-M-158A,recruitment_arm_1,,,FS,2004-09-13,2023-10-30,10:20,19.1,1,,1,1,Maimuna Tamba,,0,,20231030_113037.jpg,1,kkora,,2
IN-M-159C,recruitment_arm_1,,,HJ,2004-05-16,2023-10-30,11:46,19.5,1,,1,1,Maimuna Tamba,,1,EDN0746-C,20231030_124237.jpg,1,kkora,,2
IN-M-160G,recruitment_arm_1,,,HT,1990-10-14,2023-10-30,11:00,33,1,,1,1,isatou Jobe ,,0,,20231030_112038.jpg,2,bceesay,,2
IN-M-161D,recruitment_arm_1,,,FJ,1997-02-06,2023-10-30,11:46,26.7,1,,2,1,Isatou Jobe ,,0,,20231030_120122.jpg,2,msumbunu,,2
IN-M-162F,recruitment_arm_1,,,MJ,1990-07-09,2023-11-08,09:38,33.3,1,,2,1,Isatou Jobe ,,1,EDN0456-J,20231108_095723.jpg,2,msumbunu,,2
IN-M-163H,recruitment_arm_1,,,KS,1986-02-12,2023-11-08,09:45,37.7,1,,1,1,Maimuna Ceesay,,1,EDN0477-F,20231108_100445.jpg,1,bceesay,,2
IN-M-164K,recruitment_arm_1,,,JB,1994-10-11,2023-11-08,10:33,29.1,1,,1,1,maimuna Ceesay ,,1,EDN0573-F,20231108_110034.jpg,1,bceesay,,2
IN-M-165G,recruitment_arm_1,,,FB,2002-12-19,2023-11-08,10:45,20.9,1,,1,1,Isatou Jobe ,,0,,20231108_110539.jpg,2,msumbunu,,2
IN-M-166D,recruitment_arm_1,,,JS,1997-01-24,2023-11-08,11:42,26.8,1,,1,1,maimuna Ceesay ,,1,EDN0931-J,20231108_121354.jpg,1,bceesay,,2
IN-M-167G,recruitment_arm_1,,,JC,2000-02-07,2023-11-08,11:53,23.8,1,,1,1,Isatou Jobe ,,0,,20231108_122220.jpg,1,msumbunu,,2
IN-M-168K,recruitment_arm_1,,,MN,1999-06-30,2023-11-08,13:00,24.4,1,,1,1,maimuna Ceesay ,,1,EDN0704-C,20231108_132616.jpg,1,bceesay,,2
IN-M-169A,recruitment_arm_1,,,BS,1991-04-18,2023-11-09,10:16,32.6,1,,1,1,maimuna ceesay,,1,EDN0937-B,20231109_105101.jpg,1,bceesay,,2
IN-M-170D,recruitment_arm_1,,,BM,1991-03-22,2023-11-14,09:28,32.6,1,,1,1,MAIMUNA CEESAY,,0,,20231114_100305.jpg,1,bceesay,22,2
IN-M-171K,recruitment_arm_1,,,BM,1986-07-02,2023-11-14,09:15,37.4,1,,1,1,Maimuna Tamba,,0,,20231114_094842.jpg,1,kkora,22,2
IN-M-172G,recruitment_arm_1,,,NN,2003-02-11,2023-11-14,10:32,20.8,1,,1,1,maimuna ceesay,,0,,20231114_105229.jpg,1,bceesay,22,2
IN-M-173D,recruitment_arm_1,,,IN,1997-03-04,2023-11-14,10:26,26.7,1,,1,1,Maimuna Tamba,,0,,20231114_104933.jpg,1,kkora,6,2
IN-M-174J,recruitment_arm_1,,,KS,1998-07-26,2023-11-14,11:24,25.3,1,,1,1,Maimuna Tamba,,0,,20231114_115736.jpg,1,kkora,22,2
IN-M-175B,recruitment_arm_1,,,AM,1993-07-02,2023-11-14,12:01,30.4,1,,1,1,maimuna Ceesay ,,0,,IMG_20231114_124303_037.jpg,1,bceesay,22,2
IN-M-176A,recruitment_arm_1,,,AB,1988-10-31,2023-11-15,09:28,35,1,,1,1,Maimuna Ceesay ,,1,EDN0572-E,20231115_095045.jpg,1,bceesay,,2
IN-M-177H,recruitment_arm_1,,,KF,2002-10-30,2023-11-28,09:16,21.1,1,,1,1,maimuna Ceesay ,,1,EDN0235-H,20231128_101125.jpg,2,bceesay,,2
IN-M-178B,recruitment_arm_1,,,FD,1994-03-18,2023-11-28,10:33,29.7,1,,1,1,maimuna Ceesay ,,1,EDN0198-D,20231128_105346.jpg,2,bceesay,,2
IN-M-179J,recruitment_arm_1,,,AJ,2003-03-08,2023-12-05,09:24,20.7,1,,1,1,maimuna Ceesay ,,0,,20231205_094313.jpg,1,bceesay,,2
IN-M-180J,recruitment_arm_1,,,FMS,1997-01-26,2023-11-28,09:20,26.8,1,,1,1,Maimuna Tamba ,,0,,20231128_095843.jpg,2,kkora,,2
IN-M-181B,recruitment_arm_1,,,FS,1992-09-07,2023-11-28,10:25,31.2,1,,1,1,Maimuna Tamba ,,0,,20231128_104343.jpg,1,kkora,,2
IN-M-182K,recruitment_arm_1,,,FN,1990-04-28,2023-11-28,11:16,33.6,1,,1,1,Maimuna Tamba ,,0,,20231128_113957.jpg,1,kkora,,2
IN-M-183H,recruitment_arm_1,,,WC,1985-02-12,2023-12-05,10:35,38.8,1,,1,1,maimuna Ceesay ,,0,,20231205_105034.jpg,1,bceesay,,2
IN-M-184A,recruitment_arm_1,,,MB,1985-03-08,2023-12-12,09:28,38.8,1,,1,1,Maimuna Tamba ,,1,EDN0555-J,20231212_094933.jpg,1,kkora,,2
IN-M-185E,recruitment_arm_1,,,KS,1984-02-01,2023-12-12,10:01,39.9,1,,1,1,Maimuna Tamba ,,1,EDN0893-J,20231212_103825.jpg,1,kkora,,2
IN-M-186K,recruitment_arm_1,,,FT,1990-07-17,2023-12-19,09:35,33.4,1,,1,1,Maimuna Ceesay,,0,,20231219_101707.jpg,2,kkora,,2
IN-M-187B,recruitment_arm_1,,,ID,1996-03-10,2023-12-19,10:46,27.8,1,,1,1,Maimuna Ceesay ,,0,,20231219_112131.jpg,2,kkora,,2
IN-M-188B,recruitment_arm_1,,,MS,2004-06-06,2023-12-28,11:35,19.6,1,,1,1,Maimuna Ceesay ,,0,,20231228_122907.jpg,1,kkora,,2
IN-M-189C,recruitment_arm_1,,,FD,1987-05-26,2024-01-03,12:30,36.6,1,,1,1,Maimuna Ceesay ,,1,EDN0822-A,20240103_130240.jpg,1,kkora,,2
IN-M-190C,recruitment_arm_1,,,NN,1992-10-20,2024-01-04,12:47,31.2,1,,1,1,Maimuna Ceesay ,,0,,20240108_135944.jpg,1,kkora,,2
IN-M-191D,recruitment_arm_1,,,IT,2003-01-02,2024-01-04,13:38,21,1,,1,1,Maimuna Ceesay ,,0,,20240104_135651.jpg,2,kkora,,2
IN-M-192B,recruitment_arm_1,,,JN,2004-03-15,2024-01-04,14:38,19.8,1,,1,1,Maimuna Ceesay ,,0,,20240226_162159.jpg,2,kkora,,2
IN-M-193D,recruitment_arm_1,,,IC,2001-12-04,2024-01-08,10:15,22.1,1,,1,1,Maimuna Ceesay ,,0,,20240108_105152.jpg,2,kkora,,2
IN-M-194D,recruitment_arm_1,,,SD,1997-02-18,2024-01-08,11:20,26.9,1,,1,1,Maimuna Ceesay ,,0,,20240108_114555.jpg,1,kkora,,2
IN-M-195J,recruitment_arm_1,,,SS,2002-02-25,2024-01-10,09:20,21.9,1,,1,1,Maimuna Ceesay ,,0,,20240110_094731.jpg,1,kkora,,2
IN-M-196C,recruitment_arm_1,,,KD,1989-12-16,2024-01-11,11:05,34.1,1,,1,1,Maimuna Ceesay ,,0,,20240111_114312.jpg,1,kkora,,2
IN-M-197H,recruitment_arm_1,,,YB,1996-07-01,2024-01-15,12:26,27.5,1,,1,1,Maimuna Ceesay ,,0,,20240115_132349.jpg,2,otbah,,2
IN-M-198J,recruitment_arm_1,,,FS,1987-12-19,2024-01-18,12:36,36.1,1,,1,1,MAIMUNA CEESAY ,,1,EDN1029-D,20240118_123358.jpg,2,otbah,,2
IN-M-199G,recruitment_arm_1,,,HD,2004-05-20,2024-01-23,09:36,19.7,1,,1,1,MAIMUNA TAMBA,,0,,20240123_102237.jpg,1,otbah,,2
IN-M-200H,recruitment_arm_1,,,HC,1996-01-08,2024-01-23,09:31,28,1,,1,1,Isatpu Jobe,,0,,20240123_101339.jpg,1,kkora,,2
IN-M-201B,recruitment_arm_1,,,NM,1995-09-06,2024-01-23,10:50,28.4,1,,1,1,Isatou Jobe,,1,EDN0064-G,20240123_112422.jpg,1,kyceesay,,2
IN-M-202C,recruitment_arm_1,,,KJ,2004-11-05,2024-01-23,10:57,19.2,1,,1,1,MAIMUNA TANBA ,,0,,20240123_114019.jpg,1,otbah,,2
IN-M-203C,recruitment_arm_1,,,MFC,2000-11-04,2024-01-24,09:35,23.2,1,,1,1,Isatou Jobe,,0,,20240124_102207.jpg,1,kkora,,2
IN-M-204C,recruitment_arm_1,,,MC,1999-03-14,2024-01-24,10:43,24.9,1,,1,1,Isatou Jobe,,0,,20240124_112304.jpg,2,kkora,,2
IN-M-205D,recruitment_arm_1,,,MJ,2001-01-14,2024-01-24,11:36,23,1,,1,1,Isatou Jobe,,0,,20240124_120757.jpg,2,kkora,,2
IN-M-206F,recruitment_arm_1,,,KB,1999-09-12,2024-01-24,13:02,24.4,1,,2,1,MAIMUNA TAMBA ,,0,,20240124_133325.jpg,3,otbah,,2
IN-M-207C,recruitment_arm_1,,,JJ,1986-05-14,2024-01-24,10:30,37.7,1,,1,1,Maimuna Ceesay,,0,,20240124_105212.heic,2,kyceesay,,2
IN-M-208A,recruitment_arm_1,,,FD,2001-02-02,2024-01-24,10:50,23,1,,2,1,MAIMUNA TAMBA,,0,,20240124_112326.jpg,3,otbah,,2
IN-M-209D,recruitment_arm_1,,,FC,1995-05-07,2024-01-24,11:10,28.7,1,,1,1,Maimuna Ceesay,,0,,20240124_113723[1].heic,2,kyceesay,,2
IN-M-210A,recruitment_arm_1,,,FK,1988-02-28,2024-01-24,11:46,35.9,1,,1,1,Maimuna Ceesay,,0,,IMG_20240124_121928_354[1].jpg,2,kyceesay,,2
IN-M-211D,recruitment_arm_1,,,AS,1996-01-24,2024-01-24,12:00,28,1,,1,1,MAIMUNA TAMBA ,,0,,20240124_123709.jpg,3,otbah,,2
IN-M-212K,recruitment_arm_1,,,BS,1998-07-12,2024-01-30,09:53,25.6,1,,1,1,Isatou Jobe ,,0,,20240130_103346.heic,2,kkora,,2
IN-M-213G,recruitment_arm_1,,,WS,1991-04-15,2024-01-30,10:32,32.8,1,,1,1,Isatou Jobe ,,0,,20240201_110342.jpg,2,kkora,,2
IN-M-214F,recruitment_arm_1,,,MB,1987-01-01,2024-01-30,11:18,37.1,1,,1,1,Isatou Jobe ,,0,,20240130_114917.heic,2,kkora,,2
IN-M-215E,recruitment_arm_1,,,MD,1987-07-02,2024-01-30,12:05,36.6,1,,1,1,Isatou Jobe ,,0,,20240130_123140.heic,1,kkora,,2
IN-M-216F,recruitment_arm_1,,,SD,1994-01-03,2024-01-30,12:45,30.1,1,,1,1,Isatou Jobe ,,0,,20240130_131814.heic,1,otbah,,2
IN-M-217G,recruitment_arm_1,,,AK,1995-07-02,2024-02-08,12:55,28.6,1,,1,1,Maimuna Tamba,,0,,20240208_133110.jpg,2,kkora,,2
IN-M-218F,recruitment_arm_1,,,MS,2002-04-01,2024-02-12,10:05,21.9,1,,1,1,Maimuna Tamba ,,0,,20240212_102901.jpg,2,kkora,,2
IN-M-219H,recruitment_arm_1,,,JF,1992-09-03,2024-02-12,10:42,31.4,1,,1,1,Maimuna Tamba ,,1,EDN1032-G,20240212_122146.jpg,2,kkora,,2
IN-M-220H,recruitment_arm_1,,,FJ,1998-12-29,2024-02-12,11:28,25.1,1,,1,1,Maimuna Tamba ,,0,,20240212_162306.jpg,2,kkora,,2
IN-M-221E,recruitment_arm_1,,,HS,1990-10-24,2024-02-12,10:34,33.3,1,,1,1,Isatou Jobe,,0,,20240212_110235.heic,2,kyceesay,,2
IN-M-222C,recruitment_arm_1,,,FB,1998-01-26,2024-02-12,09:26,26,1,,1,1,Isatou Jobe,,0,,20240212_095907.heic,2,kyceesay,,2
IN-M-223J,recruitment_arm_1,,,RB,1994-01-01,2024-02-12,12:04,30.1,1,,1,1,Isatou Jobe,,0,,IMG_20240212_122827_348[1].jpg,1,kyceesay,,2
IN-M-224K,recruitment_arm_1,,,MS,1989-07-02,2024-02-12,12:22,34.6,1,,2,1,ISATOU JOBE ,,1,EDN0505-H,20240213_093220[1].jpg,1,otbah,,2
IN-M-225D,recruitment_arm_1,,,AC,1988-08-07,2024-02-13,11:00,35.5,1,,1,1,Maimuna Tamba ,,1,EDN1048-W,20240213_131011.jpg,2,kkora,,2
IN-M-226E,recruitment_arm_1,,,NS,1987-05-16,2024-02-13,12:00,36.7,1,,1,1,Maimuna Tamba ,,1,EDN0011-H,20240213_125750.jpg,2,kkora,,2
IN-M-227K,recruitment_arm_1,,,BF,1994-12-20,2024-02-13,11:37,29.2,1,,1,1,ISATOU JOBE ,,1,EDN0233-G,20240214_093332.jpg,2,otbah,,2
IN-M-228E,recruitment_arm_1,,,BJ,1996-09-24,2024-02-13,12:45,27.4,1,,1,1,Isatou Jobe,,1,EDN1094-S,IMG_20240213_131302_702[1].jpg,1,kyceesay,,2
IN-M-229F,recruitment_arm_1,,,ND,2003-03-23,2024-02-14,10:10,20.9,1,,1,1,Isatou Jobe ,,1,EDN1614-K,20240214_103834.jpg,2,kkora,,2
IN-M-230G,recruitment_arm_1,,,KD,1985-07-02,2024-02-14,09:59,38.6,1,,1,1,Maimuna Tamba,,1,EDN0527-C,IMG_20240214_102101_523[1].jpg,2,kyceesay,,2
IN-M-231G,recruitment_arm_1,,,AS,2002-07-02,2024-02-14,10:22,21.6,1,,2,1,ISATOU JOBE,,1,EDN1250-Y,20240214_110330[1].jpg,1,otbah,,2
IN-M-232C,recruitment_arm_1,,,JJ,1987-12-11,2024-02-15,09:45,36.2,1,,1,1,ISATOU JOBE,,1,EDN1646-K,20240215_102228.heic,2,otbah,,2
IN-M-233B,recruitment_arm_1,,,IC,1998-08-12,2024-02-15,10:55,25.5,1,,1,1,Isatou Jobe,,1,EDN1045-T,IMG_20240215_112244_237[1].jpg,1,kyceesay,,2
IN-M-234D,recruitment_arm_1,,,JK,1988-11-01,2024-02-15,12:00,35.3,1,,1,1,Isatou  Jobe,,1,EDN0777-J,20240215_123130[1].jpg,1,kkora,,2
IN-M-235D,recruitment_arm_1,,,FK,1992-10-30,2024-02-15,11:15,31.3,1,,1,1,Maimuna Tamba,,1,EDN0680-A,20240215_114641.heic,1,otbah,,2
IN-M-236J,recruitment_arm_1,,,FK,1997-09-27,2024-02-15,12:44,26.4,1,,1,1,Maimuna Tamba,,1,EDN0966-E,IMG_20240215_132019_047[1].jpg,1,kyceesay,,2
IN-M-237F,recruitment_arm_1,,,LN,2004-03-18,2024-02-15,12:43,19.9,1,,1,1,ISATOU JOBE,,1,EDN1455-E,20240215_133543.heic,1,otbah,,2
IN-M-238C,recruitment_arm_1,,,NM,1993-03-16,2024-02-20,09:52,30.9,1,,1,1,MAIMUNA TAMBA,,1,EDN0076-A,20240220_104020[1].jpg,2,otbah,,2
IN-M-239D,recruitment_arm_1,,,BS,1999-06-30,2024-02-20,10:32,24.6,1,,1,1,MAIMUNA TAMBA,,1,EDN0604-E,20240220_111729[1].jpg,1,otbah,,2
IN-M-240B,recruitment_arm_1,,,MS,1996-08-04,2024-02-21,10:00,27.5,1,,1,1,Maimuna Ceesay ,,1,EDN0949-F,20240221_102952.jpg,1,kkora,,2
IN-M-241F,recruitment_arm_1,,,SD,2001-08-02,2024-02-21,10:46,22.6,1,,1,1,Maimuna Ceesay ,,1,EDN1676-A,20240221_112955.jpg,2,amjoof,,2
IN-M-242G,recruitment_arm_1,,,IJ,1987-05-18,2024-02-21,10:45,36.8,1,,2,1,MAIMUNA TAMBA,,1,EDN0427-A,20240221_112427[1].jpg,1,otbah,,2
IN-M-243J,recruitment_arm_1,,,JJ,1994-02-07,2024-02-21,11:40,30,1,,2,1,MAIMUNA TAMBA ,,1,EDN0415-C,20240221_121553[1].jpg,1,otbah,,2
IN-M-244E,recruitment_arm_1,,,KC,2000-10-21,2024-02-21,12:01,23.3,1,,1,1,Mariama Ceesay ,,1,EDN1488-M,20240221_124611.jpg,1,amjoof,,2
IN-M-245J,recruitment_arm_1,,,ND,1988-11-07,2024-02-22,09:38,35.3,1,,1,1,Maimuna Tamba,,1,EDN1429-D,20240222_101426.jpg,1,amjoof,22,2
IN-M-246G,recruitment_arm_1,,,BC,1999-04-05,2024-02-26,11:29,24.9,1,,2,1,ISATOU JOBE,,0,,IMG_20240226_114715_466[1].jpg,1,otbah,,2
IN-M-247K,recruitment_arm_1,,,NK,1993-06-01,2024-02-27,10:03,30.7,1,,1,1,Maimuna Ceesay,,0,,IMG_20240227_103400_692[1].jpg,1,kyceesay,,2
IN-M-248F,recruitment_arm_1,,,FK,1996-07-24,2024-02-27,09:26,27.6,1,,1,1,Maimuna Tamba ,,0,,20240227_100532.jpg,1,kkora,,2
IN-M-249K,recruitment_arm_1,,,B S,2004-09-23,2024-02-28,09:31,19.4,1,,1,1,Maimuna Ceesay ,,1,EDN1585-E,20240228_102215.jpg,1,amjoof,,2
IN-M-250J,recruitment_arm_1,,,MJ,2002-02-10,2024-02-28,09:31,22,1,,1,1,Isatou Jobe ,,1,EDN1447-V,20240228_101016.jpg,1,kkora,,2
IN-M-251B,recruitment_arm_1,,,SS,1992-11-23,2024-02-28,10:25,31.3,1,,1,1,Isatou Jobe ,,1,EDN0750-E,20240228_112449.jpg,1,kkora,,2
IN-M-252B,recruitment_arm_1,,,M M,1984-07-02,2024-02-28,10:47,39.7,1,,1,1,Maimuna Ceesay ,,0,,20240228_112545.jpg,1,amjoof,,2
IN-M-253G,recruitment_arm_1,,,MK,1987-06-18,2024-02-28,12:02,36.7,1,,1,1,Isatou Jobe ,,1,EDN1108-H,20240228_123204.jpg,1,kkora,,2
IN-M-254E,recruitment_arm_1,,,FC,2001-07-13,2024-02-29,10:25,22.6,1,,1,1,Maimuna Ceesay ,,1,EDN1537-A,20240229_151300.jpg,1,kkora,,2
IN-M-255D,recruitment_arm_1,,,WC,2000-07-08,2024-02-29,11:28,23.6,1,,1,1,Maimuna Ceesay ,,1,EDN0080-G,20240229_120444.jpg,1,kkora,,2
IN-M-256K,recruitment_arm_1,,,FS,1996-10-27,2024-03-04,09:43,27.4,1,,1,1,Maimuna Ceesay ,,0,,20240304_110659.jpg,1,kkora,,2
IN-M-257E,recruitment_arm_1,,,B B,1996-06-26,2024-03-04,10:17,27.7,1,,1,1,Maimuna Ceesay ,,0,,20240307_092225.jpg,1,amjoof,,2
IN-M-258C,recruitment_arm_1,,,NC,1994-09-11,2024-03-04,10:50,29.5,1,,1,1,Maimuna Tamba ,,0,,20240304_115240.jpg,1,kkora,,2
IN-M-259H,recruitment_arm_1,,,N J,1999-11-14,2024-03-04,11:28,24.3,1,,1,1,Maimuna Ceesay ,,0,,20240307_093055.jpg,1,amjoof,,2
IN-M-260K,recruitment_arm_1,,,MJ,1984-07-02,2024-03-05,10:15,39.7,1,,2,1,MAIMUNA TAMBA,,1,EDN0993-B,20240305_112509[1].jpg,1,otbah,,2
IN-M-261J,recruitment_arm_1,,,MB,1998-01-03,2024-03-05,11:36,26.2,1,,2,1,MAIMUNA TAMBA,,1,EDN0812-K,20240305_122737[1].jpg,1,otbah,,2
IN-M-262E,recruitment_arm_1,,,F M,2002-10-09,2024-03-05,09:58,21.4,1,,1,1,Maimuna Ceesay ,,1,EDN1476-Z,20240305_101657.jpg,1,amjoof,,2
IN-M-263A,recruitment_arm_1,,,FB,1989-07-02,2024-03-05,09:53,34.7,1,,1,1,Maimuna Ceesay ,,1,EDN1089-N,20240307_094234.jpg,1,kkora,,2
IN-M-264H,recruitment_arm_1,,,KS,1996-08-27,2024-03-11,09:24,27.5,1,,1,1,Maimuna Ceesay ,,1,EDN1783-k,20240311_094614.jpg,2,amjoof,,2
IN-M-265E,recruitment_arm_1,,,SB,2003-03-19,2024-03-11,10:40,21,1,,1,1,Maimuna Ceesay ,,1,EDN0841-D,20240311_124434.jpg,1,amjoof,,2
IN-M-266G,recruitment_arm_1,,,MS,1992-07-02,2024-03-12,10:21,31.7,1,,1,1,Isatou Jobe,,1,EDN1095-T,20240318_151627.jpg,1,kkora,,2
IN-M-267C,recruitment_arm_1,,,MD,1984-07-02,2024-03-12,10:26,39.7,1,,1,1,Maimuna Ceesay ,,1,EDN0824-J,20240318_142843.jpg,1,amjoof,,2
IN-M-268F,recruitment_arm_1,,,SC,1992-10-29,2024-03-12,10:51,31.4,1,,1,1,Isatou Jobe,,1,EDN0869-B,20240403_112524.jpg,1,kkora,,2
IN-M-269H,recruitment_arm_1,,,JB,1995-07-05,2024-03-12,11:10,28.7,1,,1,1,Maimuna Ceesay ,,1,EDN0600-C,20240318_141939.jpg,1,amjoof,,2
IN-M-270C,recruitment_arm_1,,,JJ,2000-01-12,2024-03-18,12:26,24.2,1,,1,1,Maimuna Tamba ,,0,,20240318_132956.jpg,2,kkora,,2
IN-M-271H,recruitment_arm_1,,,HJ,1997-05-07,2024-03-18,13:20,26.9,1,,1,1,MAIMUNA TAMBA,,0,,20240318_141241[1].jpg,3,otbah,,2
IN-M-272D,recruitment_arm_1,,,BS,1998-01-14,2024-03-18,14:55,26.2,1,,1,1,MAIMUNA TAMBA,,0,,20240318_152842[1].jpg,3,otbah,,2
IN-M-273H,recruitment_arm_1,,,AJ,1984-07-02,2024-03-19,09:55,39.7,1,,1,1,Maimuna Tamba,,1,EDN0660-J,20240319_101311.jpg,1,amjoof,,2
IN-M-274B,recruitment_arm_1,,,FJ,1999-07-16,2024-03-19,09:50,24.7,1,,1,1,Isatou Jobe,,1,EDN0731-F,20240319_110929.jpg,1,kkora,,2
IN-M-275H,recruitment_arm_1,,,HJ,1995-03-06,2024-03-19,10:10,29,1,,2,1,ISATOU JOBE,,1,EDN0125-A,20240319_105648[1].jpg,2,otbah,,2
IN-M-276H,recruitment_arm_1,,,MF,2001-11-06,2024-03-19,10:33,22.4,1,,1,1,Maimuna Tamba ,,0,,20240319_110950.jpg,3,amjoof,,2
IN-M-277N,recruitment_arm_1,,,ID,1991-07-19,2024-03-19,10:27,32.7,1,,1,1,Maimuna Tamba ,,0,,20240319_111310.jpg,1,kkora,,2
IN-M-278K,recruitment_arm_1,,,IJ,1995-06-18,2024-03-21,10:28,28.8,1,,1,1,Maimuna Tamba ,,0,,20240321_114951.jpg,1,kkora,,2
IN-M-279D,recruitment_arm_1,,,FJ,1997-05-02,2024-03-21,10:36,26.9,1,,1,1,MAIMUNA TAMBA,,0,,20240321_110650[1].jpg,1,otbah,,2
IN-M-280K,recruitment_arm_1,,,MJ,1991-07-02,2024-03-25,10:59,32.7,1,,2,1,Isatou Jobe,,0,,20240325_122027.jpg,1,msumbunu,,2
IN-M-281C,recruitment_arm_1,,,HJ,1998-01-22,2024-03-25,11:10,26.2,1,,1,1,Isatou Jobe ,,0,,20240325_123301.jpg,1,kkora,,2
IN-M-282D,recruitment_arm_1,,,FF,1994-02-01,2024-03-25,12:51,30.1,1,,1,1,Maimuna Ceesay ,,0,,20240325_134011.jpg,3,kkora,,2
IN-M-283F,recruitment_arm_1,,,AS,1987-06-05,2024-03-25,12:35,36.8,1,,1,1,Isatou Jobe,,0,,20240325_150314.jpg,2,msumbunu,,2
IN-M-284K,recruitment_arm_1,,,BS,1993-06-09,2024-03-25,13:57,30.8,1,,1,1,Isatou Jobe,,0,,20240325_144920.jpg,3,msumbunu,,2
IN-M-285A,recruitment_arm_1,,,AJ,2001-07-10,2024-03-25,13:43,22.7,1,,1,1,Maimuna Ceesay ,,0,,20240325_142630.jpg,3,kkora,,2
IN-M-286J,recruitment_arm_1,,,BS,1985-07-02,2024-03-26,10:00,38.7,1,,1,1,Maimuna Ceesay ,,1,EDN1510-B,20240326_102650.jpg,1,amjoof,,2
IN-M-287K,recruitment_arm_1,,,BS,2003-09-17,2024-03-26,09:54,20.5,1,,1,1,Maimuna Ceesay ,,0,,20240403_114228.jpg,1,kkora,,2
IN-M-288G,recruitment_arm_1,,,BM,1998-09-29,2024-03-26,10:44,25.5,1,,1,1,Maimuna Ceesay ,,0,,20240326_110357.jpg,1,amjoof,,2
IN-M-289F,recruitment_arm_1,,,BS,2000-07-02,2024-03-26,10:47,23.7,1,,1,1,Maimuna Ceesay ,,0,,20240326_114440.jpg,1,kkora,,2
IN-M-290B,recruitment_arm_1,,,RD,1993-10-15,2024-03-26,11:46,30.4,1,,1,1,Maimuna Ceesay ,,0,,20240326_120957.jpg,1,amjoof,,2
IN-M-291J,recruitment_arm_1,,,NN,1990-12-01,2024-03-26,11:54,33.3,1,,1,1,Maimuna Ceesay ,,1,EDN1436-K,20240326_124017.jpg,1,kkora,,2
IN-M-292D,recruitment_arm_1,,,SM,1992-02-16,2024-03-27,12:29,32.1,1,,1,1,Isatou Jobe ,,0,,20240327_135023.jpg,3,kkora,,2
IN-M-293C,recruitment_arm_1,,,JC,1996-05-07,2024-04-02,09:45,27.9,1,,2,1,ISATOU JOBE,,0,,20240402_102002[1].jpg,3,otbah,,2
IN-M-294F,recruitment_arm_1,,,AC,1992-03-21,2024-04-02,11:23,32,1,,2,1,ISATOU JOBE,,0,,20240402_121551[1].jpg,3,otbah,,2
IN-M-295F,recruitment_arm_1,,,FK,1992-11-19,2024-04-02,12:18,31.4,1,,1,1,Isatou Jobe ,,0,,20240402_125711.jpg,1,kkora,,2
IN-M-296G,recruitment_arm_1,,,KC,1991-02-05,2024-04-15,09:17,33.2,1,,1,1,maimuna Tamba ,,1,EDN1313-M,20240415_095455.jpg,1,abarjo,,2
IN-M-297E,recruitment_arm_1,,,KD,1996-01-02,2024-04-15,10:31,28.3,1,,1,1,maimuna Tamba,,1,EDN1106-F,20240415_112935.jpg,1,abarjo,,2
IN-M-298B,recruitment_arm_1,,,FT,2001-06-03,2024-04-15,12:45,22.9,1,,1,1,maimuna Tamba ,,1,EDN0519-B,20240415_130629.jpg,2,abarjo,,2
IN-M-299A,recruitment_arm_1,,,OB,2006-03-10,2024-04-16,09:55,18.1,1,,1,1,Isatou Jobe,,0,,20240416_101912.jpg,2,amjoof,,2
IN-M-300F,recruitment_arm_1,,,FB,2000-03-02,2024-04-16,10:55,24.1,1,,1,1,Isatou jobe,,0,,20240416_112714.jpg,1,amjoof,,2
IN-M-301F,recruitment_arm_1,,,IM,2003-01-21,2024-04-25,09:00,21.3,1,,1,1,Isatou Jobe,,0,,IMG_20240425_095549_314[1].jpg,1,msumbunu,22,2
IN-M-302A,recruitment_arm_1,,,SS,1999-07-22,2024-04-16,12:08,24.7,1,,1,1,Isatou Jobe ,,1,EDN0444-J,20240416_123209.jpg,1,amjoof,,2
IN-M-303K,recruitment_arm_1,,,MM,1996-09-06,2024-04-17,10:11,27.6,1,,1,1,Maimuna Ceesay ,,1,EDN1684-A,20240417_113054.jpg,2,amjoof,,2
IN-M-304E,recruitment_arm_1,,,FBJ,1997-07-02,2024-04-17,13:29,26.8,1,,2,1,Rabiatou Bah,,0,,20240417_140355.jpg,2,msumbunu,,2
IN-M-305B,recruitment_arm_1,,,NS,1997-03-07,2024-04-22,09:12,27.1,1,,1,1,ISATOU JOBE,,0,,20240422_110732[1].jpg,2,otbah,,2
IN-M-306K,recruitment_arm_1,,,ND,1985-07-02,2024-04-22,09:56,38.8,1,,1,1,Maimuna Ceesay ,,0,,20240422_102057.jpg,1,amjoof,,2
IN-M-307K,recruitment_arm_1,,,NS,1999-05-29,2024-04-22,10:12,24.9,1,,1,1,ISATOU JOBE,,0,,20240422_110119[1].jpg,1,otbah,,2
IN-M-308B,recruitment_arm_1,,,AD,1989-07-26,2024-04-22,10:54,34.7,1,,1,1,Maimuna Ceesay ,,1,EDN0789-G,20240422_111712.jpg,1,amjoof,,2
IN-M-309K,recruitment_arm_1,,,FJ,2004-05-15,2024-04-23,09:08,19.9,1,,1,1,ISATOU JOBE ,,1,EDN1901-A,20240423_110429.jpg,3,otbah,,2
IN-M-310B,recruitment_arm_1,,,FS,1996-01-03,2024-04-22,11:37,28.3,1,,1,1,ISATOU JOBE,,0,,20240422_121147[1].jpg,2,otbah,,2
IN-M-311A,recruitment_arm_1,,,AB,2000-09-26,2024-04-23,10:40,23.6,1,,1,1,Maimuna Ceesay ,,1,EDN0939-E,20240423_104918.jpg,1,amjoof,,2
IN-M-312C,recruitment_arm_1,,,AK,1996-02-14,2024-04-23,11:25,28.2,1,,1,1,ISATOU JOBE ,,1,EDN1879-B,20240423_115645.jpg,3,otbah,,2
IN-M-313E,recruitment_arm_1,,,JS,2001-03-31,2024-04-23,11:42,23.1,1,,1,1,Maimuna Ceesay ,,1,EDN1844-G,20240423_120951.jpg,2,amjoof,,2
IN-M-314F,recruitment_arm_1,,,JS,2000-02-04,2024-04-23,12:22,24.2,1,,2,1,ISATOU JOBE ,,1,EDN1861-E,20240423_125056.jpg,3,otbah,,2
IN-M-315E,recruitment_arm_1,,,FK,1996-04-05,2024-04-23,12:30,28,1,,1,1,Maimuna Ceesay ,,0,,20240423_131116.jpg,2,amjoof,,2
IN-M-316H,recruitment_arm_1,,,FK,1988-07-02,2024-04-23,14:57,35.8,1,,1,1,MAIMUMA CEESAY,,0,,20240423_152531[1].jpg,2,otbah,,2
IN-M-317J,recruitment_arm_1,,,NS,2000-02-26,2024-04-24,10:15,24.2,1,,1,1,MAIMUNA CEESAY ,,1,EDN2120-Z,20240424_104130.jpg,3,otbah,,2
IN-M-318F,recruitment_arm_1,,,BN,1992-02-19,2024-04-24,11:21,32.2,1,,1,1,ISATOU JOBE ,,1,EDN1403-C,20240424_113953.jpg,1,otbah,,2
IN-M-319F,recruitment_arm_1,,,JB,1995-03-01,2024-04-24,11:55,29.2,1,,1,1,MAIMUNA CEESAY ,,1,EDN1468-R,20240424_122145.jpg,1,otbah,,2
IN-M-320E,recruitment_arm_1,,,KJ,1999-11-23,2024-04-24,12:58,24.4,1,,2,1,ISATOU JOBE ,,0,,20240425_094502.jpg,2,otbah,,2
IN-M-321D,recruitment_arm_1,,,FJ,2004-09-11,2024-04-25,09:29,19.6,1,,2,1,ISATOU JOBE ,,0,,20240425_093315.jpg,2,otbah,,2
IN-M-322F,recruitment_arm_1,,,MJ,1999-05-07,2024-04-25,10:12,25,1,,2,1,MAIMUNA JOBE ,,0,,20240425_102517.jpg,,otbah,,2
IN-M-323D,recruitment_arm_1,,,FF,1992-09-11,2024-04-29,12:38,31.6,1,,1,1,MAIMUNA CEESAY ,,0,,20240429_133900.jpg,3,abarjo,,2
IN-M-324J,recruitment_arm_1,,,SS,1995-07-15,2024-04-29,12:20,28.8,1,,1,1,Maimuna Ceesay ,,1,EDN0262-C,20240429_130712.jpg,2,abarjo,,2
IN-M-325K,recruitment_arm_1,,,KS,2002-09-24,2024-04-30,10:52,21.6,1,,1,1,MAIMUNA TAMBA ,,0,,20240430_110412.jpg,1,otbah,,2
IN-M-326B,recruitment_arm_1,,,BS,1993-05-10,2024-04-30,11:29,31,1,,1,1,MAIMUNA TAMBA,,0,,20240430_121214[1].jpg,3,otbah,,2
IN-M-327F,recruitment_arm_1,,,FJ,1999-07-02,2024-05-02,09:45,24.8,1,,1,1,Maimuna Ceesay,,0,,IMG_20240502_100945_451[1].jpg,1,kyceesay,,2
IN-M-328K,recruitment_arm_1,,,MB,2001-02-04,2024-05-02,10:32,23.2,1,,2,1,ISATOU JOBE ,,0,,20240502_105011.jpg,3,otbah,,2
IN-M-329D,recruitment_arm_1,,,YC,1999-12-01,2024-05-02,10:58,24.4,1,,1,1,Maimuna Ceesay,,1,EDN1590-E,IMG_20240502_113149_051[1].jpg,1,kyceesay,,2
IN-M-330H,recruitment_arm_1,,,AC,2001-05-06,2024-05-02,11:23,23,1,,2,1,ISATOU JOBE ,,0,,20240502_113918.jpg,3,otbah,,2
IN-M-331E,recruitment_arm_1,,,NJ,2002-06-03,2024-05-02,12:51,21.9,1,,1,1,Maimuna Ceesay,,0,,IMG_20240502_131329_332[1].jpg,1,kyceesay,,2
IN-M-332E,recruitment_arm_1,,,AN,1999-03-14,2024-05-02,13:08,25.1,1,,1,1,ISATOU JOBE ,,1,EDN0701-G,20240502_131614.jpg,1,otbah,,2
IN-M-333H,recruitment_arm_1,,,FC,2005-01-09,2024-05-06,09:31,19.3,1,,1,1,Maimuna Tamba ,,1,EDN1205-E,20240506_094828.jpg,1,amjoof,,2
IN-M-334J,recruitment_arm_1,,,MS,1995-08-15,2024-05-06,09:46,28.7,1,,1,1,ISATOU JOBE ,,0,,20240506_095830.jpg,3,otbah,,2
IN-M-335V,recruitment_arm_1,,,KK,1985-11-10,2024-05-06,10:24,38.5,1,,1,1,Maimuna Tamba ,,1,EDN0179-J,20240506_104415.jpg,2,amjoof,,2
IN-M-336H,recruitment_arm_1,,,MS,2001-05-11,2024-05-06,10:26,23,1,,1,1,ISATOU JOBE ,,0,,20240506_111508.jpg,2,otbah,,2
IN-M-337B,recruitment_arm_1,,,NC,1990-08-15,2024-05-06,11:18,33.7,1,,1,1,Maimuna Tamba ,,0,,20240506_113331.jpg,2,amjoof,,2
IN-M-338G,recruitment_arm_1,,,NG,2001-12-10,2024-05-06,11:40,22.4,1,,1,1,ISATOU JOBE ,,0,,20240506_113332.jpg,3,otbah,,2
IN-M-339K,recruitment_arm_1,,,F J,2003-05-07,2024-05-06,12:25,21,1,,1,1,Maimuna Tamba ,,0,,20240506_122435.jpg,3,amjoof,,2
IN-M-340D,recruitment_arm_1,,,BS,2005-02-09,2024-05-06,12:28,19.2,1,,1,1,ISATOU JOBE ,,0,,20240506_124434.jpg,1,otbah,,2
IN-M-341A,recruitment_arm_1,,,K Y,1994-04-08,2024-05-06,13:09,30.1,1,,1,1,Maimuna Tamba ,,1,EDN0041-G,20240506_132953.jpg,2,amjoof,,2
IN-M-342B,recruitment_arm_1,,,FS,1996-12-15,2024-05-06,13:29,27.4,1,,1,1,ISATOU JOBE ,,1,EDN0246-E,20240506_132512.jpg,2,otbah,,2
IN-M-343G,recruitment_arm_1,,,HM,1992-02-24,2024-05-07,09:39,32.2,1,,1,1,Maimuna Ceesay,,1,EDN0723-K,,1,abarjo,,2
IN-M-344F,recruitment_arm_1,,,FS,1988-05-26,2024-05-07,09:42,35.9,1,,1,1,Maimuna Ceesay ,,1,EDN0935-C,20240520_163153.jpg,1,amjoof,,2
IN-M-345B,recruitment_arm_1,,,KJ,1989-12-13,2024-05-07,10:39,34.4,1,,1,1,MAIMUNA CEESAY ,,1,EDN1495-T,20240507_112821.jpg,1,otbah,,2
IN-M-346A,recruitment_arm_1,,,FC,1991-12-18,2024-05-07,11:03,32.4,1,,1,1,Maimuna Ceesay ,,0,,20240507_105654.jpg,2,amjoof,,2
IN-M-347H,recruitment_arm_1,,,NY,2000-08-08,2024-05-07,11:31,23.7,1,,1,1,Maimuna Ceesay,,0,,20240507_112050.jpg,2,abarjo,,2
IN-M-348F,recruitment_arm_1,,,MD,1999-10-20,2024-05-07,12:13,24.5,1,,1,1,MAIMUNA CEESAY ,,1,EDN1526-E,20240507_121236.jpg,1,otbah,,2
IN-M-349K,recruitment_arm_1,,,JT,1988-06-02,2024-05-08,08:57,35.9,1,,1,1,ISATOU JOBE,,0,,20240508_090545[1].jpg,1,otbah,,2
IN-M-350B,recruitment_arm_1,,,JK,1995-04-02,2024-05-08,09:25,29.1,1,,2,1,ISATOU JOBE ,,0,,20240508_095349.jpg,1,otbah,,2
IN-M-351B,recruitment_arm_1,,,BB,1987-07-02,2024-05-08,10:59,36.9,1,,2,1,ISATOU JOBE ,,0,,20240508_111257.jpg,1,otbah,,2
IN-M-352C,recruitment_arm_1,,,MB,1999-01-04,2024-05-08,11:38,25.3,1,,2,1,ISATOU JOBE ,,0,,20240508_113944.jpg,1,otbah,,2
IN-M-353D,recruitment_arm_1,,,BJ,2002-07-02,2024-05-13,10:07,21.9,1,,2,1,Isatou Jobe,,1,EDN1413-M,20240513_112424.jpg,1,kyceesay,6,2
IN-M-354C,recruitment_arm_1,,,MJB,2006-04-26,2024-05-13,11:11,18,1,,2,1,Isatou Jobe,,0,,IMG_20240514_125704_661[1].jpg,2,kyceesay,6,2
IN-M-355U,recruitment_arm_1,,,FS,2004-09-04,2024-05-14,09:37,19.7,1,,1,1,Maimuna Ceesay ,,0,,20240514_104223.jpg,1,kkora,,2
IN-M-356C,recruitment_arm_1,,,KS,2006-03-20,2024-05-14,10:00,18.2,1,,1,1,Maimuna Tamba ,,0,,20240514_102425.jpg,3,abarjo,,2
IN-M-357T,recruitment_arm_1,,,MJ,1988-04-27,2024-05-14,10:42,36,1,,1,1,Maimuna Ceesay ,,0,,20240514_114011.jpg,3,kkora,,2
IN-M-358J,recruitment_arm_1,,,MS,1990-01-10,2024-05-14,10:59,34.3,1,,1,1,Maimuna Tamba ,,0,,20240514_111156.jpg,3,abarjo,,2
IN-M-359R,recruitment_arm_1,,,AB,2002-08-10,2024-05-14,11:44,21.8,1,,1,1,Maimuna Tamba ,,0,,17156877730715878450009475575528.jpg,1,abarjo,,2
IN-M-360D,recruitment_arm_1,,,BS,2000-02-28,2024-05-15,09:42,24.2,1,,1,1,Isatou jobe,,0,,20240515_094108.jpg,2,amjoof,,2
IN-M-361J,recruitment_arm_1,,,IB,1998-05-13,2024-05-15,09:39,26,1,,1,1,Maimhna Tamba,,0,,20240515_101435[1].jpg,1,abarjo,,2
IN-M-362E,recruitment_arm_1,,,MJ,1995-09-29,2024-05-15,10:28,28.6,1,,1,1,Isatou jobe ,,1,EDN0312-J,20240515_101909.jpg,2,amjoof,,2
IN-M-363J,recruitment_arm_1,,,MD,2000-09-17,2024-05-15,11:02,23.7,1,,1,1,Maimuna Ceesay ,,1,EDN1049-X,20240515_115447.jpg,2,kkora,,2
IN-M-364B,recruitment_arm_1,,,AB,1992-06-18,2024-05-15,13:09,31.9,1,,2,1,Isatou Jobe,,1,EDN0426-C,20240515_131912.jpg,2,msumbunu,,2
IN-M-365J,recruitment_arm_1,,,MF,1990-04-26,2024-05-16,10:02,34.1,1,,1,1,Maimuna Ceesay,,0,,20240516_103100[1].jpg,1,kyceesay,,2
IN-M-366D,recruitment_arm_1,,,NF,1998-01-01,2024-05-16,09:56,26.4,1,,1,1,Isatou Jobe ,,1,EDN1972-K,20240516_124953.jpg,3,kkora,,2
IN-M-367G,recruitment_arm_1,,,ID,1991-11-07,2024-05-16,09:49,32.5,1,,1,1,Maimuna Tamba,,1,EDN1707-G,20240516_100823.jpg,2,abarjo,,2
IN-M-368G,recruitment_arm_1,,,SF,1991-05-15,2024-05-16,11:03,33,1,,1,1,Maimuna Tamba,,1,EDN2649-P,20240516_111708.jpg,3,abarjo,,2
IN-M-369J,recruitment_arm_1,,,NJ,2002-03-15,2024-05-16,11:37,22.2,1,,1,1,Maimuna Ceesay,,1,EDN2646-T,20240516_115749[1].heic,3,kyceesay,,2
IN-M-370E,recruitment_arm_1,,,MD,1997-03-26,2024-05-16,12:57,27.1,1,,1,1,Maimuna Tamba,,1,EDN2165-S,20240516_130946.jpg,3,abarjo,,2
IN-M-371G,recruitment_arm_1,,,SF,1997-07-07,2024-05-20,09:39,26.9,1,,1,1,Maimuna Tamba,,0,,20240520_100430.jpg,2,abarjo,,2
IN-M-372J,recruitment_arm_1,,,JN,1988-03-10,2024-05-20,09:55,36.2,1,,1,1,Maimuna Ceesay,,1,EDN1417-G,IMG_20240520_101938_873[1].jpg,1,kyceesay,,2
IN-M-373D,recruitment_arm_1,,,KS,1993-01-22,2024-05-20,10:38,31.3,1,,1,1,Maimuna Ceesay,,1,EDN1840-N,IMG_20240520_114020_200[1].jpg,3,kyceesay,,2
IN-M-374J,recruitment_arm_1,,,FK,1997-04-19,2024-05-20,10:41,27.1,1,,1,1,Maimuna Tamba ,,0,,20240520_105239.jpg,1,abarjo,,2
IN-M-375H,recruitment_arm_1,,,SG,2003-09-16,2024-05-20,10:47,20.7,1,,1,1,MAIMUNA CEESAY ,,1,EDN1725-F,20240520_105735.jpg,2,otbah,,2
IN-M-376B,recruitment_arm_1,,,KS,1999-03-27,2024-05-20,11:31,25.2,1,,1,1,Maimuna Tamba,,0,,20240520_114233.jpg,1,abarjo,,2
IN-M-377X,recruitment_arm_1,,,JS,2000-03-01,2024-05-21,10:04,24.2,1,,1,1,MAIMUNA CEESAY ,,1,EDN2090-S,20240521_101817.jpg,3,otbah,,2
IN-M-378J,recruitment_arm_1,,,JC,2000-06-03,2024-05-22,09:36,24,1,,2,1,ISATOU JOBE ,,1,EDN2561-H,20240522_095324.jpg,3,otbah,,2
IN-M-379Q,recruitment_arm_1,,,FB,1994-02-05,2024-05-22,10:47,30.3,1,,2,1,ISATOU JOBE ,,1,EDN2588-G,,3,otbah,,2
IN-M-380A,recruitment_arm_1,,,JB,1997-01-14,2024-05-22,10:20,27.4,1,,2,1,ISATOU JOBE ,,1,EDN2707-W,20240522_101938.jpg,3,otbah,,2
IN-M-381H,recruitment_arm_1,,,JB,2004-07-11,2024-05-22,09:37,19.9,1,,1,1,Maimuna Tamba ,,0,,20240522_095544.jpg,,abarjo,,2
IN-M-382C,recruitment_arm_1,,,MB,1986-01-24,2024-05-22,09:32,38.3,1,,1,1,Maimuna Ceesay ,,1,EDN1344-S,20240522_101314.jpg,1,kkora,,2
IN-M-383A,recruitment_arm_1,,,FB,1999-02-15,2024-05-22,10:26,25.3,1,,1,1,Maimuna Ceesay ,,1,EDN1332-G,20240524_103812.jpg,1,kkora,,2
IN-M-384D,recruitment_arm_1,,,AG,1998-11-15,2024-05-22,10:45,25.5,1,,1,1,Maimuna Tamba,,0,,,1,abarjo,,2
IN-M-385K,recruitment_arm_1,,,JJ,1992-11-15,2024-05-22,11:24,31.5,1,,2,1,ISATOU JOBE ,,1,EDN2688-L,20240522_114058.jpg,3,otbah,,2
IN-M-386K,recruitment_arm_1,,,HJ,1992-07-02,2024-05-22,12:15,31.9,1,,2,1,ISATOU JOBE ,,1,EDN0991-F,20240522_121601.jpg,1,otbah,,2
IN-M-387B,recruitment_arm_1,,,OC,1990-01-01,2024-05-22,12:45,34.4,1,,2,1,ISATOU JOBE ,,1,EDN2564-D,20240522_124621.jpg,3,otbah,,2
IN-M-388F,recruitment_arm_1,,,SK,1993-09-05,2024-05-22,13:22,30.7,1,,2,1,ISATOU JOBE ,,0,,20240522_132606.jpg,1,otbah,,2
IN-M-389C,recruitment_arm_1,,,YJ,1995-06-07,2024-05-22,13:56,29,1,,2,1,ISATOU JOBE ,,1,EDN2615-G,20240522_140028.jpg,3,otbah,,2
IN-M-390A,recruitment_arm_1,,,IB,1992-03-11,2024-05-23,09:08,32.2,1,,2,1,ISATOU JOBE ,,1,EDN0452-B,20240523_091624.jpg,1,otbah,,2
IN-M-391J,recruitment_arm_1,,,IM,1985-07-10,2024-05-23,11:02,38.9,1,,1,1,Maimuna Tamba,,1,EDN0697-F,20240523_111303.jpg,1,abarjo,,2
IN-M-392J,recruitment_arm_1,,,BN,2002-05-27,2024-05-23,09:40,22,1,,1,1,Maimuna Tamba ,,0,,20240523_095750.jpg,1,abarjo,,2
IN-M-393H,recruitment_arm_1,,,JS,1994-04-21,2024-05-28,10:06,30.1,1,,1,1,Maimuna Ceesay,,0,,20240528_101910[1].jpg,1,otbah,,2
IN-M-394J,recruitment_arm_1,,,KJ,2002-01-01,2024-05-29,09:18,22.4,1,,1,1,Maimuna Ceesay ,,0,,20240529_101235.jpg,2,kkora,,2
IN-M-395J,recruitment_arm_1,,,FS,1996-03-18,2024-05-29,10:25,28.2,1,,1,1,Maimuna Tamba ,,0,,20240529_103838.jpg,2,abarjo,,2
IN-M-396F,recruitment_arm_1,,,MJ,1998-09-21,2024-05-29,09:41,25.7,1,,2,1,ISATOU JOBE ,,0,,20240529_094635.jpg,2,otbah,,2
IN-M-397D,recruitment_arm_1,,,FS,1996-03-02,2024-05-29,11:12,28.2,1,,1,1,ISATOU  JOBE ,,1,EDN1387-L,20240529_111000.jpg,1,otbah,,2
IN-M-398A,recruitment_arm_1,,,FB,1988-02-25,2024-05-29,10:38,36.3,1,,2,1,ISATOU JOBE ,,1,EDN1358-H,20240529_103828.jpg,1,otbah,,2
IN-M-399C,recruitment_arm_1,,,KS,1990-09-20,2024-05-29,10:42,33.7,1,,1,1,Maimuna Ceesay ,,0,,20240529_111211.jpg,2,kkora,,2
IN-M-400D,recruitment_arm_1,,,FN,1999-03-28,2024-05-29,11:43,25.2,1,,1,1,Maimuna Tamba,,1,EDN1349-X,20240529_115406.jpg,1,abarjo,,2
IN-M-401A,recruitment_arm_1,,,AD,1997-07-30,2024-05-30,09:55,26.8,1,,2,1,ISATOU JOBE ,,1,EDN1452-B,20240530_095913.jpg,1,otbah,,2
IN-M-402K,recruitment_arm_1,,,NS,1995-10-11,2024-05-30,09:49,28.6,1,,1,1,Maimuna Ceesay ,,1,EDN1687-K,20240530_100234.jpg,2,abarjo,,2
IN-M-403C,recruitment_arm_1,,,KJ,2003-07-24,2024-05-30,10:44,20.9,1,,1,1,Maimuna Tamba ,,0,,20240530_105119.jpg,1,abarjo,,2
IN-M-404B,recruitment_arm_1,,,IS,2002-12-05,2024-05-30,11:30,21.5,1,,1,1,Maimuna Tamba,,1,EDN1785-J,20240530_114531.jpg,2,abarjo,,2
IN-M-405C,recruitment_arm_1,,,JF,1995-04-22,2024-06-04,09:04,29.1,1,,1,1,Isatou Jobe,,0,,20240604_091809[1].jpg,3,kyceesay,,2
IN-M-406K,recruitment_arm_1,,,NB,2001-10-25,2024-06-04,09:24,22.6,1,,1,1,Maimuna Ceesay ,,0,,20240604_094353.jpg,1,kkora,,2
IN-M-407C,recruitment_arm_1,,,KM,1993-01-01,2024-06-04,09:37,31.4,1,,1,1,Maimuna Ceesay ,,0,,20240604_095014.jpg,1,abarjo,,2
IN-M-408B,recruitment_arm_1,,,JJ,1994-04-07,2024-06-04,10:26,30.2,1,,2,1,ISATOU JOBE ,,1,EDN0415-C,20240604_103146.jpg,1,otbah,,2
IN-M-409B,recruitment_arm_1,,,BK,2003-08-16,2024-06-05,11:08,20.8,1,,1,1,Maimuna Ceesay ,,0,,20240605_112926.jpg,2,kkora,,2
IN-M-410J,recruitment_arm_1,,,SS,2001-04-11,2024-06-05,11:44,23.2,1,,1,1,Isatou Jobe ,,0,,20240605_122139.jpg,2,kkora,,2
IN-M-411Q,recruitment_arm_1,,,OM,1991-01-04,2024-06-06,11:01,33.4,1,,1,1,Maimuna Ceesay ,,1,EDN1557-H,20240606_112354.jpg,1,abarjo,,2
IN-M-412E,recruitment_arm_1,,,FJ,1998-12-29,2024-06-11,11:32,25.5,1,,1,1,Maimuna Tamba ,,0,,20240611_120546.jpg,2,kkora,,2
IN-M-413B,recruitment_arm_1,,,AD,1987-07-02,2024-06-12,10:11,36.9,1,,1,1,Maimuna Ceesay ,,0,,20240612_103647.jpg,1,kkora,,2
IN-M-414B,recruitment_arm_1,,,FC,1992-07-02,2024-06-12,10:23,31.9,1,,1,1,Maimuna Tamba ,,1,EDN1092-G,20240612_103225.jpg,1,abarjo,,2
IN-M-415L,recruitment_arm_1,,,NB,2000-01-23,2024-06-26,09:41,24.4,1,,1,1,Isatou Jobe ,,0,,20240626_095412.jpg,1,abarjo,,2
IN-M-416K,recruitment_arm_1,,,FS,1996-05-02,2024-06-13,10:23,28.1,1,,1,1,Maimuna Ceesay ,,0,,20240613_104203.jpg,1,abarjo,,2
IN-M-417F,recruitment_arm_1,,,MJ,1986-06-13,2024-06-26,09:18,38,1,,2,1,Isatou Jobe,,1,EDN1243-R,17193999938885971612877140888850.jpg,2,abarjo,,2
IN-M-418C,recruitment_arm_1,,,KM,1995-03-04,2024-06-26,10:23,29.3,1,,1,1,Maimuna Ceesay,,0,,IMG_20240626_110439_495[1].jpg,1,kyceesay,,2
IN-M-419C,recruitment_arm_1,,,RB,1999-01-18,2024-06-26,11:00,25.4,1,,1,1,Isatou Jobe,,0,,17194007058832790266628179762637.jpg,2,abarjo,,2
IN-M-420K,recruitment_arm_1,,,FF,2001-03-05,2024-06-26,11:34,23.3,1,,1,1,Maimuna Ceesay,,1,EDN0168-C,,2,kyceesay,,2
IN-M-421E,recruitment_arm_1,,,FC,1988-07-16,2024-07-02,10:07,36,1,,1,1,maimuna Ceesay ,,0,,20240702_095617[1].jpg,2,otbah,,2
IN-M-422K,recruitment_arm_1,,,AJ,2001-12-12,2024-07-02,10:45,22.6,1,,1,1,maimuna Ceesay ,,0,,20240702_103444[1].jpg,3,otbah,,2
IN-M-423K,recruitment_arm_1,,,JC,2002-03-03,2024-07-03,09:44,22.3,1,,1,1,ISATOU JOBE ,,0,,20240703_095603[1].jpg,1,otbah,,2
IN-M-424B,recruitment_arm_1,,,SN,2000-01-10,2024-07-02,10:15,24.5,1,,1,1,Maimuna Tamba,,0,,17199159717651570851676229559757.jpg,2,abarjo,,2
IN-M-425E,recruitment_arm_1,,,KC,1985-12-30,2024-07-03,10:03,38.5,1,,1,1,Maimuna Tamba ,,1,EDN2661-X,20240703_101009.jpg,3,abarjo,,2
IN-M-426G,recruitment_arm_1,,,SK,1995-01-10,2024-07-03,10:16,29.5,1,,2,1,ISATOU JOBE ,,1,EDN0298-C,20240703_103318.jpg,2,otbah,,2
IN-M-427G,recruitment_arm_1,,,JC,1985-07-15,2024-07-03,10:50,39,1,,1,1,Maimuna Tamba,,1,EDN0529-F,17200042012373833872143030857863.jpg,2,abarjo,,2
IN-M-428C,recruitment_arm_1,,,BS,1988-07-02,2024-07-03,10:52,36,1,,1,1,ISATOU JOBE ,,0,,20240703_104827.jpg,1,otbah,,2
IN-M-429A,recruitment_arm_1,,,BS,1994-07-02,2024-07-03,11:20,30,1,,1,1,Maimuna Tamba ,,1,EDN1037-L,17200058572308733494301844014788.jpg,1,abarjo,,2
IN-M-430H,recruitment_arm_1,,,RK,1988-07-02,2024-07-03,11:27,36,1,,2,1,ISATOU JOBE ,,0,,20240703_114936.jpg,1,otbah,,2
IN-M-431J,recruitment_arm_1,,,FD,1986-02-16,2024-07-08,09:05,38.4,1,,1,1,Maimuna Ceesay,,1,EDN1340-O,IMG_20240708_094122_013[1].jpg,1,kyceesay,,2
IN-M-432G,recruitment_arm_1,,,AD,2003-05-09,2024-07-08,12:20,21.2,1,,1,1,Maimuna Ceesay ,,1,EDN1163-M,20240708_123610.jpg,1,abarjo,,2
IN-M-433G,recruitment_arm_1,,,HS,1997-04-24,2024-07-08,14:13,27.2,1,,1,1,Maimuna Ceesay ,,1,EDN2051-U,20240708_140923.jpg,3,abarjo,,2
IN-M-434E,recruitment_arm_1,,,KD,1996-06-12,2024-07-09,09:23,28.1,1,,1,1,ISATOU JOBE ,,0,,20240709_100551.jpg,2,otbah,,2
IN-M-435H,recruitment_arm_1,,,BT,1988-11-03,2024-07-09,09:56,35.7,1,,1,1,Maimuna Ceesay ,,0,,17205199566583319833542981860821.jpg,1,abarjo,,2
IN-M-436A,recruitment_arm_1,,,IB,1994-07-29,2024-07-09,11:39,29.9,1,,1,1,Maimuna Ceesay ,,0,,17205267314066644787400948676981.jpg,3,abarjo,,2
IN-M-437J,recruitment_arm_1,,,IT,1995-04-15,2024-07-09,10:55,29.2,1,,4,1,Halima Njie,"Wolof is not yet added as language of consent.
Now added.",0,,20240709_115615[1].jpg,3,kyceesay,,2
IN-M-438G,recruitment_arm_1,,,FK,1995-02-10,2024-07-09,10:32,29.4,1,,1,1,ISATOU JOBE ,,0,,20240709_104842.jpg,2,otbah,,2
IN-M-439F,recruitment_arm_1,,,YJ,2004-01-26,2024-07-09,11:22,20.5,1,,4,1,ISATOU JOBE ,,1,EDN2386-G,20240709_114451.jpg,3,otbah,,2
IN-M-440F,recruitment_arm_1,,,JJ,1992-03-03,2024-07-09,12:55,32.4,1,,4,1,Halima Njie,,1,EDN2394-K,20240709_133306[1].jpg,3,kyceesay,,2
IN-M-441F,recruitment_arm_1,,,KT,2000-03-02,2024-07-09,14:54,24.4,1,,4,1,Halima Njie,"Wollof not yet added to dropdown of language of consenting.

Now added and completed.",1,EDN2400-N,,3,kyceesay,,2
IN-M-442H,recruitment_arm_1,,,MD,2000-12-10,2024-07-11,10:14,23.6,1,,1,1,Maimuna Ceesay,,1,EDN1640-D,20240711_104626[1].jpg,2,kyceesay,,2
IN-M-443B,recruitment_arm_1,,,SS,1987-04-10,2024-07-10,12:11,37.3,1,,1,1,Isatou  Jobe ,,1,EDN1907-V,20240710_123519.jpg,3,kkora,,2
IN-M-444E,recruitment_arm_1,,,MCT,1987-06-10,2024-07-10,12:34,37.1,1,,4,1,Halima Njie,"Wollof is not yet added on to the drop down for language of consenting.

Now added and completed.",1,EDN2730-T,20240710_131248.heic,3,kyceesay,,2
IN-M-445G,recruitment_arm_1,,,KS,1998-11-05,2024-07-11,11:51,25.7,1,,1,1,Maimuna Ceesay,,1,EDN1939-J,20240711_121129[1].jpg,3,kyceesay,,2
IN-M-446E,recruitment_arm_1,,,SJ,1998-02-11,2024-07-11,14:06,26.4,1,,1,1,Maimuna Ceesay,,1,EDN1980-U,20240711_142429[1].heic,3,kyceesay,,2
IN-M-447J,recruitment_arm_1,,,KS,2000-01-02,2024-07-15,10:32,24.5,1,,1,1,Maimuna Ceesay ,,1,EDN1423-W,17210407714617688511898366442867.jpg,1,abarjo,,2
IN-M-448A,recruitment_arm_1,,,SD,1993-07-02,2024-07-15,11:43,31,1,,1,1,Maimuna Ceesay ,,1,EDN1521-A,17210443011057085155049159421181.jpg,1,abarjo,,2
IN-M-449F,recruitment_arm_1,,,NBS,1998-03-15,2024-07-17,10:38,26.3,1,,1,1,Maimuna Ceesay,,1,EDN0020-H,IMG_20240717_110826_352[1].jpg,2,kyceesay,,2
IN-M-450E,recruitment_arm_1,,,FB,2002-03-06,2024-07-17,09:50,22.4,1,,1,1,Isatou Jobe ,,0,,17212109556687064495762143191269.jpg,1,abarjo,,2
IN-M-451B,recruitment_arm_1,,,FD,1990-06-06,2024-07-17,11:37,34.1,1,,1,1,Isatou Jobe ,,1,EDN1709-C,20240717_115933.jpg,2,kkora,,2
IN-M-452K,recruitment_arm_1,,,KB,1995-12-06,2024-07-17,10:33,28.6,1,,1,1,Isatou Jobe,,0,,17212178580907821669254385285065.jpg,1,abarjo,,2
IN-M-453D,recruitment_arm_1,,,FJ,2002-01-01,2024-07-17,11:46,22.5,1,,1,1,Maimuna Ceesay,,1,EDN1941-K,IMG_20240717_120802_704[1].jpg,3,kyceesay,,2
IN-M-454C,recruitment_arm_1,,,NF,1995-11-07,2024-07-17,12:43,28.7,1,,1,1,Isatou Jobe ,,1,EDN1950-U,20240717_131422.jpg,3,kkora,,2
IN-M-455F,recruitment_arm_1,,,SJ,1998-12-31,2024-07-17,14:05,25.5,1,,2,1,Isatou Jobe,,1,EDN1932-Y,20240717_142836[1].jpg,3,mdanjo,,2
IN-M-456A,recruitment_arm_1,,,MS,2006-01-07,2024-07-22,09:45,18.5,1,,2,1,ISATOU JOBE ,,1,EDN2696-T,20240722_103433[1].jpg,3,otbah,,2
IN-M-457G,recruitment_arm_1,,,Fj,1996-02-14,2024-07-22,11:09,28.4,1,,2,1,ISATOU JOBE,,1,EDN2587-P,20240722_113335[1].jpg,3,otbah,,2
IN-M-458H,recruitment_arm_1,,,IC,1992-05-25,2024-07-22,10:34,32.2,1,,2,1,ISATOU JOBE,,1,EDN2594-G,20240722_115922[1].jpg,3,otbah,,2
IN-M-459E,recruitment_arm_1,,,JJ,1997-03-27,2024-07-23,09:57,27.3,1,,2,1,ISATOU JOBE ,,1,EDN1659-A,20240723_105828.jpg,2,otbah,,2
IN-M-460E,recruitment_arm_1,,,FJ,1985-02-18,2024-07-23,10:33,39.4,1,,1,1,Sarita Ceesay,,1,EDN2160-N,20240723_111518.jpg,3,kkora,,2
IN-M-461H,recruitment_arm_1,,,AD,1994-04-25,2024-07-23,11:40,30.2,1,,1,1,Sarita Ceesay,,1,EDN2062-M,20240723_122750.jpg,3,kkora,,2
IN-M-462F,recruitment_arm_1,,,N Y,2000-08-08,2024-07-23,10:32,24,1,,1,1,maimuna Ceesay ,,0,,20240723_102503.jpg,2,amjoof,,2
IN-M-463G,recruitment_arm_1,,,SN,1998-07-02,2024-07-23,10:35,26.1,1,,2,1,ISATOU JOBE ,,1,EDN0995-D,20240723_115454.jpg,1,otbah,,2
IN-M-464J,recruitment_arm_1,,,KD,2003-01-04,2024-07-23,11:29,21.6,1,,1,1,maimuna Ceesay ,,1,EDN2082-G,20240723_111843.jpg,3,amjoof,,2
IN-M-465G,recruitment_arm_1,,,IJ,1996-08-18,2024-07-23,11:28,27.9,1,,1,1,ISATOU JOBE ,,1,EDN0197-B,20240723_130340.jpg,2,otbah,,2
IN-M-466E,recruitment_arm_1,,,JB,2002-06-08,2024-07-23,12:59,22.1,1,,1,1,Sarita Ceesay ,,0,,20240723_133258.jpg,2,kkora,,2
IN-M-467H,recruitment_arm_1,,,MB,1998-01-14,2024-07-24,10:07,26.5,1,,2,1,ISATOU JOBE ,,1,EDN0381-A,20240724_101702.jpg,1,otbah,,2
IN-M-468H,recruitment_arm_1,,,FD,1999-02-25,2024-07-24,10:00,25.4,1,,1,1,Sarita Ceesay ,,1,EDN1216-P,20240724_102900.jpg,1,kkora,,2
IN-M-469E,recruitment_arm_1,,,KS,2002-07-15,2024-07-24,09:29,22,1,,2,1,ISATOU JOBE ,,1,EDN2781-X,20240724_093714.jpg,2,otbah,,2
IN-M-470A,recruitment_arm_1,,,IC,1988-07-09,2024-07-24,09:32,36,1,,1,1,maimuna Ceesay ,,1,EDN0366-B,20240724_093149.jpg,2,amjoof,,2
IN-M-471A,recruitment_arm_1,,,IJ,1994-09-09,2024-07-24,10:42,29.9,1,,2,1,ISATOU JOBE ,,1,EDN1605-K,20240724_103518.jpg,1,otbah,,2
IN-M-472E,recruitment_arm_1,,,MD,1995-10-29,2024-07-24,11:12,28.7,1,,1,1,Sarita Ceesay ,,1,EDN1062-L,20240724_114701.jpg,1,kkora,,2
IN-M-473C,recruitment_arm_1,,,MJ,2002-04-04,2024-07-24,12:13,22.3,1,,1,1,Sarita Ceesay ,,1,EDN1555-D,20240724_125018.jpg,1,kkora,,2
IN-M-474B,recruitment_arm_1,,,AF,1998-10-09,2024-07-25,09:32,25.8,1,,1,1,SARITA CEESAY ,,1,EDN0164-K,20240725_103712.jpg,2,otbah,,2
IN-M-475G,recruitment_arm_1,,,CS,1985-04-15,2024-07-25,10:25,39.3,1,,1,1,SARITA CEESAY ,,1,EDN0188-F,20240725_110710.jpg,2,otbah,,2
IN-M-476N,recruitment_arm_1,,,SD,1992-06-16,2024-07-30,11:10,32.1,1,,1,1,Sarita Ceesay ,,0,,20240730_120151.jpg,2,kkora,,2
IN-M-477F,recruitment_arm_1,,,IF,1995-03-14,2024-07-25,11:07,29.4,1,,1,1,SARITA CEESAY ,,1,EDN0782-F,20240725_120654.jpg,2,otbah,,2
IN-M-478F,recruitment_arm_1,,,MC,2001-05-01,2024-07-30,12:42,23.2,1,,1,1,Sarita Ceesay ,,1,EDN2089-R,20240730_123723.jpg,3,kkora,,2
IN-M-479F,recruitment_arm_1,,,JB,1994-07-05,2024-08-01,09:49,30.1,1,,1,1,Maimuna Ceesay,,1,EDN0600-C,IMG_20240801_101542_209[1].jpg,,kyceesay,,2
IN-M-480A,recruitment_arm_1,,,FT,1997-01-20,2024-08-01,10:39,27.5,1,,3,1,,,0,,17225098831416250904335427393303.jpg,3,abarjo,,2
IN-M-481K,recruitment_arm_1,,,TS,1998-01-10,2024-07-30,10:54,26.6,1,,1,1,maimuna Ceesay ,,1,EDN2107-K,20240730_101959.jpg,3,amjoof,,2
IN-M-482E,recruitment_arm_1,,,FT,1997-04-14,2024-07-30,12:06,27.3,1,,4,1,Isatou Ceesay,,1,EDN2413-L,IMG_20240730_140603_652[1].jpg,3,kyceesay,,2
IN-M-483S,recruitment_arm_1,,,FC,1999-04-15,2024-08-01,11:35,25.3,1,,1,1,Maimuna Ceesay,,1,EDN1882-H,IMG_20240801_115324_515[1].jpg,,kyceesay,,2
IN-M-484H,recruitment_arm_1,,,JF,1993-08-08,2024-08-01,11:45,31,1,,1,1,Maimuna Ceesay ,,1,EDN0160-B,1722513576074641143975485168263.jpg,2,abarjo,,2
IN-M-485G,recruitment_arm_1,,,FJ,1990-01-11,2024-08-06,10:12,34.6,1,,1,1,Sarita Ceesay ,,0,,20240806_140420.jpg,1,kkora,,2
IN-M-486J,recruitment_arm_1,,,SS,2006-02-04,2024-08-06,11:45,18.5,1,,1,1,Sarita Ceesay ,,0,,20240806_121902.jpg,3,kkora,,2
IN-M-487A,recruitment_arm_1,,,FS,1987-12-19,2024-08-06,10:09,36.6,1,,1,1,isatou jobe ,,1,EDN1029-D,20240806_101518.jpg,2,amjoof,,2
IN-M-488C,recruitment_arm_1,,,SM,1995-01-01,2024-08-06,10:38,29.6,1,,4,1,Isatou Ceesay,,1,EDN2439-V,20240806_115854[1].jpg,3,kyceesay,,2
IN-M-489D,recruitment_arm_1,,,MN,2002-03-24,2024-08-06,11:12,22.4,1,,1,1,isatou jobe ,,0,,20240806_110524.jpg,3,amjoof,,2
IN-M-490E,recruitment_arm_1,,,KS,1999-03-27,2024-08-06,14:48,25.4,1,,1,1,,,1,EDN2660-P,20240806_152924[1].jpg,1,kyceesay,,2
IN-M-491D,recruitment_arm_1,,,IJ,2000-07-02,2024-08-07,09:41,24.1,1,,1,1,Sarita Ceesay ,,1,EDN0838-C,20240807_094109.jpg,1,kkora,,2
IN-M-492E,recruitment_arm_1,,,HS,1988-07-02,2024-08-07,09:40,36.1,1,,1,1,Isatou jobe ,,0,,20240807_094133.jpg,1,amjoof,,2
IN-M-493A,recruitment_arm_1,,,MS,2000-07-02,2024-08-07,10:31,24.1,1,,2,1,Isatou jobe ,,0,,20240807_103030.jpg,1,amjoof,,2
IN-M-494G,recruitment_arm_1,,,JD,1989-07-02,2024-08-07,10:53,35.1,1,,1,1,Sarita Ceesay ,,0,,20240807_105220.jpg,1,kkora,,2
IN-M-495J,recruitment_arm_1,,,JN,2002-03-12,2024-08-08,10:09,22.4,1,,1,1,Maimuna Ceesay,,1,EDN1802-C,IMG_20240808_105252_691[1].jpg,1,kyceesay,,2
IN-M-496D,recruitment_arm_1,,,IJ,1994-07-02,2024-08-13,09:17,30.1,1,,2,1,ISATOU JOBE ,,1,EDN1227-B,20240813_101018.jpg,1,otbah,,2
IN-M-497A,recruitment_arm_1,,,KJ,2003-02-18,2024-08-13,10:20,21.5,1,,1,0,,,0,,20240813_104520.jpg,1,kkora,,2
IN-M-498F,recruitment_arm_1,,,IJ,1996-07-02,2024-08-13,10:47,28.1,1,,2,1,ISATOU JOBE ,,0,,20240813_110706.jpg,3,otbah,,2
IN-M-499J,recruitment_arm_1,,,IC,1993-02-20,2024-08-13,11:25,31.5,1,,4,1,Isatou Ceesay,,0,,IMG_20240813_120817_716[1].jpg,3,kyceesay,,2
IN-M-500D,recruitment_arm_1,,,MC,1999-05-21,2024-08-13,12:18,25.2,1,,1,1,Isatou Jobe ,,0,,20240813_122259.jpg,1,kkora,,2
IN-M-501E,recruitment_arm_1,,,IC,2000-03-15,2024-08-13,13:03,24.4,1,,4,1,Isatou Ceesay,,1,EDN2350-R,IMG_20240813_133240_302[1].jpg,3,kyceesay,,2
IN-M-502C,recruitment_arm_1,,,HT,1993-01-15,2024-08-21,10:37,31.6,1,,4,1,Isatou Ceesay,,1,EDN2392-A,IMG_20240821_111035_269[1].jpg,3,kyceesay,,2
IN-M-503D,recruitment_arm_1,,,YT,2000-04-02,2024-08-21,11:29,24.4,1,,4,1,Isatou Ceesay,,1,EDN2272-G,IMG_20240821_122303_176[1].jpg,3,kyceesay,,2
IN-M-504B,recruitment_arm_1,,,OB,1992-04-20,2024-08-21,12:03,32.3,1,,4,1,Isatou Ceesay,,1,EDN2382-U,IMG_20240821_122357_016[1].jpg,3,kyceesay,,2
IN-M-505A,recruitment_arm_1,,,HJ,2003-07-02,2024-08-21,09:57,21.1,1,,2,1,ISATOU JOBE ,,1,EDN2785-J,20240821_104852.jpg,2,otbah,,2
IN-M-506F,recruitment_arm_1,,,JD,1993-10-30,2024-08-21,10:37,30.8,1,,1,1,Maimuna Ceesay ,,0,,20240821_111506.jpg,2,abarjo,,2
IN-M-507F,recruitment_arm_1,,,FC,1988-04-25,2024-08-21,10:42,36.3,1,,1,1,Maimuna Ceesay ,,0,,20240821_105844.jpg,1,kkora,,2
IN-M-508G,recruitment_arm_1,,,JB,1993-05-25,2024-08-21,10:45,31.2,1,,2,1,ISATOU JOBE ,,1,EDN2695-J,20240821_111219.jpg,3,otbah,,2
IN-M-509F,recruitment_arm_1,,,SS,1991-02-24,2024-08-21,12:17,33.5,1,,1,1,Maimuna Ceesay ,,1,EDN2650-M,20240821_121040.jpg,3,kkora,,2
IN-M-510E,recruitment_arm_1,,,MD,1998-01-10,2024-08-21,12:09,26.6,1,,1,1,ISATOU JOBE ,,0,,20240821_121118.jpg,1,otbah,,2
IN-M-511F,recruitment_arm_1,,,FD,1985-01-25,2024-08-21,12:12,39.6,1,,1,1,Maimuna Ceesay ,,0,,20240821_125244.jpg,2,abarjo,,2
IN-M-512G,recruitment_arm_1,,,MF,1988-11-09,2024-08-21,13:57,35.8,1,,1,1,Isatou Jobe,,1,EDN0175-E,20240821_143316.jpg,,abarjo,,2
IN-M-513A,recruitment_arm_1,,,AM,1993-04-02,2024-08-27,11:36,31.4,1,,1,1,Maimuna Ceesay,,1,EDN1564-G,IMG_20240827_115823_853[1].jpg,1,kyceesay,,2
IN-M-514B,recruitment_arm_1,,,KJ,2002-05-03,2024-08-28,09:47,22.3,1,,2,1,ISATOU JOBE ,,1,EDN2787-Y,20240828_105630[1].heic,2,otbah,,2
IN-M-515D,recruitment_arm_1,,,KT,1986-07-02,2024-08-28,09:42,38.2,1,,1,1,suwaibou manneh ,,1,EDN0622-F,20240828_093357[1].jpg,1,amjoof,,2
IN-M-516E,recruitment_arm_1,,,AM,2003-02-01,2024-08-28,09:40,21.6,1,,1,1,Maimuna Ceesay ,,1,EDN1386-K,20240828_095533.jpg,1,abarjo,,2
IN-M-517H,recruitment_arm_1,,,NN,1992-02-16,2024-08-28,10:41,32.5,1,,1,1,Maimuna Ceesay ,,0,,20240828_105458.jpg,,abarjo,,2
IN-M-518H,recruitment_arm_1,,,FJ,1990-12-30,2024-08-28,11:10,33.7,1,,1,1,suwaibou manneh ,,0,,20240828_113614[1].jpg,1,amjoof,,2
IN-M-519J,recruitment_arm_1,,,MC,1985-12-13,2024-08-28,10:25,38.7,1,,1,1,ISATOU JOBE ,,1,EDN0004-F,20240828_121446[1].heic,2,otbah,,2
IN-M-520B,recruitment_arm_1,,,MT,1997-12-13,2024-08-28,11:38,26.7,1,,1,1,Maimuna Ceesay ,,0,,20240828_120136.jpg,1,abarjo,,2
IN-M-521K,recruitment_arm_1,,,NC,1993-10-19,2024-08-28,11:58,30.9,1,,1,1,suwaibou manneh ,,0,,20240828_123018[1].jpg,1,amjoof,,2
IN-M-522A,recruitment_arm_1,,,FS,1997-01-31,2024-08-28,12:56,27.6,1,,1,1,Maimuna Ceesay ,,0,,20240828_131151.jpg,1,abarjo,,2
IN-M-523A,recruitment_arm_1,,,FC,1993-09-12,2024-08-28,12:55,31,1,,1,1,suwaibou manneh ,,0,,20240828_131125[1].jpg,1,amjoof,,2
IN-M-524J,recruitment_arm_1,,,AS,1993-02-18,2024-08-28,11:46,31.5,1,,1,1,ISATOU JOBE ,,0,,20240828_131203[1].jpg,1,otbah,,2
IN-M-525G,recruitment_arm_1,,,IK,1992-03-04,2024-08-28,13:51,32.5,1,,1,1,Maimuna Ceesay ,,1,EDN2017-T,20240828_140848.jpg,3,abarjo,,2
IN-M-526B,recruitment_arm_1,,,MC,1989-12-02,2024-08-28,14:08,34.7,1,,1,1,suwaibou manneh ,,0,,20240828_142314.jpg,2,amjoof,,2
IN-M-527F,recruitment_arm_1,,,KS,2000-06-07,2024-08-28,14:42,24.2,1,,1,1,Maimuna Ceesay ,,0,,20240828_145728.jpg,3,abarjo,,2
IN-M-528J,recruitment_arm_1,,,FB,1996-01-01,2024-08-29,10:40,28.7,1,,1,1,Maimuna Ceesay ,,0,,20240829_104931.jpg,1,abarjo,,2
IN-M-529C,recruitment_arm_1,,,BB,1989-07-10,2024-08-29,11:22,35.1,1,,1,1,Maimuna Ceesay ,,1,EDN1102-B,20240829_113503.jpg,1,abarjo,,2
IN-M-530F,recruitment_arm_1,,,HN,1999-11-29,2024-09-03,10:30,24.8,1,,4,1,Isatou Ceesay,,1,EDN2206-P,IMG_20240903_111338_386[1].jpg,3,kyceesay,,2
IN-M-531E,recruitment_arm_1,,,AS,1995-12-27,2024-09-03,10:50,28.7,1,,1,1,Sarita Ceesay ,,1,EDN1419-S,20240903_110551.jpg,1,kkora,,2
IN-M-532F,recruitment_arm_1,,,BC,1997-11-13,2024-09-03,11:58,26.8,1,,1,1,Sarita Ceesay ,,1,EDN1818-D,20240903_122002.jpg,3,kkora,,2
IN-M-533E,recruitment_arm_1,,,KB,2002-06-15,2024-09-03,10:32,22.2,1,,1,1,Maimuna Ceesay ,,0,,20240903_112101.jpg,2,abarjo,,2
IN-M-534J,recruitment_arm_1,,,OJ,2000-03-30,2024-09-03,11:08,24.4,1,,1,1,maimuna Ceesay ,,0,,IMG_20240903_114404_889[1].jpg,2,amjoof,,2
IN-M-535A,recruitment_arm_1,,,FT,1991-03-02,2024-09-03,12:20,33.5,1,,4,1,Isatou Ceesay,,0,,IMG_20240903_124317_236[1].jpg,3,kyceesay,,2
IN-M-536D,recruitment_arm_1,,,ND,1985-07-02,2024-09-03,12:16,39.2,1,,1,1,Maimuna Ceesay ,,1,EDN1022-V,20240903_123824.jpg,1,abarjo,,2
IN-M-537A,recruitment_arm_1,,,AD,1985-04-27,2024-09-03,13:04,39.4,1,,1,1,Sarita Ceesay ,,0,,20240903_131541.jpg,1,kkora,,2
IN-M-538R,recruitment_arm_1,,,SC,1998-04-12,2024-09-03,13:36,26.4,1,,1,1,Maimuna Ceesay ,,1,EDN1757-H,20240903_135811.jpg,2,abarjo,,2
IN-M-539F,recruitment_arm_1,,,AC,1988-09-25,2024-09-03,14:03,35.9,1,,1,1,Sarita Ceesay ,,1,EDN0134-F,20240903_135237.jpg,2,kkora,,2
IN-M-540Q,recruitment_arm_1,,,IJ,1990-07-02,2024-09-04,09:17,34.2,1,,1,1,MAIMUNA CEESAY ,,1,EDN2754-J,20240904_095823.jpg,1,otbah,,2
IN-M-541A,recruitment_arm_1,,,KB,1988-11-10,2024-09-04,10:00,35.8,1,,1,1,Maimuna Ceesay ,,0,,20240904_103224.jpg,1,abarjo,,2
IN-M-542D,recruitment_arm_1,,,SB,1989-07-16,2024-09-04,11:02,35.1,1,,1,1,SARITA CEESAY ,,1,EDN0574-D,20240904_113216.jpg,1,abarjo,,2
IN-M-543C,recruitment_arm_1,,,SB,1991-03-27,2024-09-04,11:13,33.4,1,,1,1,Maimuna Ceesay ,,1,EDN1542-H,20240904_113830.jpg,1,abarjo,,2
IN-M-544H,recruitment_arm_1,,,MS,1992-05-17,2024-09-04,12:22,32.3,1,,1,1,SARITA  CEESAY ,,1,EDN0837-E,20240904_123849.jpg,1,abarjo,,2
IN-M-545G,recruitment_arm_1,,,IJ,1997-03-10,2024-09-04,13:01,27.5,1,,3,,,,1,EDN2586-I,17254562921436422542340809556476.jpg,3,abarjo,,2
IN-M-546H,recruitment_arm_1,,,KB,2005-10-29,2024-09-04,14:02,18.9,1,,1,1,SARITA  CEESAY ,,1,EDN2814-R,20240904_141701.jpg,,abarjo,,2
IN-M-547E,recruitment_arm_1,,,RK,1997-12-11,2024-09-09,10:03,26.7,1,,1,1,Maimuna Ceesay ,,0,,20240909_103005.jpg,1,abarjo,,2
IN-M-548A,recruitment_arm_1,,,BJ,1994-02-18,2024-09-09,10:27,30.6,1,,1,1,Sarita Ceesay,,0,,20240909_110402[1].jpg,2,kyceesay,,2
IN-M-549T,recruitment_arm_1,,,KK,1991-07-22,2024-09-09,11:18,33.1,1,,1,1,Maimuna Ceesay ,,1,EDN0544-A,20240909_112916.jpg,2,abarjo,,2
IN-M-550J,recruitment_arm_1,,,NF,2002-03-16,2024-09-09,11:47,22.5,1,,1,1,Sarita Ceesay,,1,EDN0161-H,20240909_122002[1].jpg,2,kyceesay,,2
IN-M-551K,recruitment_arm_1,,,KD,2000-12-27,2024-09-09,12:59,23.7,1,,1,1,Sarita Ceesay,,0,,20240909_132554[1].jpg,1,kyceesay,,2
IN-M-552E,recruitment_arm_1,,,AJ,1999-07-02,2024-09-09,13:15,25.2,1,,1,1,Maimuna Ceesay ,,0,,20240909_134107.jpg,1,abarjo,,2
IN-M-553D,recruitment_arm_1,,,IC,1999-05-25,2024-09-17,10:17,25.3,1,,1,1,MAIMUNA CEESAY ,,1,EDN0860-D,20240917_105359.jpg,1,otbah,,2
IN-M-554A,recruitment_arm_1,,,JM,2001-11-17,2024-09-17,11:11,22.8,1,,1,1,MAIMUMA CEESAY,,1,EDN0859-J,20240917_115856.jpg,1,otbah,,2
IN-M-555A,recruitment_arm_1,,,HM,1997-03-20,2024-09-17,12:06,27.5,1,,1,1,MAIMUMA CEESAY,,1,EDN1849-K,20240917_130220.jpg,3,otbah,,2
IN-M-556P,recruitment_arm_1,,,AS,1993-10-30,2024-09-18,10:52,30.9,1,,1,1,SARITA CEESAY ,,1,EDN0114-D,20240918_111700.jpg,2,abarjo,,2
IN-M-557F,recruitment_arm_1,,,PJ,1989-06-03,2024-09-18,10:37,35.3,1,,2,1,ISATOU JOBE ,,1,EDN2614-B,20240918_113924.jpg,3,otbah,,2
IN-M-558A,recruitment_arm_1,,,MS,2001-05-27,2024-09-18,11:20,23.3,1,,1,1,Maimuna Ceesay,,0,,20240918_114957[1].jpg,3,kyceesay,,2
IN-M-559E,recruitment_arm_1,,,JK,1992-07-18,2024-09-18,11:48,32.2,1,,1,1,SARITA CEESAY ,,0,,20240918_115852.jpg,,abarjo,,2
IN-M-560K,recruitment_arm_1,,,MC,1989-07-02,2024-09-18,11:45,35.2,1,,2,1,Isatou Jobe,,1,EDN0391-K,20240918_122850[1].jpg,1,otbah,,2
IN-M-561G,recruitment_arm_1,,,MC,1994-04-08,2024-09-18,12:14,30.4,1,,1,1,Maimuna Ceesay,,0,,20240918_124218[1].jpg,3,kyceesay,,2
IN-M-562J,recruitment_arm_1,,,HB,1987-04-07,2024-09-18,12:25,37.5,1,,2,1,ISATOU JOBE ,,1,EDN0429-H,20240918_135820.jpg,1,otbah,,2
IN-M-563B,recruitment_arm_1,,,IC,2003-05-05,2024-09-18,14:34,21.4,1,,1,1,Sarita Ceesay,,1,EDN2774-R,20240918_150311[1].jpg,2,kyceesay,,2
IN-M-564G,recruitment_arm_1,,,MT,2004-05-09,2024-09-19,10:37,20.4,1,,4,1,Halima Njie,,1,EDN2737-U,20240919_110252[1].jpg,3,kyceesay,,2
IN-M-565F,recruitment_arm_1,,,MS,2000-02-22,2024-09-19,09:44,24.6,1,,1,1,ISATOU JOBE ,,1,EDN2088-T,20240919_102133.jpg,3,otbah,,2
IN-M-566K,recruitment_arm_1,,,FT,1994-06-05,2024-09-19,09:52,30.3,1,,1,1,Maimuna Ceesay ,,1,EDN2188-Y,20240919_100915.jpg,3,abarjo,,2
IN-M-567C,recruitment_arm_1,,,FK,1994-01-01,2024-09-19,10:52,30.7,1,,1,1,MAIMUNA CEESAY ,,1,EDN2154-D,20240919_105147.jpg,3,otbah,,2
IN-M-568A,recruitment_arm_1,,,FD,1986-05-19,2024-09-24,09:54,38.4,1,,1,1,Sarita Ceesay ,,0,,20240924_094246.jpg,1,amjoof,,2
IN-M-569D,recruitment_arm_1,,,FF,1987-12-26,2024-09-24,09:34,36.7,1,,1,1,Suwaibou Manneh,,0,,20240924_094536.jpg,3,abarjo,,2
IN-M-570H,recruitment_arm_1,,,FC,2000-06-01,2024-09-24,09:57,24.3,1,,2,1,ISATOU JOBE ,,0,,20240924_104327.jpg,3,otbah,,2
IN-M-571D,recruitment_arm_1,,,FB,2000-03-02,2024-09-24,10:52,24.6,1,,1,1,Suwaibou Manneh ,,1,EDN1302-B,20240924_111327.jpg,1,abarjo,,2
IN-M-572F,recruitment_arm_1,,,NC,2001-12-09,2024-09-24,10:48,22.8,1,,1,1,Sarita Ceesay ,,1,EDN0264-A,20240924_105741.jpg,2,amjoof,,2
IN-M-573H,recruitment_arm_1,,,FJ,1988-05-02,2024-09-24,11:48,36.4,1,,1,1,ISATOU JOBE ,,1,EDN2179-F,20240924_121121.jpg,3,otbah,,2
IN-M-574K,recruitment_arm_1,,,BN,2001-04-24,2024-09-24,11:51,23.4,1,,1,1,Sarita Ceesay ,,1,EDN1511-H,20240924_115039.jpg,1,amjoof,,2
IN-M-575J,recruitment_arm_1,,,BM,1999-12-10,2024-09-24,12:33,24.8,1,,1,1,Sarita Ceesay ,,1,EDN0883-F,20240924_125155.jpg,1,amjoof,,2
IN-M-576G,recruitment_arm_1,,,KB,1994-10-16,2024-09-25,09:12,29.9,1,,1,1,maimuna Ceesay ,,1,EDN0668-B,20240925_093514.jpg,1,amjoof,,2
IN-M-577D,recruitment_arm_1,,,SJ,1991-09-17,2024-09-25,10:02,33,1,,1,1,Suwaibou Manneh,,1,EDN1433-H,20240925_102910.jpg,1,abarjo,,2
IN-M-578G,recruitment_arm_1,,,ZD,1989-02-02,2024-09-25,09:42,35.6,1,,1,1,Suwaibou Manneh ,,1,EDN0821-C,20240925_101030.jpg,1,abarjo,,2
IN-M-579A,recruitment_arm_1,,,FD,1995-12-15,2024-09-25,10:09,28.8,1,,1,1,maimuna Ceesay ,,1,EDN2672-D,20240925_100052.jpg,3,amjoof,,2
IN-M-580A,recruitment_arm_1,,,AF,1998-06-09,2024-09-26,09:59,26.3,1,,1,1,Sarita Ceesay,,1,EDN0210-A,20240926_102453[1].jpg,2,kyceesay,,2
IN-M-581A,recruitment_arm_1,,,JF,1996-01-15,2024-09-26,10:50,28.7,1,,1,1,Sarita Ceesay,,0,,20240926_112521[1].heic,2,kyceesay,,2
IN-M-582H,recruitment_arm_1,,,FS,2004-08-17,2024-09-26,12:15,20.1,1,,1,1,Sarita Ceesay,,0,,20240926_124142[1].heic,2,kyceesay,,2
IN-M-583B,recruitment_arm_1,,,KB,2002-09-01,2024-10-01,09:32,22.1,1,,2,1,ISATOU JOBE ,,0,,20241001_100238.jpg,1,otbah,,2
IN-M-584K,recruitment_arm_1,,,KC,1986-06-20,2024-10-01,10:25,38.3,1,,2,1,ISATOU JOBE,,1,EDN2552-T,20241001_105617.jpg,1,otbah,,2
IN-M-585A,recruitment_arm_1,,,KF,2001-09-04,2024-10-01,11:48,23.1,1,,1,1,Maimuna Ceesay ,,1,EDN2803-P,20241001_115117.jpg,2,kkora,,2
IN-M-586C,recruitment_arm_1,,,MB,1988-04-11,2024-10-01,12:23,36.5,1,,2,1,ISATOU JOBE ,,1,EDN0122-H,20241001_123058.jpg,2,otbah,,2
IN-M-587B,recruitment_arm_1,,,HS,1991-12-06,2024-10-03,09:56,32.8,1,,1,1,Maimuna Ceesay ,,0,,20241009_134812.jpg,2,abarjo,,2
IN-M-588C,recruitment_arm_1,,,FS,2002-03-01,2024-10-03,11:20,22.6,1,,1,1,Maimuna Ceesay ,,0,,20241003_112831.jpg,1,abarjo,,2
IN-M-589B,recruitment_arm_1,,,MN,1996-04-06,2024-10-03,12:11,28.5,1,,1,1,Maimuna Ceesay ,,0,,20241003_122013.jpg,1,abarjo,,2
IN-M-590D,recruitment_arm_1,,,BC,1998-10-09,2024-10-03,12:55,26,1,,1,1,Maimuna Ceesay ,,1,EDN1866-Y,17279622264138343938552666075566.jpg,3,abarjo,,2
IN-M-591K,recruitment_arm_1,,,MS,1990-03-28,2024-10-03,14:27,34.5,1,,1,1,Maimuna Ceesay,,0,,2024-10-03 at 4.43.23 PM1.jpeg,2,kyceesay,,2
IN-M-592K,recruitment_arm_1,,,AJ,1992-10-19,2024-10-03,14:25,32,1,,2,1,Isatou Jobe,,0,,2024-10-03 at 4.43.23 PM.jpeg,2,msumbunu,,2
IN-M-593B,recruitment_arm_1,,,MS,1994-09-12,2024-10-08,09:45,30.1,1,,1,1,Maimuna Ceesay ,,0,,20241008_095537.jpg,1,msumbunu,,2
IN-M-594J,recruitment_arm_1,,,JC,1995-11-01,2024-10-08,09:37,28.9,1,,2,1,ISATOU JOBE,,1,EDN1924-A,20241008_100904[1].jpg,3,otbah,,2
IN-M-595E,recruitment_arm_1,,,JF,2000-04-10,2024-10-08,10:35,24.5,1,,1,1,ISATOU JOBE,,1,EDN2825-R,20241008_111441[1].jpg,2,otbah,,2
IN-M-596G,recruitment_arm_1,,,IN,2003-11-21,2024-10-08,10:40,20.9,1,,1,1,Maimuna Ceesay ,,0,,20241008_110159.jpg,1,abarjo,,2
IN-M-597E,recruitment_arm_1,,,NN,1993-04-14,2024-10-08,11:33,31.5,1,,1,1,Maimuna Ceesay ,,0,,20241008_115308.jpg,1,abarjo,,2
IN-M-598J,recruitment_arm_1,,,WF,1997-08-10,2024-10-08,11:25,27.2,1,,1,1,ISATOU JOBE,,1,EDN0236-B,20241008_115847[1].jpg,2,otbah,,2
IN-M-599H,recruitment_arm_1,,,FN,2002-01-21,2024-10-08,12:22,22.7,1,,1,1,ISATOU JOBE,,0,,20241008_125224[1].jpg,1,otbah,,2
IN-M-600J,recruitment_arm_1,,,NC,1993-07-02,2024-10-08,13:38,31.3,1,,1,1,Maimuna Ceesay ,,0,,20241008_135959.jpg,1,abarjo,,2
IN-M-601B,recruitment_arm_1,,,IC,2000-01-10,2024-10-08,13:28,24.7,1,,1,1,ISATOU JOBE,,1,EDN2129-P,20241008_135322[1].jpg,1,otbah,,2
IN-M-602K,recruitment_arm_1,,,KJ,1995-01-04,2024-10-09,09:35,29.8,1,,2,1,ISATOU JOBE,,0,,20241009_095126[1].jpg,1,otbah,,2
IN-M-603C,recruitment_arm_1,,,MS,2000-12-15,2024-10-09,10:23,23.8,1,,2,1,ISATOU JOBE,,1,EDN2819-U,20241009_104407[1].jpg,3,otbah,,2
IN-M-604C,recruitment_arm_1,,,KC,1999-04-20,2024-10-09,11:14,25.5,1,,1,1,Isatou Jobe ,,0,,20241009_113114.jpg,1,abarjo,,2
IN-M-605F,recruitment_arm_1,,,ID,1992-01-14,2024-10-16,09:32,32.8,1,,1,1,ISATOU JOBE ,,1,EDN2007-D,20241016_094107.jpg,3,otbah,,2
IN-M-606H,recruitment_arm_1,,,AD,1990-11-13,2024-10-16,09:55,33.9,1,,1,1,Maimuna Ceesay ,,1,EDN0322-C,20241016_101006.jpg,1,abarjo,,2
IN-M-607A,recruitment_arm_1,,,IA,1993-03-16,2024-10-16,10:17,31.6,1,,2,1,ISATOU JOBE ,,1,EDN2607-Z,20241016_102808.jpg,3,otbah,,2
IN-M-608C,recruitment_arm_1,,,IN,1990-07-02,2024-10-16,11:11,34.3,1,,1,1,Maimuna Ceesay ,,1,EDN1575-C,20241016_112614.jpg,1,abarjo,,2
IN-M-609S,recruitment_arm_1,,,NC,2002-10-04,2024-10-16,11:57,22,1,,1,1,Maimuna Ceesay ,,1,EDN1670-F,20241105_154436[1].jpg,2,abarjo,,2
IN-M-610B,recruitment_arm_1,,,RB,2005-07-02,2024-10-22,10:35,19.3,1,,2,1,ISATOU JOBE ,,0,,20241016_110632.jpg,1,otbah,,2
IN-M-611C,recruitment_arm_1,,,NJ,1985-09-30,2024-10-22,10:42,39.1,1,,1,1,Maimuna Ceesay ,,0,,20241022_105320.jpg,3,abarjo,,2
IN-M-612J,recruitment_arm_1,,,MS,1998-01-20,2024-10-22,12:00,26.8,1,,1,1,Maimuna Ceesay ,,0,,20241022_115814.jpg,3,abarjo,,2
IN-M-613J,recruitment_arm_1,,,MK,1996-07-02,2024-10-16,10:57,28.3,1,,2,1,ISATOU JOBE ,,0,,20241016_110632.jpg,1,otbah,,2
IN-M-614H,recruitment_arm_1,,,FD,1988-04-08,2024-10-22,11:39,36.5,1,,1,1,Maimuna Ceesay ,,1,EDN1352-B,20241022_115754.jpg,1,abarjo,,2
IN-M-615B,recruitment_arm_1,,,FG,1991-07-11,2024-10-22,11:59,33.3,1,,1,1,Isatou Jobe,,1,EDN1496-U,20241022_131825.jpg,1,kkora,,2
IN-M-616D,recruitment_arm_1,,,KS,1989-07-02,2024-10-22,12:59,35.3,1,,1,1,Maimuna Ceesay ,,1,EDN0899-F,20241022_131722.jpg,1,abarjo,,2
IN-M-617G,recruitment_arm_1,,,JB,1988-07-10,2024-10-22,13:54,36.3,1,,1,1,Maimuna Ceesay ,,0,,20241022_141549.jpg,,abarjo,,2
IN-M-618A,recruitment_arm_1,,,AB,1985-11-15,2024-10-22,14:32,38.9,1,,1,1,Maimuna Ceesay ,,1,EDN1443-R,20241022_142543.jpg,1,kkora,,2
IN-M-619F,recruitment_arm_1,,,NJ,1997-04-14,2024-10-23,10:27,27.5,1,,1,1,Maimuna Ceesay ,,0,,20241023_103852.jpg,,abarjo,,2
IN-M-620A,recruitment_arm_1,,,MF,1992-04-02,2024-10-23,10:48,32.6,1,,1,1,Maimuna Ceesay ,,0,,20241023_112343.jpg,3,kkora,,2
IN-M-621F,recruitment_arm_1,,,MS,1997-03-14,2024-10-23,10:37,27.6,1,,2,1,ISATOU JOBE ,,0,,20241023_105553.jpg,1,otbah,,2
IN-M-622E,recruitment_arm_1,,,HC,1998-07-26,2024-10-23,11:35,26.2,1,,4,1,Halima Njie,,1,EDN2199-I,20241023_125328[1].jpg,3,kyceesay,,2
IN-M-623G,recruitment_arm_1,,,ST,1987-02-12,2024-10-23,12:16,37.7,1,,4,1,Halima Njie,,1,EDN2401-N,20241023_125204[1].jpg,3,kyceesay,,2
IN-M-624D,recruitment_arm_1,,,MFC,1994-09-20,2024-10-23,11:25,30.1,1,,4,1,ISATOU JOBE ,,1,EDN2228-Y,20241023_120648.jpg,3,otbah,,2
IN-M-625A,recruitment_arm_1,,,KN,2001-06-09,2024-10-28,09:35,23.4,1,,1,1,Maimuna Ceesay ,,1,EDN0932-G,20241028_094541.jpg,1,abarjo,,2
IN-M-626B,recruitment_arm_1,,,JS,1994-05-17,2024-10-28,10:36,30.5,1,,1,1,Maimuna Ceesay ,,1,EDN1574-H,20241028_104737.jpg,1,abarjo,,2
IN-M-627C,recruitment_arm_1,,,AS,1990-10-24,2024-10-28,11:20,34,1,,1,1,Maimuna Ceesay,,1,EDN1672-G,JP.jpeg,2,kyceesay,,2
IN-M-628G,recruitment_arm_1,,,FS,1990-12-31,2024-10-28,13:20,33.8,1,,1,1,Maimuna Ceesay ,,1,EDN0724-H,20241028_132951.jpg,1,abarjo,,2
IN-M-629A,recruitment_arm_1,,,IM,1998-08-08,2024-10-28,13:47,26.2,1,,1,1,Maimuna Ceesay ,,0,,20241028_140019.jpg,1,abarjo,,2
IN-M-630A,recruitment_arm_1,,,FT,1993-09-15,2024-10-29,09:44,31.1,1,,1,1,Maimuna Ceesay ,,0,,20241029_100156.jpg,1,abarjo,,2
IN-M-631A,recruitment_arm_1,,,HK,1999-04-21,2024-10-29,10:10,25.5,1,,1,1,Isatou Jobe,,0,,20241029_110448[1].jpg,1,kyceesay,,2
IN-M-632J,recruitment_arm_1,,,FJB,2006-01-30,2024-10-29,10:40,18.7,1,,1,1,Maimuna Ceesay ,,0,,20241029_110213.jpg,1,abarjo,,2
IN-M-633H,recruitment_arm_1,,,BM,2004-06-02,2024-10-30,09:25,20.4,1,,1,1,Maimuna Ceesay ,,0,,20241030_093537.jpg,1,abarjo,,2
IN-M-634H,recruitment_arm_1,,,AJ,1990-09-19,2024-10-30,10:02,34.1,1,,1,1,Maimuna Ceesay ,,0,,20241030_101809.jpg,1,abarjo,,2
IN-M-635G,recruitment_arm_1,,,HC,1991-07-04,2024-10-31,10:18,33.3,1,,4,1,Fatou Touray,,1,EDN2717,20241031_103017[1].jpg,3,kyceesay,,2
IN-M-636J,recruitment_arm_1,,,IJ,1994-07-02,2024-10-31,09:50,30.3,1,,1,1,Maimuna Ceesay ,,0,,20241031_095514.jpg,1,abarjo,,2
IN-M-637J,recruitment_arm_1,,,SF,1992-03-07,2024-10-31,10:35,32.7,1,,1,1,Maimuna Ceesay ,,0,,20241031_104559.jpg,3,abarjo,,2
IN-M-638H,recruitment_arm_1,,,FS,1998-07-03,2024-11-04,09:44,26.3,1,,1,1,Maimuna Ceesay ,,0,,20241104_094939.jpg,1,abarjo,,2
IN-M-639G,recruitment_arm_1,,,AD,2003-08-18,2024-11-04,10:33,21.2,1,,1,1,Maimuna Ceesay ,,1,EDN1466-P,20241104_103715.jpg,1,abarjo,,2
IN-M-640E,recruitment_arm_1,,,FB,1986-04-25,2024-11-04,11:35,38.5,1,,1,1,Maimuna Ceesay ,,1,EDN1202-B,20241104_114237.jpg,1,abarjo,,2
IN-M-641B,recruitment_arm_1,,,KB,1990-04-16,2024-11-04,12:21,34.6,1,,1,1,Maimuna Ceesay ,,1,EDN0269-J,20241104_123524.jpg,1,abarjo,,2
IN-M-642N,recruitment_arm_1,,,MC,1992-04-20,2024-11-05,09:31,32.5,1,,1,1,Maimuna Ceesay ,,0,,20241105_152800.jpg,1,abarjo,,2
IN-M-643G,recruitment_arm_1,,,FF,2002-07-02,2024-11-05,10:09,22.3,1,,1,1,Maimuna Ceesay ,,1,EDN1532-E,20241105_101705.jpg,1,abarjo,,2
IN-M-644K,recruitment_arm_1,,,IJ,1991-02-04,2024-11-05,11:00,33.8,1,,1,1,Maimuna Ceesay ,,1,EDN1665-B,20241105_110242.jpg,2,abarjo,,2
IN-M-645K,recruitment_arm_1,,,FD,2003-01-23,2024-11-05,12:23,21.8,1,,1,1,Maimuna Ceesay ,,1,EDN2056-A,20241105_122956.jpg,3,abarjo,,2
IN-M-646F,recruitment_arm_1,,,FD,1985-05-11,2024-11-05,13:30,39.5,1,,1,1,Maimuna Ceesay ,,0,,20241105_132548.jpg,3,abarjo,,2
IN-M-647G,recruitment_arm_1,,,MJ,2001-09-04,2024-11-06,10:46,23.2,1,,1,1,Maimuna Ceesay ,,1,EDN2793-T,20241106_105038.jpg,3,abarjo,,2
IN-M-648G,recruitment_arm_1,,,,,,,,,,,,,,,,,,,,0
IN-M-649K,recruitment_arm_1,,,,,,,,,,,,,,,,,,,,0
IN-M-650E,recruitment_arm_1,,,,,,,,,,,,,,,,,,,,0
