con_participantid_q1,redcap_event_name,redcap_repeat_instrument,redcap_repeat_instance,cbp_date,cbp_time,cbp_plasma_edta_aq1,cbp_edta_aq1_vol,cbp_edta_aq1_noreason,cbp_plasma_edta_aq2,cbp_edta_aq2_vol,cbp_edta_aq2_noreason,cbp_lithhep_aq1,cbp_lithhep_aq1_vol,cbp_lithhep_aq1_noreason,cbp_lithhep_aq2,cbp_lithhep_aq2_vol,cbp_lithhep_aq2_noreason,cbp_comments,cord_blood_processing_complete
IN-M-001E,delivery__postpart_arm_1,,,2023-10-31,13:49,1,1.0,,1,0.8,,1,1.0,,1,1.0,,,2
IN-M-002H,delivery__postpart_arm_1,,,2023-10-09,03:16,1,1.0,,1,0.1,,1,1.0,,0,,Sample insufficient,L.HEP ALQ 2 EMPTY,2
IN-M-004F,delivery__postpart_arm_1,,,2023-10-17,10:35,1,1.0,,1,0.6,,1,1.0,,1,0.7,,,2
IN-M-005J,delivery__postpart_arm_1,,,2023-11-07,02:12,0,,EDTA sample was not collected.,0,,EDTA sample was not collected.,1,0.7,,0,,Sample collected was insufficient,,2
IN-M-007A,delivery__postpart_arm_1,,,2023-10-15,12:16,1,1.0,,1,0.0,,1,1.0,,1,0.3,,EDTA ALQ 2 EMPTY,2
IN-M-009K,delivery__postpart_arm_1,,,,,,,,,,,,,,,,,,0
IN-M-011C,delivery__postpart_arm_1,,,2023-10-07,10:10,1,1.0,,0,,EDTA alq 2 is empty,1,1.0,,0,,L.hep alq 2 is empty,EDTA ALQ 2 AND L.HEP ALQ 2 EMPTY,2
IN-M-012B,delivery__postpart_arm_1,,,2023-11-03,02:50,0,,No EDTA cord blood sample was collected.,0,,No EDTA cord blood sample was collected.,1,1.0,,1,0.5,,"Only Lith Hep cord blood tube was collected and no EDTA cord blood sample. Thus, no aliquots for EDTA plasma.",2
IN-M-013D,delivery__postpart_arm_1,,,2023-10-19,04:35,1,0.8,,0,,SAMPLE NOT ENOUGH,1,0.7,,0,,SAMPLE NOT ENOUGH,EDTA AND L.HEP ALQ 2 EMPTY,2
IN-M-014D,delivery__postpart_arm_1,,,2023-11-05,19:06,1,1.0,,1,1.0,,1,1.0,,1,1.0,,,2
IN-M-016F,delivery__postpart_arm_1,,,2023-09-21,09:30,1,1.0,,1,0.0,,1,1.0,,1,1.0,,EDTA PLASMA 2 EMPTY,2
IN-M-018C,delivery__postpart_arm_1,,,2023-10-06,06:13,1,1.0,,1,0.7,,1,1.0,,1,0.2,,,2
IN-M-020G,delivery__postpart_arm_1,,,2023-10-11,16:10,1,1.0,,1,0.7,,1,1.0,,1,0.5,,,2
IN-M-022E,delivery__postpart_arm_1,,,2023-11-07,21:18,1,0.6,,0,,Sample volume insufficient.,0,,Sample was not collected,0,,Sample was not collected,,2
IN-M-023A,delivery__postpart_arm_1,,,2023-11-30,14:20,1,1.0,,1,1.0,,1,1.0,,1,0.7,,,2
IN-M-026F,delivery__postpart_arm_1,,,2023-11-22,07:05,1,1.0,,1,1.0,,1,1.0,,0,,L.HEP 2 IS EMPTY,,2
IN-M-027E,delivery__postpart_arm_1,,,2023-10-09,22:01,1,1.0,,1,0.2,,1,1.0,,1,0.1,,,2
IN-M-028G,delivery__postpart_arm_1,,,2023-11-03,20:31,1,1.0,,1,1.0,,1,1.0,,1,1.0,,,2
IN-M-029D,delivery__postpart_arm_1,,,2023-12-15,09:16,1,1.0,,1,1.0,,1,1.0,,1,0.7,,,2
IN-M-030C,delivery__postpart_arm_1,,,2023-11-29,01:40,1,1.0,,1,1.0,,1,1.0,,1,1.0,,,2
IN-M-031D,delivery__postpart_arm_1,,,2023-11-01,01:38,0,,The EDTA blood tube was found to be clotted upon arrival to the lab.,0,,The EDTA blood tube was found to be clotted upon arrival to the lab.,0,,The Lith Hep blood tube was found to be clotted upon arrival to the lab.,0,,The Lith Hep blood tube was found to be clotted upon arrival to the lab.,"Both EDTA and Lith Hep cord blood tubes were found to be clotted upon arrival to the lab and as a result, aliquots for the plasma unavailable.",2
IN-M-033K,delivery__postpart_arm_1,,,2023-11-13,01:40,1,1.0,,1,0.2,,1,1.0,,1,0.2,,,2
IN-M-040F,delivery__postpart_arm_1,,,2023-12-17,10:30,1,1.0,,1,1.0,,1,1.0,,1,1.0,,,2
IN-M-042F,delivery__postpart_arm_1,,,2023-12-17,01:04,1,1.0,,1,1.0,,1,1.0,,1,.07,,,2
IN-M-043H,delivery__postpart_arm_1,,,2023-12-16,19:10,1,1.0,,1,1.0,,1,1.0,,1,1.0,,,2
IN-M-046J,delivery__postpart_arm_1,,,2023-10-31,02:40,1,1.0,,1,1.0,,1,1.0,,1,0.7,,,2
IN-M-047B,delivery__postpart_arm_1,,,2023-12-14,21:56,1,1.0,,1,1.0,,1,1.0,,1,1.0,,,2
IN-M-048E,delivery__postpart_arm_1,,,2023-11-05,22:14,1,0.6,,0,,Insufficient sample.,1,1.0,,0,,Insufficient sample.,,2
IN-M-053K,delivery__postpart_arm_1,,,2023-11-20,12:20,1,1.0,,0,,SAMPLE INSUFFICIENT,1,1.0,,0,,SAMPLE INSUFFICIENT,,2
IN-M-056J,delivery__postpart_arm_1,,,2024-01-13,20:36,1,1.0,,1,0.2,,1,1.0,,1,0.2,,,2
IN-M-058J,delivery__postpart_arm_1,,,2023-11-13,19:50,1,1.0,,1,1.0,,1,1.0,,1,0.7,,,2
IN-M-059G,delivery__postpart_arm_1,,,2024-01-23,16:10,1,1.0,,1,1.0,,1,1.0,,1,1.0,,,2
IN-M-061B,delivery__postpart_arm_1,,,2024-01-25,14:00,1,1.0,,1,1.0,,1,1.0,,1,1.0,,,2
IN-M-062B,delivery__postpart_arm_1,,,2024-01-15,14:35,1,1.0,,1,1.0,,1,1.0,,1,1.0,,,2
IN-M-064D,delivery__postpart_arm_1,,,2023-12-23,07:42,1,1.0,,1,1.0,,1,1.0,,1,1.0,,,2
IN-M-065H,delivery__postpart_arm_1,,,2023-11-29,07:20,1,1.0,,1,0.8,,1,1.0,,1,0.7,,,2
IN-M-067H,delivery__postpart_arm_1,,,2024-01-25,19:20,1,1.0,,1,1.0,,1,1.0,,0,,alq 2 empty,,2
IN-M-069K,delivery__postpart_arm_1,,,2023-12-04,13:40,1,1.0,,1,1.0,,1,1.0,,1,1.0,,,2
IN-M-070E,delivery__postpart_arm_1,,,2024-02-03,17:50,1,1.0,,1,1.0,,1,1.0,,1,1.0,,,2
IN-M-071F,delivery__postpart_arm_1,,,2024-01-19,07:30,1,1.0,,1,1.0,,1,1.0,,1,1.0,,,2
IN-M-072J,delivery__postpart_arm_1,,,2024-01-19,01:10,1,1.0,,1,1.0,,1,1.0,,1,1.0,,,2
IN-M-074F,delivery__postpart_arm_1,,,2024-02-01,16:47,1,1.0,,1,1.0,,1,1.0,,1,1.0,,,2
IN-M-075A,delivery__postpart_arm_1,,,2024-02-13,03:48,1,1.0,,1,0.7,,1,1.0,,1,1.0,,,2
IN-M-076H,delivery__postpart_arm_1,,,2024-01-16,08:00,1,1.0,,1,0.5,,1,1.0,,1,1.0,,,2
IN-M-077H,delivery__postpart_arm_1,,,2024-01-10,22:23,1,1.0,,1,1.0,,1,1.0,,1,1.0,,,2
IN-M-078F,delivery__postpart_arm_1,,,2024-01-27,22:42,1,1.0,,1,1.0,,1,1.0,,1,0.5,,L. Hep ALQ-2 is less than 1.0ml.,2
IN-M-079G,delivery__postpart_arm_1,,,2024-02-16,08:05,1,1.0,,1,1.0,,1,1.0,,1,1.0,,,2
IN-M-081D,delivery__postpart_arm_1,,,2024-01-08,03:40,1,1.0,,1,0.5,,1,1.0,,1,1.0,,,2
IN-M-082E,delivery__postpart_arm_1,,,2024-02-17,18:57,1,1.0,,1,1.0,,1,1.0,,1,0.6,,,2
IN-M-083H,delivery__postpart_arm_1,,,,,,,,,,,,,,,,,,0
IN-M-084C,delivery__postpart_arm_1,,,2024-02-08,05:40,1,1.0,,1,1.0,,1,1.0,,1,1.0,,,2
IN-M-085H,delivery__postpart_arm_1,,,2024-01-02,13:00,1,1.0,,1,1.0,,1,1.0,,1,1.0,,,2
IN-M-086J,delivery__postpart_arm_1,,,2024-01-01,18:39,1,1.0,,1,1.0,,1,1.0,,1,0.5,,Lith Hep ALQ-2 is 0.5ml.,2
IN-M-087F,delivery__postpart_arm_1,,,2024-01-20,16:20,1,1.0,,1,1.0,,1,1.0,,1,1.0,,,2
IN-M-088J,delivery__postpart_arm_1,,,2024-02-07,11:50,1,1.0,,1,1.0,,1,1.0,,1,0.9,,,2
IN-M-089F,delivery__postpart_arm_1,,,,,,,,,,,,,,,,,,0
IN-M-090C,delivery__postpart_arm_1,,,2024-02-29,13:56,1,1.0,,1,1.0,,1,1.0,,1,1.0,,,2
IN-M-091K,delivery__postpart_arm_1,,,2024-02-06,16:54,1,1.0,,1,0.9,,1,1.0,,1,1.0,,,2
IN-M-093E,delivery__postpart_arm_1,,,2024-02-24,00:32,1,1.0,,1,1.0,,1,1.0,,1,1.0,,,2
IN-M-096C,delivery__postpart_arm_1,,,2024-02-22,13:24,1,1.0,,1,0.7,,1,1.0,,1,1.0,,,2
IN-M-097K,delivery__postpart_arm_1,,,2024-01-16,12:15,1,1.0,,1,1.0,,1,1.0,,1,1.0,,,2
IN-M-098F,delivery__postpart_arm_1,,,2024-02-11,07:00,1,1.0,,1,1.0,,1,1.0,,1,1.0,,,2
IN-M-099A,delivery__postpart_arm_1,,,2024-01-24,20:21,1,1.0,,1,0.6,,1,1.0,,1,0.6,,,2
IN-M-100G,delivery__postpart_arm_1,,,2024-03-03,23:51,1,,,1,1.0,,1,1.0,,1,0.0,,L.hep aliquot 2 is empty,2
IN-M-101H,delivery__postpart_arm_1,,,2024-04-01,16:50,1,1.0,,1,1.0,,1,1.0,,1,1.0,,,2
IN-M-104G,delivery__postpart_arm_1,,,2024-03-07,13:50,1,1.0,,1,1.0,,1,1.0,,1,0.7,,,2
IN-M-105F,delivery__postpart_arm_1,,,2024-01-23,13:50,1,1.0,,1,1.0,,1,1.0,,1,1.0,,,2
IN-M-107A,delivery__postpart_arm_1,,,2024-02-20,10:27,1,1.0,,1,1.0,,1,1.0,,1,1.0,,,2
IN-M-108D,delivery__postpart_arm_1,,,2024-02-13,09:07,1,0.5,,0,,insufficient sample,1,1.0,,0,,insufficient sample,,2
IN-M-110C,delivery__postpart_arm_1,,,2024-03-02,05:50,1,1.0,,1,0.7,,1,1.0,,1,1.0,,,2
IN-M-111D,delivery__postpart_arm_1,,,2024-02-20,03:20,1,1.0,,1,1.0,,1,1.0,,1,1.0,,,2
IN-M-112D,delivery__postpart_arm_1,,,2024-03-09,17:37,1,1.0,,1,1.0,,1,1.0,,1,0.7,,,2
IN-M-113G,delivery__postpart_arm_1,,,2024-03-09,21:50,1,1.0,,1,1.0,,1,1.0,,1,1.0,,,2
IN-M-116D,delivery__postpart_arm_1,,,2024-02-13,09:07,1,1.0,,1,1.0,,0,,"Lith Hep sample tube hemolysed, hence plasma and pellets could not be separated.",0,,"Lith Hep sample tube hemolysed, hence plasma and pellets could not be separated.",,2
IN-M-118E,delivery__postpart_arm_1,,,2024-03-28,19:03,1,1.0,,1,0.2,,1,1.0,,1,1.0,,,2
IN-M-123A,delivery__postpart_arm_1,,,,,,,,,,,,,,,,,,0
IN-M-124E,delivery__postpart_arm_1,,,2024-04-01,21:10,1,1.0,,1,0.2,,1,1.0,,1,0.1,,,2
IN-M-125H,delivery__postpart_arm_1,,,2024-02-15,17:33,1,1.0,,1,1.0,,1,1.0,,1,1.0,,,2
IN-M-126J,delivery__postpart_arm_1,,,2024-03-28,13:15,1,1.0,,1,1.0,,1,1.0,,1,1.0,,,2
IN-M-129E,delivery__postpart_arm_1,,,2024-05-06,12:15,1,1.0,,1,1.0,,1,1.0,,1,1.0,,,2
IN-M-130F,delivery__postpart_arm_1,,,2024-03-28,01:00,1,1.0,,1,1.0,,1,1.0,,1,0.5,,,2
IN-M-131H,delivery__postpart_arm_1,,,2024-02-16,01:30,1,1.0,,1,1.0,,1,1.0,,1,1.0,,,2
IN-M-132C,delivery__postpart_arm_1,,,2024-04-15,05:17,1,1.0,,1,0.6,,1,1.0,,1,1.0,,,2
IN-M-133B,delivery__postpart_arm_1,,,2024-03-03,00:45,1,1.0,,1,1.0,,1,1.0,,1,1.0,,,2
IN-M-134C,delivery__postpart_arm_1,,,2024-04-09,10:55,1,1.0,,1,0.2,,1,1.0,,1,0.2,,,2
IN-M-136C,delivery__postpart_arm_1,,,,,,,,,,,,,,,,,,0
IN-M-138B,delivery__postpart_arm_1,,,2024-05-21,06:47,1,1.0,,1,1.0,,1,1.0,,1,1.0,,,2
IN-M-140D,delivery__postpart_arm_1,,,2024-03-15,11:32,1,1.0,,1,0.5,,0,,L.HEP SAMPLE UNAVAILABLE,0,,L.HEP SAMPLE UNAVAILABLE,,2
IN-M-142H,delivery__postpart_arm_1,,,2024-05-16,17:00,1,1.0,,1,1.0,,1,1.0,,1,1.0,,,2
IN-M-145E,delivery__postpart_arm_1,,,2024-03-27,10:52,1,1.0,,1,0.4,,1,1.0,,1,0.3,,,2
IN-M-146H,delivery__postpart_arm_1,,,2024-04-21,07:48,1,1.0,,1,1.0,,1,1.0,,1,1.0,,,2
IN-M-147K,delivery__postpart_arm_1,,,,,,,,,,,,,,,,,,0
IN-M-148E,delivery__postpart_arm_1,,,2024-04-28,18:30,1,1.0,,1,1.0,,1,1.0,,1,1.0,,,2
IN-M-150H,delivery__postpart_arm_1,,,2024-04-07,08:35,1,0.9,,0,,EDTA 2 is empty,1,0.8,,0,,L.HEP 2 IS EMPTY,,2
IN-M-151B,delivery__postpart_arm_1,,,,,,,,,,,,,,,,,,0
IN-M-153G,delivery__postpart_arm_1,,,2024-05-21,11:45,1,1.0,,1,1.0,,1,1.0,,1,1.0,,,2
IN-M-156B,delivery__postpart_arm_1,,,2024-03-29,18:40,1,1.0,,1,1.0,,1,1.0,,1,0.5,,,2
IN-M-159C,delivery__postpart_arm_1,,,2024-04-07,03:26,1,1.0,,0,,EDTA 2 IS EMPTY,1,1.0,,1,1.0,,,2
IN-M-160G,delivery__postpart_arm_1,,,2024-04-08,23:15,1,1.0,,1,1.0,,1,1.0,,1,1.0,,,2
IN-M-161D,delivery__postpart_arm_1,,,2024-05-10,11:00,1,1.0,,1,0.7,,1,1.0,,1,0.7,,,2
IN-M-162F,delivery__postpart_arm_1,,,2024-07-04,16:30,1,1.0,,1,1.0,,1,1.0,,1,1.0,,,2
IN-M-165G,delivery__postpart_arm_1,,,2024-06-09,00:02,1,1.0,,1,1.0,,1,1.0,,1,1.0,,,2
IN-M-166D,delivery__postpart_arm_1,,,2024-06-11,02:57,1,1.0,,1,1.0,,1,1.0,,1,1.0,,,2
IN-M-169A,delivery__postpart_arm_1,,,2024-06-26,00:00,1,1.0,,1,1.0,,1,1.0,,1,1.0,,,2
IN-M-173D,delivery__postpart_arm_1,,,2024-06-10,17:00,1,1.0,,1,0.2,,1,1.0,,1,1.0,,,2
IN-M-174J,delivery__postpart_arm_1,,,,,,,,,,,,,,,,,,0
IN-M-177H,delivery__postpart_arm_1,,,2024-06-04,14:30,1,1.0,,1,1.0,,1,1.0,,1,1.0,,,2
IN-M-178B,delivery__postpart_arm_1,,,2024-05-10,11:10,1,1.0,,1,0.2,,1,1.0,,1,1.0,,,2
IN-M-179J,delivery__postpart_arm_1,,,2024-06-01,01:15,1,1.0,,1,1.0,,1,1.0,,1,1.0,,,2
IN-M-180J,delivery__postpart_arm_1,,,2024-07-21,00:08,1,1.0,,1,0.2,,1,1.0,,1,1.0,,,2
IN-M-181B,delivery__postpart_arm_1,,,2024-04-23,20:15,1,1.0,,1,1.0,,1,1.0,,1,1.0,,,2
IN-M-182K,delivery__postpart_arm_1,,,2024-06-13,10:13,1,1.0,,1,0.2,,1,1.0,,1,1.0,,,2
IN-M-183H,delivery__postpart_arm_1,,,,,,,,,,,,,,,,,,0
IN-M-184A,delivery__postpart_arm_1,,,2024-05-10,19:00,1,1.0,,1,1.0,,1,1.0,,1,1.0,,,2
IN-M-186K,delivery__postpart_arm_1,,,2024-06-29,05:40,1,1.0,,0,,insufficient blood,1,1.0,,1,0.7,,,2
IN-M-187B,delivery__postpart_arm_1,,,,,,,,,,,,,,,,,,0
IN-M-188B,delivery__postpart_arm_1,,,2024-05-24,20:01,1,1.0,,1,1.0,,1,1.0,,1,1.0,,,2
IN-M-189C,delivery__postpart_arm_1,,,2024-06-13,18:50,1,0.5,,0,,INSUFFICIENT SAMPLE,1,0.5,,0,,INSUFFICIENT SAMPLE,,2
IN-M-190C,delivery__postpart_arm_1,,,2024-08-12,02:00,1,1.0,,1,0.75,,1,1.0,,1,1.0,,,2
IN-M-191D,delivery__postpart_arm_1,,,2024-06-25,08:15,1,1.0,,1,0.7,,1,1.0,,1,1.0,,,2
IN-M-192B,delivery__postpart_arm_1,,,2024-07-02,19:30,1,1.0,,1,0.4,,1,1.0,,1,1.0,,,2
IN-M-194D,delivery__postpart_arm_1,,,2024-07-14,23:02,1,1.0,,0,,Low sample volume,1,1.0,,1,1.0,,,2
IN-M-195J,delivery__postpart_arm_1,,,2024-07-16,10:00,1,1.0,,1,1.0,,1,1.0,,1,1.0,,,2
IN-M-196C,delivery__postpart_arm_1,,,,,,,,,,,,,,,,,,0
IN-M-201B,delivery__postpart_arm_1,,,2024-08-29,15:48,1,1.0,,1,0.75,,1,1.0,,1,0.75,,,2
IN-M-205D,delivery__postpart_arm_1,,,2024-06-16,09:39,0,,INSUFFICIENT SAMPLE,0,,INSUFFICIENT SAMPLE,1,0.5,,0,,INSUFFICIENT SAMPLE,,2
IN-M-207C,delivery__postpart_arm_1,,,2024-07-07,08:00,1,1.0,,1,0.5,,1,1.0,,1,1.0,,,2
IN-M-212K,delivery__postpart_arm_1,,,2024-06-11,13:42,1,1.0,,1,0.7,,1,1.0,,1,1.0,,,2
IN-M-214F,delivery__postpart_arm_1,,,2024-07-15,16:39,1,1.0,,1,1.0,,1,1.0,,1,1.0,,,2
IN-M-215E,delivery__postpart_arm_1,,,2024-09-18,08:25,1,1.0,,0,,Not enough sample,1,1.0,,1,1.0,,,2
IN-M-221E,delivery__postpart_arm_1,,,2024-07-06,12:45,1,1.0,,1,1.0,,1,1.0,,1,1.0,,,2
IN-M-222C,delivery__postpart_arm_1,,,2024-09-29,15:39,1,1.0,,1,1.0,,1,1.0,,1,1.0,,,2
IN-M-223J,delivery__postpart_arm_1,,,2024-08-29,13:51,1,1.0,,1,1.0,,1,1.0,,1,1.0,,,2
IN-M-224K,delivery__postpart_arm_1,,,2024-07-19,03:10,1,1.0,,1,1.0,,1,1.0,,1,1.0,,,2
IN-M-226E,delivery__postpart_arm_1,,,2024-08-05,17:48,1,1.0,,1,1.0,,1,1.0,,1,1.0,,,2
IN-M-227K,delivery__postpart_arm_1,,,2024-09-27,09:00,1,1.0,,1,1.0,,1,1.0,,1,1.0,,,2
IN-M-228E,delivery__postpart_arm_1,,,2024-09-27,12:40,1,1.0,,1,1.0,,1,1.0,,1,1.0,,,2
IN-M-229F,delivery__postpart_arm_1,,,2024-09-14,13:15,1,1.0,,1,1.0,,1,1.0,,1,1.0,,,2
IN-M-232C,delivery__postpart_arm_1,,,2024-07-23,18:00,1,1.0,,1,1.0,,1,1.0,,1,1.0,,,2
IN-M-234D,delivery__postpart_arm_1,,,2024-09-25,18:28,1,1.0,,1,0.5,,1,1.0,,1,0.75,,,2
IN-M-235D,delivery__postpart_arm_1,,,2024-09-11,11:15,1,1.0,,1,1.0,,1,1.0,,1,1.0,,,2
IN-M-236J,delivery__postpart_arm_1,,,2024-08-21,19:30,1,1.0,,1,1.0,,1,1.0,,1,1.0,,,2
IN-M-238C,delivery__postpart_arm_1,,,2024-09-10,12:34,1,1.0,,1,1.0,,1,1.0,,1,1.0,,,2
IN-M-240B,delivery__postpart_arm_1,,,2024-09-12,17:15,1,1.0,,1,1.0,,1,1.0,,1,1.0,,,2
IN-M-241F,delivery__postpart_arm_1,,,2024-10-08,16:29,1,1.0,,1,1.0,,1,1.0,,1,1.0,,,2
IN-M-244E,delivery__postpart_arm_1,,,2024-08-07,15:36,1,1.0,,1,0.1,,1,1.0,,1,1.0,,,2
IN-M-245J,delivery__postpart_arm_1,,,2024-08-30,15:25,1,1.0,,1,1.0,,1,1.0,,1,1.0,,,2
IN-M-246G,delivery__postpart_arm_1,,,2024-08-14,12:07,1,1.0,,1,0.75,,1,1.0,,1,0.75,,,2
IN-M-247K,delivery__postpart_arm_1,,,2024-10-01,14:45,1,1.0,,1,0.6,,1,1.0,,1,1.0,,,2
IN-M-249K,delivery__postpart_arm_1,,,2024-08-23,09:40,1,1.0,,1,1.0,,1,1.0,,1,1.0,,,2
IN-M-252B,delivery__postpart_arm_1,,,2024-10-15,06:45,1,1.0,,1,0.6,,1,1.0,,1,0.4,,,2
IN-M-254E,delivery__postpart_arm_1,,,2024-09-21,02:16,1,1.0,,1,0.5,,1,1.0,,1,0.5,,,2
IN-M-255D,delivery__postpart_arm_1,,,2024-09-22,08:00,1,1.0,,1,1.0,,1,1.0,,1,1.0,,,2
IN-M-256K,delivery__postpart_arm_1,,,2024-08-13,21:54,1,1.0,,1,0.5,,1,1.0,,1,1.0,,,2
IN-M-257E,delivery__postpart_arm_1,,,2024-10-03,09:09,1,1.0,,1,0.8,,1,1.0,,1,1.0,,,2
IN-M-259H,delivery__postpart_arm_1,,,2024-08-26,14:00,1,1.0,,1,1.0,,1,1.0,,1,1.0,,,2
IN-M-261J,delivery__postpart_arm_1,,,2024-10-11,21:57,1,1.0,,1,1.0,,1,1.0,,1,1.0,,,2
IN-M-262E,delivery__postpart_arm_1,,,2024-11-03,05:41,1,1.0,,1,1.0,,1,1.0,,1,1.0,,,2
IN-M-263A,delivery__postpart_arm_1,,,2024-08-18,13:45,1,1.0,,1,1.0,,1,1.0,,1,1.0,,,2
IN-M-264H,delivery__postpart_arm_1,,,,,,,,,,,,,,,,,,0
IN-M-265E,delivery__postpart_arm_1,,,2024-09-13,10:15,1,1.0,,1,1.0,,1,1.0,,1,1.0,,,2
IN-M-266G,delivery__postpart_arm_1,,,2024-10-24,18:33,1,1.0,,1,1.0,,1,1.0,,1,1.0,,,2
IN-M-267C,delivery__postpart_arm_1,,,2024-08-31,20:30,1,1.0,,1,0.7,,1,1.0,,1,1.0,,,2
IN-M-268F,delivery__postpart_arm_1,,,2024-10-17,03:45,1,1.0,,1,1.0,,1,1.0,,1,1.0,,,2
IN-M-271H,delivery__postpart_arm_1,,,2024-10-21,13:30,1,1.0,,1,0.5,,1,1.0,,1,1.0,,,2
IN-M-273H,delivery__postpart_arm_1,,,2024-11-02,19:27,1,1.0,,1,1.0,,1,1.0,,1,1.0,,,2
IN-M-274B,delivery__postpart_arm_1,,,2024-10-31,17:25,1,1.0,,1,0.6,,1,1.0,,1,1.0,,,2
IN-M-276H,delivery__postpart_arm_1,,,2024-09-28,18:28,1,1.0,,1,0.8,,1,1.0,,1,1.0,,,2
IN-M-280K,delivery__postpart_arm_1,,,,,,,,,,,,,,,,,,0
IN-M-281C,delivery__postpart_arm_1,,,2024-09-20,07:22,1,1.0,,1,1.0,,1,1.0,,1,1.0,,,2
IN-M-282D,delivery__postpart_arm_1,,,2024-10-25,01:30,1,1.0,,1,0.8,,1,1.0,,1,1.0,,,2
IN-M-283F,delivery__postpart_arm_1,,,2024-10-05,08:21,1,1.0,,1,1.0,,1,1.0,,1,1.0,,,2
IN-M-284K,delivery__postpart_arm_1,,,2024-09-09,09:25,1,1.0,,1,0.8,,1,1.0,,1,1.0,,,2
IN-M-285A,delivery__postpart_arm_1,,,2024-10-02,01:40,1,1.0,,1,0.5,,1,1.0,,1,1.0,,,2
IN-M-288G,delivery__postpart_arm_1,,,2024-09-25,04:30,1,1.0,,1,1.0,,1,1.0,,1,1.0,,,2
IN-M-291J,delivery__postpart_arm_1,,,,,,,,,,,,,,,,,,0
IN-M-293C,delivery__postpart_arm_1,,,,,,,,,,,,,,,,,,0
IN-M-295F,delivery__postpart_arm_1,,,,,,,,,,,,,,,,,,0
IN-M-299A,delivery__postpart_arm_1,,,2024-10-30,18:00,1,1.0,,1,0.6,,1,1.0,,1,1.0,,,2
IN-M-305B,delivery__postpart_arm_1,,,2024-10-31,17:35,1,1.0,,1,0.5,,1,1.0,,1,1.0,,,2
IN-M-306K,delivery__postpart_arm_1,,,,,,,,,,,,,,,,,,0
IN-M-307K,delivery__postpart_arm_1,,,2024-10-27,06:58,1,1.0,,1,0.7,,1,1.0,,1,1.0,,,2
IN-M-310B,delivery__postpart_arm_1,,,2024-10-19,11:02,1,1.0,,1,1.0,,1,1.0,,1,1.0,,,2
IN-M-321D,delivery__postpart_arm_1,,,2024-10-26,01:32,1,1.0,,1,0.2,,1,1.0,,1,1.0,,,2
IN-M-323D,delivery__postpart_arm_1,,,2024-09-20,07:20,1,1.0,,1,0.6,,1,1.0,,1,1.0,,,2
IN-M-327F,delivery__postpart_arm_1,,,2024-09-24,02:20,1,1.0,,1,1.0,,1,1.0,,1,1.0,,,2
IN-M-328K,delivery__postpart_arm_1,,,2024-10-08,14:15,1,1.0,,1,0.7,,1,1.0,,1,1.0,,,2
IN-M-329D,delivery__postpart_arm_1,,,2024-10-26,12:39,1,1.0,,1,1.0,,1,1.0,,1,1.0,,,2
IN-M-339K,delivery__postpart_arm_1,,,2024-09-24,15:39,1,1.0,,1,1.0,,1,1.0,,1,1.0,,,2
IN-M-341A,delivery__postpart_arm_1,,,2024-10-25,14:33,1,1.0,,1,1.0,,1,1.0,,1,1.0,,,2
IN-M-351B,delivery__postpart_arm_1,,,2024-10-31,12:00,1,1.0,,1,1.0,,1,1.0,,1,1.0,,,2
IN-M-354C,delivery__postpart_arm_1,,,,,,,,,,,,,,,,,,0
IN-M-356C,delivery__postpart_arm_1,,,2024-10-29,19:02,1,1.0,,1,0.6,,1,1.0,,1,1.0,,,2
IN-M-365J,delivery__postpart_arm_1,,,,,,,,,,,,,,,,,,0
IN-M-374J,delivery__postpart_arm_1,,,,,,,,,,,,,,,,,,0
IN-M-405C,delivery__postpart_arm_1,,,2024-10-23,02:22,1,1.0,,1,1.0,,1,1.0,,1,1.0,,,2
