con_participantid_q1,redcap_event_name,redcap_repeat_instrument,redcap_repeat_instance,del_vdate_q1,del_place_q2,del_delplaceother,del_attendant_q3,del_lbonsetdatetime_q4,del_lblength_q5,del_presentation_q6,dlv_other_presentation_q6b,del_ddate_q7,del_delmode_q8,del_outcome_q9,del_gestage,del_sex_q10,del_birthweight_avai_q11,del_birthweight_q11a,del_problems_q12,del_1mapscorerec_q13,del_1mactivitymusctone_q14,del_1mpulserate_q15,del_1mgrimace_q16,del_1mappearance_q17,del_1mrespiration_q18,del_1mapgarscore_q19,del_5mapscorerec_q20,del_5mactivitymusctone_q21,del_5mpulserate_q22,del_5mgrimace_q23,del_5mappearance_q24,del_5mrespiration_q25,del_5mapgarscore_q26,del_completed_by_q27,del_verified_by_q28,delivery_complete
IN-M-001E,delivery__postpart_arm_1,,,2023-10-31,3,,3,2023-10-31 12:30,10,1,,2023-10-31,1,1,39.1,1,1,3.10,,1,2,2,2,2,2,10,1,2,2,2,2,2,10,ysowe,42,2
IN-M-002H,delivery__postpart_arm_1,,,2023-10-09,3,,3,2023-10-09 04:30,6,1,,2023-10-09,1,1,39,2,1,2.70,None ,1,2,2,2,2,2,10,1,2,2,2,2,2,10,ysowe,42,2
IN-M-004F,delivery__postpart_arm_1,,,2023-10-17,2,,1,2023-10-16 12:30,21,1,,2023-10-17,1,1,40,2,1,3.20,Nil,1,2,2,2,2,1,9,1,2,2,2,2,2,10,lamceesay,22,2
IN-M-005J,delivery__postpart_arm_1,,,2023-11-07,6,,3,2023-11-07 02:11,1,99,,2023-11-07,1,1,44,2,1,2.90,,0,,,,,,,,,,,,,,ljatta,42,2
IN-M-007A,delivery__postpart_arm_1,,,2023-10-15,3,,3,2023-10-15 10:10,10.55,1,,2023-10-15,1,1,37.7,1,1,03.20,No,,,,,,,,,,,,,,,okambi,22,2
IN-M-009K,delivery__postpart_arm_1,,,2023-09-26,6,,2,2023-09-26 05:00,9,4,,2023-09-26,1,1,39.9,1,1,3.00, The delivery was an assisted vaginal delivery at Bwiam General Hospital. Baby did not cry immediately after delivery. Was resuscitated and after about 5 minutes he cried but in weak tone.,1,1,1,1,1,1,5,1,2,2,2,2,2,10,lamceesay,42,2
IN-M-011C,delivery__postpart_arm_1,,,2023-10-07,1,,3,2023-10-07 06:11,1,1,,2023-10-07,1,1,37.4,1,1,2.97,"There was no complicated complications.
The mother had a tear with minimal bleeding but was taking care of and being stiched up.
She is currently conscious ans stable.",1,2,2,2,2,2,10,1,2,2,2,2,2,10,dembaajallow,42,2
IN-M-012B,delivery__postpart_arm_1,,,2023-11-03,1,,4,2023-11-03 11:50,2,1,,2023-11-03,1,1,41.3,1,1,3.54,"Evacuated to Keneba because she was bleeding.

Delivered at home with only the field assistant who could not ascertain the Apgar score.",,,,,,,,,,,,,,,latcham,,2
IN-M-013D,delivery__postpart_arm_1,,,2023-10-19,3,,3,2023-10-19 03:35,8,1,,2023-10-19,1,1,38.3,1,1,3.10,Nil,1,2,2,2,2,2,10,1,2,2,2,2,2,10,ysowe,42,2
IN-M-014D,delivery__postpart_arm_1,,,2023-11-05,3,,3,2023-11-05 19:06,2,1,,2023-11-05,1,1,39.7,1,1,3.00,"The placenta was not a normal and because of that enough code blood was obtained as needed, we were there together with the nurse midwife but we could not get more that what we collected.",1,2,1,2,2,2,9,1,2,2,2,2,2,10,lkjawla,,2
IN-M-016F,delivery__postpart_arm_1,,,2023-09-21,3,,1,2023-09-21 07:30,10,1,,2023-09-21,1,1,39.3,2,1,3.30,Discharges from left eye and fever.,1,2,2,1,2,2,9,1,2,2,2,2,2,10,ysowe,42,2
IN-M-018C,delivery__postpart_arm_1,,,2023-10-06,2,,2,2023-10-05 12:00,36,1,,2023-10-06,5,1,42.3,1,1,3.30,,1,2,2,2,2,2,10,1,2,2,2,2,2,10,ysowe,42,2
IN-M-020G,delivery__postpart_arm_1,,,2023-10-11,2,,3,2023-10-11 15:37,14,1,,2023-10-11,1,1,39,2,1,3.37,No problem presented during labour and after delivery.,1,2,2,1,2,2,9,1,2,2,2,2,2,10,mujoof,42,2
IN-M-022E,delivery__postpart_arm_1,,,2023-11-07,2,,3,2023-11-06 03:00,16,1,,2023-11-07,1,1,37.7,1,1,2.30,Nil,1,2,2,2,2,2,10,1,2,2,2,2,2,10,lamceesay,,2
IN-M-023A,delivery__postpart_arm_1,,,2023-11-30,6,,2,2023-11-30 12:53,4,1,,2023-11-30,5,1,39.4,2,1,2.60,Safe c/s conducted  by Doctor ,,,,,,,,,,,,,,,ssibi,43,2
IN-M-026F,delivery__postpart_arm_1,,,2023-11-21,3,,3,2023-11-20 20:32,9,1,,2023-11-21,1,1,41.9,1,1,3.40,No,1,1,2,2,2,2,9,1,2,2,2,2,2,10,amatjoof,42,2
IN-M-027E,delivery__postpart_arm_1,,,2023-10-09,3,,1,2023-10-09 09:00,5,1,,2023-10-09,1,1,39.7,1,1,2.60,None,1,2,2,2,2,2,10,1,2,2,2,2,2,10,ysowe,42,2
IN-M-028G,delivery__postpart_arm_1,,,2023-11-03,3,,3,2023-11-03 18:09,1,1,,2023-11-03,1,1,41.3,1,1,3.20,,1,2,2,2,2,2,10,1,2,2,2,2,2,10,aymbah,,2
IN-M-029D,delivery__postpart_arm_1,,,2023-12-15,3,,1,2023-12-14 18:54,12,1,,2023-12-15,1,1,40.3,1,1,3.30,,1,2,2,2,2,2,10,1,2,2,2,2,2,10,ysowe,42,2
IN-M-030C,delivery__postpart_arm_1,,,2023-11-28,3,,1,2023-11-28 17:36,6,1,,2023-11-29,1,1,40,2,1,3.00,Nil,1,1,2,2,2,2,9,1,2,2,2,2,2,10,amatjoof,42,2
IN-M-031D,delivery__postpart_arm_1,,,2023-11-01,1,,6,2023-10-31 19:00,5,1,,2023-11-01,1,1,39.9,1,0,,It was a home delivery and there was no scale  to measure  the birth weight.proper seperation  of the placenta was difficult  and both mother  and the child where sent to keneba mrc for proper  cutting  of the umbilical cord and further assessment ,0,,,,,,,0,,,,,,,lynjai,42,2
IN-M-033K,delivery__postpart_arm_1,,,2023-11-12,6,,3,2023-11-11 03:31,21,1,,2023-11-12,1,1,39.4,2,1,2.90,None,1,2,2,2,2,2,10,1,2,2,2,2,2,10,lamceesay,,2
IN-M-040F,delivery__postpart_arm_1,,,2023-12-17,2,,1,2023-12-17 11:30,11,1,,2023-12-17,1,1,38.9,1,1,3.76,,1,2,2,2,2,2,10,1,2,2,2,2,2,10,amatjoof,,2
IN-M-042F,delivery__postpart_arm_1,,,2023-12-16,2,,1,2023-12-16 18:35,6,1,,2023-12-17,1,1,39.9,1,1,3.75,Birth asphyxia  due to delay second stage of labor gradually responding to resuscitation with suction and oxygen but with a poor prognosis ,1,0,1,1,1,1,4,1,1,1,1,1,1,5,amatjoof,,2
IN-M-043H,delivery__postpart_arm_1,,,2023-12-16,6,,2,2023-12-15 12:00,6,2,,2023-12-16,2,1,40.6,2,1,3.20,Asphyxiation baby,1,0,1,1,1,1,4,1,2,2,2,2,2,10,ysowe,42,2
IN-M-046J,delivery__postpart_arm_1,,,2023-10-31,1,,3,2023-10-31 01:44,4,1,,2023-10-31,1,1,37.9,2,1,2.00,SVD,1,2,2,2,2,2,10,1,2,2,2,2,2,10,fosanyang,,2
IN-M-047B,delivery__postpart_arm_1,,,2023-12-14,6,,3,2023-12-14 09:00,11,1,,2023-12-14,1,1,39.1,2,1,3.60,,0,,,,,,,0,,,,,,,fkdarboe,,2
IN-M-048E,delivery__postpart_arm_1,,,2023-11-11,3,,3,2023-11-03 20:30,26,1,,2023-11-05,1,1,38.7,2,1,3.20,No problem. ,1,2,2,2,2,2,10,1,2,2,2,2,2,10,mujoof,42,2
IN-M-053K,delivery__postpart_arm_1,,,2023-11-20,1,,3,2023-11-20 04:00,6,1,,2023-11-20,1,1,41.9,1,1,2.60,No problem ,1,1,1,1,2,1,6,1,1,2,2,2,2,9,fosanyang,,2
IN-M-056J,delivery__postpart_arm_1,,,2024-01-13,6,,2,2024-01-13 00:06,19,1,,2024-01-13,,1,41.4,1,1,3.30,,1,2,,,,,2,,,,,,,,kyceesay,,2
IN-M-058J,delivery__postpart_arm_1,,,2023-11-13,3,,3,2023-11-13 18:24,9,1,,2023-11-13,1,1,39.6,2,1,3.20,No problem. ,1,2,2,2,2,2,10,1,2,2,2,2,2,10,mujoof,42,2
IN-M-059G,delivery__postpart_arm_1,,,2024-01-23,6,,3,2024-01-23 02:00,12,2,,2024-01-23,1,1,40.7,2,1,2.90,,1,2,2,1,2,1,8,1,2,2,2,2,2,10,lamceesay,,2
IN-M-061B,delivery__postpart_arm_1,,,2024-01-25,2,,3,2024-01-25 06:00,7,1,,2024-01-25,1,1,40.4,1,1,3.47,Nil,1,2,2,1,2,2,9,1,2,2,2,2,2,10,lamceesay,,2
IN-M-062B,delivery__postpart_arm_1,,,2024-01-15,2,,3,2024-01-15 03:00,11,1,,2024-01-15,1,1,39.6,1,1,3.60,Nil,1,2,2,2,2,2,10,1,2,2,2,2,2,10,lamceesay,,2
IN-M-064D,delivery__postpart_arm_1,,,2023-12-23,9,NEMA HEALTH  POST ,3,2023-12-23 04:26,2,1,,2023-12-23,,1,38.3,2,1,2.80,NAD ,,,,,,,,,,,,,,,ssibi,,2
IN-M-065H,delivery__postpart_arm_1,,,2023-11-28,3,,1,2023-11-28 16:16,14,1,,2023-11-29,1,1,38.9,1,1,3.30,Nil,1,2,2,2,2,2,10,1,2,2,2,2,2,10,amatjoof,42,2
IN-M-067H,delivery__postpart_arm_1,,,2024-01-25,9,NEMA Clinic,3,2024-01-25 17:00,7,1,,2024-01-25,1,1,37,1,1,2.80,Nil,1,2,2,2,2,2,10,1,2,2,2,2,2,10,ysowe,42,2
IN-M-069K,delivery__postpart_arm_1,,,2023-12-04,2,,3,2023-12-04 01:15,11,1,,2023-12-04,1,1,39.6,1,1,2.93,Nil,1,2,2,2,2,2,10,1,2,2,2,2,2,10,lamceesay,,2
IN-M-070E,delivery__postpart_arm_1,,,2024-02-03,3,,3,2024-02-03 16:28,22,1,,2024-02-03,1,1,37.3,1,1,2.80,Nil,1,2,2,2,2,2,10,1,2,2,2,2,2,10,ysowe,42,2
IN-M-071F,delivery__postpart_arm_1,,,2024-01-19,3,,3,2024-01-19 05:50,14,1,,2024-01-19,1,1,39.6,1,1,3.30,,1,2,2,2,2,2,10,1,2,2,2,2,2,10,ysowe,42,2
IN-M-072J,delivery__postpart_arm_1,,,2024-01-18,3,,3,2024-01-18 23:05,9,1,,2024-01-18,1,1,39,2,1,3.20,nil,1,2,2,2,2,2,10,1,2,2,2,2,2,10,ysowe,42,2
IN-M-074F,delivery__postpart_arm_1,,,2024-02-01,9,Kiang Karantaba Health Center.,3,2024-02-01 09:06,5,4,,2024-02-01,1,1,39,2,1,3.40,There was no problem during delivery and no complications after.,1,2,2,1,2,2,9,1,2,2,1,2,2,9,dembaajallow,,2
IN-M-075A,delivery__postpart_arm_1,,,2024-02-13,9,Karantaba ,3,2024-02-13 02:41,12,1,,2024-02-13,1,1,38.7,2,1,3.10,,1,2,2,2,2,2,10,1,2,2,2,2,2,10,asejatta,,2
IN-M-076H,delivery__postpart_arm_1,,,2024-01-16,6,,2,2024-01-15 10:30,20,1,,2024-01-16,5,1,34.7,2,1,3.30,Cesarean section,1,2,2,2,2,2,10,1,2,2,2,2,2,10,lamceesay,,2
IN-M-077H,delivery__postpart_arm_1,,,2024-01-10,2,,1,2024-01-10 17:33,5,1,,2024-01-10,1,1,42.3,1,1,3.97,Nil,1,2,2,2,1,2,9,1,2,2,2,2,2,10,amatjoof,,2
IN-M-078F,delivery__postpart_arm_1,,,2024-01-27,9,Delivered at home. ,6,2024-01-27 09:00,13,1,,2024-01-27,1,1,41.7,1,1,2.93,,0,,,,,,,0,,,,,,,lamceesay,,2
IN-M-079G,delivery__postpart_arm_1,,,2024-02-16,2,,1,2024-02-16 02:00,5,1,,2024-02-16,1,1,39.6,2,1,3.72,,1,2,2,2,2,1,9,1,2,2,2,2,2,10,lamceesay,,2
IN-M-081D,delivery__postpart_arm_1,,,2024-01-08,3,,3,2024-01-08 02:46,7,1,,2024-01-08,1,1,42,2,1,2.90,Nil,1,2,2,2,2,2,10,1,2,2,2,2,2,10,ysowe,42,2
IN-M-082E,delivery__postpart_arm_1,,,2024-02-17,9,King Karantaba health center,3,2024-02-17 11:41,6,4,,2024-02-17,1,1,38.7,1,1,2.60,The maternal mother was hypertensive and her blood pressure was a bit high but otherwise there was no problem during and after delivery.,1,2,2,1,2,2,9,1,2,2,2,2,2,10,dembaajallow,,2
IN-M-083H,delivery__postpart_arm_1,,,2024-02-03,5,,2,2024-02-01 10:34,48,1,,2024-02-03,5,1,42.3,1,1,2.32,,1,1,2,2,2,1,8,1,2,2,2,2,2,10,lamceesay,,2
IN-M-084C,delivery__postpart_arm_1,,,2024-02-08,2,,1,2024-02-08 05:15,9,1,,2024-02-08,1,1,39.4,2,1,3.18,Nil,1,2,2,2,2,2,10,1,2,2,2,2,2,10,mujoof,43,2
IN-M-085H,delivery__postpart_arm_1,,,2024-01-02,3,,1,2024-01-02 03:00,8,1,,2024-01-02,1,1,39.1,2,1,2.80,Delayed placental delivery,1,2,2,2,2,2,10,1,2,2,2,2,2,10,lamceesay,,2
IN-M-086J,delivery__postpart_arm_1,,,2024-01-01,6,,3,2024-01-01 17:40,8,1,,2024-01-01,,1,40.7,2,1,03.00,No,,,,,,,,,,,,,,,okambi,,2
IN-M-087F,delivery__postpart_arm_1,,,2024-01-19,3,,3,2024-01-20 14:55,8,1,,2024-01-20,1,1,37.7,1,1,3.20,,1,2,2,2,2,2,10,1,2,2,2,2,2,10,ysowe,,2
IN-M-088J,delivery__postpart_arm_1,,,2024-02-07,2,,3,2024-02-07 23:27,5,1,,2024-02-07,1,1,38.3,1,1,2.79,No,1,2,1,2,2,2,9,1,2,2,2,2,2,10,mujoof,42,2
IN-M-089F,delivery__postpart_arm_1,,,2024-01-09,1,,5,,,,,2024-01-09,1,1,41.1,1,0,,no problem on arrival at the MRC keneba clinic one hour after delivery at home. the participant was booked for hospital delivery and she lately inform the project staff when she went into labour. by the time the driver reach her home for evacuation to Bwiam hospital. she has already delivered the baby and placenta with the support of the CBC. birth weight and apgar scores for one and five minutes couldn't be recorded.,0,,,,,,,0,,,,,,,amatjoof,,2
IN-M-090C,delivery__postpart_arm_1,,,2024-02-28,3,,3,2024-02-29 12:45,12,1,,2024-02-29,1,1,40.3,2,1,2.60,Nil,1,2,2,2,2,2,10,1,2,2,2,2,2,10,ysowe,42,2
IN-M-091K,delivery__postpart_arm_1,,,2024-02-06,6,,2,2024-02-06 14:20,8,1,,2024-02-06,5,2,41.1,1,1,3.80,Obstructed labour.,0,,,,,,,0,,,,,,,ysowe,42,2
IN-M-093E,delivery__postpart_arm_1,,,2024-02-23,2,,1,2024-02-24 00:19,5,1,,2024-02-24,1,1,39.4,1,1,3.34,No,1,2,2,2,2,2,10,1,2,2,2,2,2,10,amatjoof,,2
IN-M-096C,delivery__postpart_arm_1,,,2024-02-22,9,Giffarong health Centre ,3,2024-02-22 04:00,6,1,,2024-02-22,1,1,40.1,2,1,3.10,,0,,,,,,,0,,,,,,,ljatta,,2
IN-M-097K,delivery__postpart_arm_1,,,2024-01-16,2,,3,2024-01-16 04:21,8,1,,2024-01-16,1,1,40.7,1,1,3.46,no,1,2,2,2,2,2,10,1,2,2,2,2,2,10,amatjoof,,2
IN-M-098F,delivery__postpart_arm_1,,,2024-02-11,2,,3,2024-02-11 18:49,5,1,,2024-02-11,1,1,40.9,1,1,3.27,Nil,1,2,2,2,2,2,10,1,2,2,2,2,2,10,mujoof,,2
IN-M-099A,delivery__postpart_arm_1,,,2024-01-24,9,Karantaba Health Centre ,3,2024-01-24 19:41,7,1,,2024-01-24,1,1,38.3,2,1,2.80,,0,,,,,,,0,,,,,,,asejatta,,2
IN-M-100G,delivery__postpart_arm_1,,,2024-03-02,9,Kiang Karantaba Health Center,3,2024-03-02 18:10,5,4,,2024-03-02,1,1,37.7,1,1,2.90,"There was no problem before the onset, during and after delivery.",1,1,2,1,2,2,8,1,2,2,1,2,2,9,dembaajallow,,2
IN-M-101H,delivery__postpart_arm_1,,,2024-04-01,2,,3,2024-04-01 16:46,12,1,,2024-04-01,1,1,38.6,2,1,3.05,Nil,1,2,1,2,2,2,9,1,2,2,2,2,2,10,mujoof,,2
IN-M-104G,delivery__postpart_arm_1,,,2024-03-07,3,,3,2024-03-07 12:15,3,1,,2024-03-07,1,1,42.4,1,1,3.20,Nil,1,2,2,2,2,2,10,1,2,2,2,2,2,10,ysowe,,2
IN-M-105F,delivery__postpart_arm_1,,,2024-01-23,6,,3,2024-01-22 13:00,21,1,,2024-01-23,1,1,40.1,1,1,3.30,Nil,1,2,2,2,2,1,9,1,2,2,2,2,2,10,lamceesay,,2
IN-M-107A,delivery__postpart_arm_1,,,2024-02-20,9,Giffarong ,3,2024-02-20 07:42,45,1,,2024-02-20,,1,39.1,2,1,3.00,,,,,,,,,,,,,,,,ljatta,,2
IN-M-108D,delivery__postpart_arm_1,,,2024-02-13,9,Giffarong health Centre ,3,2024-02-13 07:12,3,99,,2024-02-13,,1,,2,1,,,,,,,,,,,,,,,,,ljatta,,2
IN-M-110C,delivery__postpart_arm_1,,,2024-03-01,3,,3,2024-03-01 23:25,8,1,,2024-03-02,1,1,42.4,2,1,3.50,None,1,2,2,2,2,2,10,1,2,2,2,2,2,10,lamceesay,,2
IN-M-111D,delivery__postpart_arm_1,,,2024-02-18,3,,3,2024-02-18 02:46,20,1,,2024-02-18,1,1,40.6,1,1,3.30,,1,0,1,1,1,1,4,1,2,2,2,2,2,10,ysowe,,2
IN-M-112D,delivery__postpart_arm_1,,,2024-03-09,3,,3,2024-03-09 16:38,9,1,,2024-03-09,,1,,1,1,3.02,None ,,,,,,,,,,,,,,,okambi,,2
IN-M-113G,delivery__postpart_arm_1,,,2024-03-09,3,,3,2024-03-09 20:54,4,1,,2024-03-09,,1,39.4,2,1,3.01,None ,,,,,,,,,,,,,,,okambi,,2
IN-M-116D,delivery__postpart_arm_1,,,2024-02-13,3,,3,2024-02-13 03:00,4,1,,2024-02-13,1,1,40.9,1,1,3.80,Nil,1,2,2,2,2,2,10,1,2,2,2,2,2,10,ysowe,42,2
IN-M-118E,delivery__postpart_arm_1,,,2024-03-28,3,,3,2024-03-28 18:07,6,1,,2024-03-28,1,1,40,2,1,2.00,None,1,2,2,2,2,2,10,1,2,2,2,2,2,10,ysowe,,2
IN-M-123A,delivery__postpart_arm_1,,,2024-01-14,7,,2,2024-01-12 22:38,31,,,2024-01-14,5,1,32.6,1,1,1.70,Extremely low birth weight (1.7)kg,0,,,,,,,0,,,,,,,fkdarboe,,2
IN-M-124E,delivery__postpart_arm_1,,,2024-04-01,2,,3,2024-04-01 06:00,2,1,,2024-04-01,1,1,38.7,1,1,3.06,Nil,1,2,1,2,2,2,9,1,2,2,2,2,2,10,mujoof,,2
IN-M-125H,delivery__postpart_arm_1,,,2024-02-15,2,,3,2024-02-15 02:00,15,1,,2024-02-15,1,1,39.3,2,1,3.08,no,1,2,2,2,2,2,10,1,2,2,2,2,2,10,bceesay,,2
IN-M-126J,delivery__postpart_arm_1,,,2024-03-28,6,,2,2024-03-28 09:54,42,1,,2024-03-28,5,1,37.3,1,1,2.70,no problem ,1,2,2,2,2,2,10,1,2,2,2,2,2,10,bceesay,,2
IN-M-129E,delivery__postpart_arm_1,,,2024-05-05,2,,1,2024-05-05 07:13,16,1,,2024-05-05,1,1,38.7,2,1,1.82,,1,2,2,2,2,1,9,1,2,2,2,2,2,10,amatjoof,,2
IN-M-130F,delivery__postpart_arm_1,,,2024-03-28,2,,3,2024-03-27 01:20,14,1,,2024-03-28,1,1,39.3,2,1,3.20,Nil,1,2,1,2,2,2,9,1,2,2,2,2,2,10,mujoof,,2
IN-M-131H,delivery__postpart_arm_1,,,2024-02-15,6,,3,2024-02-15 17:00,6,2,,2024-02-15,2,1,38.3,2,1,2.40,,1,0,1,1,1,1,4,1,2,2,2,2,2,10,ysowe,,2
IN-M-132C,delivery__postpart_arm_1,,,2024-04-15,2,,3,2024-04-14 20:00,9,1,,2024-04-15,1,1,38.9,2,1,3.17,None,1,2,2,2,1,2,9,1,2,2,2,2,2,10,lamceesay,,2
IN-M-133B,delivery__postpart_arm_1,,,2024-03-03,3,,3,2024-03-03 22:19,8,1,,2024-03-03,1,1,40.7,1,1,3.20,Stocked or retained placenta. ,1,2,2,2,2,2,10,1,2,2,2,2,2,10,ysowe,,2
IN-M-134C,delivery__postpart_arm_1,,,2024-04-09,2,,3,2024-04-09 10:00,6,1,,2024-04-09,1,1,39.9,2,1,3.19,no problem ,1,2,2,2,2,2,10,1,2,2,2,2,2,10,bceesay,,2
IN-M-136C,delivery__postpart_arm_1,,,2024-02-28,1,,5,2024-02-28 18:00,5,1,,2024-02-28,1,1,39.3,1,1,3.20,Nil,1,2,2,2,2,2,10,1,2,2,2,2,2,10,ysowe,,2
IN-M-138B,delivery__postpart_arm_1,,,2024-05-21,3,,3,2024-05-21 05:20,4,1,,2024-05-21,1,1,39.7,1,1,4.00,Nil,0,,,,,,,1,0,1,1,2,0,4,ysowe,,2
IN-M-140D,delivery__postpart_arm_1,,,2024-03-15,1,,5,2024-03-15 09:00,0,1,,2024-03-15,1,1,39.3,2,1,3.17,Home delivery,0,,,,,,,0,,,,,,,lamceesay,,2
IN-M-142H,delivery__postpart_arm_1,,,2024-05-16,6,,3,2024-05-16 06:00,7,1,,2024-05-16,1,1,39,1,1,3.60,Birth Asphyxia ,1,0,2,2,2,1,7,1,2,2,2,2,2,10,safjarju,,2
IN-M-145E,delivery__postpart_arm_1,,,2024-03-27,2,,3,2024-03-27 10:21,6,1,,2024-03-27,1,1,40.3,2,1,3.56,Nil,1,2,1,2,2,2,9,1,2,2,2,2,2,10,mujoof,,2
IN-M-146H,delivery__postpart_arm_1,,,2024-04-21,3,,3,2024-04-28 04:55,2,1,,2024-04-21,,1,,2,1,02.70, None,,,,,,,,,,,,,,,okambi,,2
IN-M-147K,delivery__postpart_arm_1,,,2024-03-14,6,,2,2024-03-17 10:00,36,1,,2024-03-17,5,1,40.7,1,0,,No staff was present during operation.,0,,,,,,,0,,,,,,,ysowe,43,2
IN-M-148E,delivery__postpart_arm_1,,,2024-04-28,6,,3,2024-04-27 10:11,27,1,,2024-04-28,,1,37.6,2,1,2.70,,,,,,,,,,,,,,,,ljatta,,2
IN-M-150H,delivery__postpart_arm_1,,,2024-04-07,4,,3,2024-04-07 07:40,4,1,,2024-04-07,,1,,2,0,,None,,,,,,,,,,,,,,,abarjo,,2
IN-M-151B,delivery__postpart_arm_1,,,2024-02-11,9,Edward Francis Small Teaching Hospital (EFSTH),3,,,99,,2024-02-11,1,1,34.6,2,1,2.50,,1,1,2,2,2,1,8,1,2,2,2,2,2,10,lamceesay,,2
IN-M-153G,delivery__postpart_arm_1,,,2024-05-21,3,,3,2024-05-21 09:15,3,1,,2024-05-21,1,1,38.1,1,1,3.30,None,1,2,2,2,2,2,10,1,2,2,2,2,2,10,ysowe,,2
IN-M-156B,delivery__postpart_arm_1,,,2024-03-29,2,,3,2024-03-29 18:05,11,1,,2024-03-29,1,1,39.6,1,1,3.13,Nil,1,2,1,2,2,2,9,1,2,2,2,2,2,10,mujoof,,2
IN-M-159C,delivery__postpart_arm_1,,,2024-04-07,6,,3,2024-04-07 01:17,24,99,,2024-04-07,,1,,1,1,2.80,No,,,,,,,,,,,,,,,abarjo,,2
IN-M-160G,delivery__postpart_arm_1,,,2024-04-08,3,,4,2024-04-08 22:48,6,1,,2024-04-08,,1,41,2,1,3.50,No problem ,,,,,,,,,,,,,,,asejatta,,2
IN-M-161D,delivery__postpart_arm_1,,,2024-05-10,2,,3,2024-05-10 00:05,9,1,,2024-05-10,1,1,40.6,1,1,3.10,Congenital abnormalities ,1,1,2,1,2,1,7,1,2,2,1,2,2,9,safjarju,,2
IN-M-162F,delivery__postpart_arm_1,,,2024-07-04,3,,3,2024-07-04 13:34,14,1,,2024-07-04,,1,41.1,1,1,3.90,Safe delivery,,,,,,,,,,,,,,,mymbah,,2
IN-M-165G,delivery__postpart_arm_1,,,2024-06-08,3,,3,2024-06-08 20:21,4,,,2024-06-08,,1,38.4,1,1,3.40,No problem ,,,,,,,,,,,,,,,abarjo,,2
IN-M-166D,delivery__postpart_arm_1,,,2024-06-11,2,,3,2024-06-11 10:00,16,1,,2024-06-11,1,1,38.9,1,1,3.39,Small laceration at the upper part.,1,2,1,2,2,2,9,1,2,2,2,2,2,10,mujoof,,2
IN-M-169A,delivery__postpart_arm_1,,,2024-06-25,2,,1,2024-06-25 23:55,29,4,,2024-06-25,1,1,39.7,1,1,2.96,No problem detected.,1,2,2,1,2,2,9,1,2,2,2,2,2,10,safjarju,,2
IN-M-173D,delivery__postpart_arm_1,,,2024-06-10,3,,3,2024-06-10 15:36,3,1,,2024-06-10,1,1,38.9,1,1,3.30,Non,1,2,2,2,2,2,10,1,2,2,2,2,2,10,ysowe,,2
IN-M-174J,delivery__postpart_arm_1,,,2024-06-25,6,,3,2024-06-24 15:00,43,2,,2024-06-26,2,2,38.1,2,1,2.60,,1,0,0,0,0,0,0,1,0,0,0,0,0,0,safjarju,,2
IN-M-177H,delivery__postpart_arm_1,,,2024-06-03,3,,3,2024-06-04 05:58,8,1,,2024-06-04,1,1,37,2,1,2.70,Nil,1,2,2,2,2,2,10,1,2,2,2,2,2,10,lynjai,,2
IN-M-178B,delivery__postpart_arm_1,,,2024-05-10,9,Nema health facility ,3,2024-05-10 09:34,2,1,,2024-05-10,,1,41.4,2,1,3.00,No problem ,,,,,,,,,,,,,,,lynjai,,2
IN-M-179J,delivery__postpart_arm_1,,,2024-06-01,2,,3,2024-05-31 07:00,17,1,,2024-06-01,1,1,37.6,2,1,2.57,No problem detected,1,2,2,2,2,2,10,1,2,2,2,2,2,10,safjarju,,2
IN-M-180J,delivery__postpart_arm_1,,,2024-07-21,3,,3,2024-07-21 23:30,6,1,,2024-07-21,1,1,39.7,1,1,3.40,None,1,2,2,2,2,2,10,1,2,2,2,2,2,10,ysowe,,2
IN-M-181B,delivery__postpart_arm_1,,,2024-04-23,3,,3,2024-04-23 17:00,8,1,,2024-04-23,1,1,38,1,1,3.00,Nil,1,2,2,2,2,2,10,1,2,2,2,2,2,10,ysowe,,2
IN-M-182K,delivery__postpart_arm_1,,,2024-06-13,2,,3,2024-06-12 11:00,11,1,,2024-06-13,1,1,39.3,2,1,2.80,Nil problem ,1,2,1,2,2,2,9,1,2,2,2,2,2,10,safjarju,,2
IN-M-183H,delivery__postpart_arm_1,,,2024-05-13,9,Bundung Maternal,3,2024-05-13 03:16,6,4,,2024-05-13,1,1,41.9,1,1,3.10,None,1,1,2,1,2,2,8,1,2,2,1,2,2,9,dembaajallow,,2
IN-M-184A,delivery__postpart_arm_1,,,2024-05-10,9,Jiffarong health Centre ,3,2024-05-09 13:18,25,1,,2024-05-10,,1,,1,1,3.20,,,,,,,,,,,,,,,,ljatta,,2
IN-M-186K,delivery__postpart_arm_1,,,2024-06-28,3,,3,2024-06-29 02:34,6,1,,2024-06-29,1,1,40.6,2,1,2.80,Non,1,2,2,2,2,2,10,1,2,2,2,2,2,10,ysowe,,2
IN-M-187B,delivery__postpart_arm_1,,,2024-08-31,6,,3,2024-08-30 19:25,6,1,,2024-08-31,1,1,46.7,2,1,,,1,2,2,2,2,1,9,1,2,2,2,2,2,10,lamceesay,,2
IN-M-188B,delivery__postpart_arm_1,,,2024-05-24,2,,3,2024-05-24 19:12,10,1,,2024-05-24,1,1,40.1,2,1,3.90,Nil,1,2,1,2,2,2,9,1,2,2,2,2,2,10,mujoof,,2
IN-M-189C,delivery__postpart_arm_1,,,2024-06-13,9,Jali health center ,3,2024-06-13 18:06,2,1,,2024-06-13,,1,,1,1,4.20,No problem ,,,,,,,,,,,,,,,tdrammeh,,2
IN-M-190C,delivery__postpart_arm_1,,,2024-08-12,2,,3,2024-08-11 12:00,13,1,,2024-08-12,1,1,38.6,2,1,2.69,Had perineal tear and repaired. ,1,1,2,1,2,2,8,1,2,2,2,2,2,10,safjarju,,2
IN-M-191D,delivery__postpart_arm_1,,,2024-06-25,3,,3,2024-06-25 11:38,8,1,,2024-06-25,1,1,39.7,1,1,3.20,Nil,1,2,2,2,2,2,10,1,2,2,2,2,2,10,ysowe,,2
IN-M-192B,delivery__postpart_arm_1,,,2024-07-02,3,,3,2024-07-02 17:00,7,1,,2024-07-03,1,1,38.9,2,1,3.20,Nil,1,2,2,2,2,2,10,1,2,2,2,2,2,10,ysowe,,2
IN-M-194D,delivery__postpart_arm_1,,,2024-07-14,3,,3,2024-07-14 12:00,9,1,,2024-07-14,1,1,38.9,1,1,3.00,Nil,1,2,2,2,2,2,10,1,2,2,2,2,2,10,ysowe,,2
IN-M-195J,delivery__postpart_arm_1,,,2024-07-16,6,,2,2024-07-15 06:00,23,1,,2024-07-16,5,1,37.9,2,1,3.40,Obstructed labor which resulted to a cesarean section.,1,1,2,2,2,1,8,1,1,2,2,2,2,9,safjarju,,2
IN-M-196C,delivery__postpart_arm_1,,,2024-07-29,9,Brikama District Hospital,3,,,2,,2024-07-29,2,2,39.6,2,1,3.50,non of the project staff attended the delivery therefore some of the I formation cannot be completed in the form,0,,,,,,,0,,,,,,,amatjoof,,2
IN-M-201B,delivery__postpart_arm_1,,,2024-08-29,3,,3,2024-08-29 11:38,4,1,,2024-08-29,1,1,40.3,1,1,2.70,Nil,1,2,2,2,2,2,10,1,2,2,2,2,2,10,ysowe,,2
IN-M-205D,delivery__postpart_arm_1,,,2024-06-15,3,,3,2024-06-16 17:00,9,1,,2024-06-16,1,1,38.6,2,1,2.50,,0,,,,,,,0,,,,,,,lamceesay,,2
IN-M-207C,delivery__postpart_arm_1,,,2024-07-07,3,,3,2024-07-07 00:30,6,1,,2024-07-07,1,1,41.6,1,1,3.00,Nil,1,2,2,2,2,2,10,1,2,2,2,2,2,10,lamceesay,,2
IN-M-212K,delivery__postpart_arm_1,,,2024-06-11,3,,3,2024-06-11 03:25,10,1,,2024-06-11,1,1,38,2,1,3.30,Nil,1,2,2,2,2,2,10,1,2,2,2,2,2,10,ysowe,,2
IN-M-214F,delivery__postpart_arm_1,,,2024-07-15,3,,3,2024-07-15 15:30,4,1,,2024-07-15,1,1,40.9,1,1,3.70,Nil,1,2,2,2,2,2,10,1,2,2,2,2,2,10,ysowe,,2
IN-M-215E,delivery__postpart_arm_1,,,2024-09-18,2,,3,2024-09-18 05:31,3,1,,2024-09-18,1,1,40.1,1,1,4.32,There was no problem uring and after labour.,1,2,2,1,2,2,9,1,2,2,2,2,2,10,dembaajallow,,2
IN-M-221E,delivery__postpart_arm_1,,,2024-07-06,8,,3,2024-07-06 10:45,1,5,Head,2024-07-06,,1,,1,1,2.90,No problem save delivery ,,,,,,,,,,,,,,,lynjai,,2
IN-M-222C,delivery__postpart_arm_1,,,2024-09-29,3,,3,2024-09-28 20:37,18,1,,2024-09-29,1,1,39.9,1,1,3.10,First degree tear (repaired),1,1,2,1,2,2,8,1,2,2,2,2,2,10,amatjoof,,2
IN-M-223J,delivery__postpart_arm_1,,,2024-08-28,3,,3,2024-08-28 10:59,10,1,,2024-08-28,1,1,37.3,1,1,3.00,Nil,1,2,2,2,2,2,10,1,2,2,2,2,2,10,ysowe,,2
IN-M-224K,delivery__postpart_arm_1,,,2024-07-19,3,,3,2024-07-20 01:59,7,1,,2024-07-20,1,1,39.7,2,1,3.40,None,1,2,2,2,2,2,10,1,2,2,2,2,2,10,ysowe,,2
IN-M-226E,delivery__postpart_arm_1,,,2024-08-05,6,,2,2024-08-05 16:15,6,1,,2024-08-05,4,1,40.9,1,1,3.60,Nil,1,2,2,2,2,2,10,1,2,2,2,2,2,10,ysowe,,2
IN-M-227K,delivery__postpart_arm_1,,,2024-09-27,3,,3,2024-09-28 23:59,7,1,,2024-09-28,1,1,39.6,1,1,4.40,Non,1,2,2,2,2,2,10,1,2,2,2,2,2,10,ysowe,,2
IN-M-228E,delivery__postpart_arm_1,,,2024-09-27,3,,3,2024-09-27 01:45,8,1,,2024-09-27,1,1,39.4,1,1,3.50,Non,1,2,2,2,2,2,10,1,2,2,2,2,2,10,ysowe,,2
IN-M-229F,delivery__postpart_arm_1,,,2024-09-14,3,,3,2024-09-13 18:30,8,1,,2024-09-14,1,1,41.4,1,1,3.50,,1,2,2,2,2,2,10,1,2,2,2,2,2,10,lamceesay,,2
IN-M-232C,delivery__postpart_arm_1,,,2024-07-23,6,,2,2024-07-23 15:35,10,1,,2024-07-23,5,1,39.7,1,1,3.40,,1,2,2,2,2,2,10,1,2,2,2,2,2,10,ysowe,,2
IN-M-234D,delivery__postpart_arm_1,,,2024-09-25,6,,3,2024-09-25 04:53,9,1,,2024-09-25,1,1,39.9,1,1,3.39,There was no major problem during and after labour.,1,2,2,1,2,2,9,1,2,2,2,2,2,10,dembaajallow,,2
IN-M-235D,delivery__postpart_arm_1,,,2024-09-11,2,,3,2024-09-10 19:00,15,1,,2024-09-11,1,1,37.9,1,1,3.68,No problem detected ,1,1,2,2,2,1,8,1,2,2,2,2,2,10,safjarju,,2
IN-M-236J,delivery__postpart_arm_1,,,2024-08-21,9,Karantaba Health Centre ,3,2024-08-21 18:00,4,1,,2024-08-21,1,1,37.9,2,1,2.70,,1,2,2,2,2,2,10,1,2,2,2,2,2,10,kyceesay,,2
IN-M-238C,delivery__postpart_arm_1,,,2024-09-09,3,,3,2024-09-15 10:30,6,1,,2024-09-09,1,1,39.9,1,1,2.70,Nil,1,2,2,2,2,2,10,1,2,2,2,2,2,10,ysowe,,2
IN-M-240B,delivery__postpart_arm_1,,,2024-09-12,2,,3,2024-09-12 06:00,11,1,,2024-09-12,1,1,40.1,1,1,3.94,No problem detected ,1,1,2,2,2,1,8,1,2,2,2,2,2,10,safjarju,,2
IN-M-241F,delivery__postpart_arm_1,,,2024-10-08,3,,3,2024-10-08 06:35,8,1,,2024-10-08,1,1,40.9,2,1,3.40,Non,1,2,2,2,2,2,10,1,2,2,2,2,2,10,ysowe,,2
IN-M-244E,delivery__postpart_arm_1,,,2024-08-07,1,,6,2024-08-07 07:00,8,1,,2024-08-07,1,1,40,2,1,2.94,Had perineal tear and was repaired at Keneba clinic. ,0,,,,,,,0,,,,,,,safjarju,,2
IN-M-245J,delivery__postpart_arm_1,,,2024-08-30,6,,3,2024-08-30 04:33,8,1,,2024-08-30,1,1,38.1,1,1,2.10,,,,,,,,,,,,,,,,ljatta,,2
IN-M-246G,delivery__postpart_arm_1,,,2024-08-14,3,,3,2024-08-14 10:20,4,1,,2024-08-14,1,1,38.3,2,1,2.70,Nil,1,2,2,2,2,2,10,1,2,2,2,2,2,10,ysowe,,2
IN-M-247K,delivery__postpart_arm_1,,,2024-10-01,2,,3,2024-10-01 13:36,3,1,,2024-10-01,1,1,38,2,1,2.74,,1,2,2,2,2,2,10,1,2,2,2,2,2,10,sbeyai,,2
IN-M-249K,delivery__postpart_arm_1,,,2024-08-23,2,,3,2024-08-23 04:24,4,1,,2024-08-23,1,1,40.3,2,1,3.41,,1,2,2,2,2,2,10,1,2,2,2,2,2,10,lamceesay,,2
IN-M-252B,delivery__postpart_arm_1,,,2024-10-15,9,Jiffarong health Centre ,3,2024-10-15 03:15,2,1,,2024-10-15,,1,39.9,2,1,4.10,,,,,,,,,,,,,,,,ljatta,,2
IN-M-254E,delivery__postpart_arm_1,,,2024-09-21,9,Karantaba Health Centre ,3,2024-09-21 00:29,18,1,,2024-09-21,,1,,2,1,2.56,,,,,,,,,,,,,,,,asejatta,,2
IN-M-255D,delivery__postpart_arm_1,,,2024-09-22,3,,1,2024-09-21 19:30,10,1,,2024-09-22,1,1,38.4,2,1,3.40,None,1,2,2,2,2,2,10,1,2,2,2,2,2,10,lamceesay,,2
IN-M-256K,delivery__postpart_arm_1,,,2024-08-13,2,,3,2024-08-13 19:00,2,1,,2024-08-13,1,1,41.1,1,1,3.20,,1,2,2,2,2,1,9,1,2,2,2,2,2,10,lamceesay,,2
IN-M-257E,delivery__postpart_arm_1,,,2024-10-03,2,,3,2024-10-02 22:00,4,1,,2024-10-03,1,1,40.4,1,1,3.44,,1,2,2,2,2,2,10,1,2,2,2,2,2,10,sbeyai,,2
IN-M-259H,delivery__postpart_arm_1,,,2024-08-26,9,Karantaba Health Centre ,3,2024-08-26 13:02,10,1,,2024-08-26,1,1,37,1,1,2.50,,1,2,2,,2,2,8,1,2,2,1,2,2,9,asejatta,,2
IN-M-261J,delivery__postpart_arm_1,,,2024-10-11,9,Jali health Centre ,3,2024-10-11 14:25,7,1,,2024-10-11,1,1,39.4,1,1,3.80,,,,,,,,,,,,,,,,ljatta,,2
IN-M-262E,delivery__postpart_arm_1,,,2024-11-02,3,,1,2024-11-02 13:00,14,1,,2024-11-03,1,1,38.7,1,1,3.00,Nil,1,2,2,2,2,2,10,1,2,2,2,2,2,10,ysowe,,2
IN-M-263A,delivery__postpart_arm_1,,,2024-08-18,3,,3,2024-08-18 07:25,5,1,,2024-08-18,1,1,40.7,1,1,2.70,Cord round neck,1,0,2,1,1,1,5,1,2,2,2,2,2,10,ysowe,,2
IN-M-264H,delivery__postpart_arm_1,,,2024-10-31,3,,1,2024-10-31 18:29,4,1,,2024-10-31,1,1,41.4,2,1,3.00,Nil,1,2,2,2,2,2,10,1,2,2,2,2,2,10,ysowe,,2
IN-M-265E,delivery__postpart_arm_1,,,2024-09-13,2,,3,2024-09-13 09:47,13,1,,2024-09-13,1,1,39.6,2,1,3.79,No problem detected,1,1,2,2,2,2,9,1,2,2,2,2,2,10,safjarju,,2
IN-M-266G,delivery__postpart_arm_1,,,2024-10-24,3,,3,2024-10-24 02:50,11,1,,2024-10-24,1,1,39.3,2,1,3.40,Non,1,2,2,2,2,2,10,1,2,2,2,2,2,10,ysowe,,2
IN-M-267C,delivery__postpart_arm_1,,,2024-08-31,6,,3,2024-08-31 12:00,8,1,,2024-08-31,1,1,40.6,1,1,3.10,,1,2,2,2,2,1,9,1,2,2,2,2,2,10,lamceesay,,2
IN-M-268F,delivery__postpart_arm_1,,,2024-10-17,2,,3,2024-10-16 10:00,16,1,,2024-10-17,1,1,38.3,1,1,,nil problem ,1,2,1,2,2,2,9,1,2,2,2,2,2,10,mujoof,,2
IN-M-271H,delivery__postpart_arm_1,,,2024-10-21,3,,1,2024-10-21 09:45,5,1,,2024-10-21,1,1,39,2,1,2.60,Non,1,2,2,2,2,2,10,1,2,2,2,2,2,10,ysowe,,2
IN-M-273H,delivery__postpart_arm_1,,,2024-11-02,2,,3,2024-11-02 05:00,14,1,,2024-11-02,1,1,38.6,1,1,3.38,No problem detected ,1,1,2,2,2,2,9,1,2,2,2,2,2,10,safjarju,,2
IN-M-274B,delivery__postpart_arm_1,,,2024-10-31,2,,3,2024-10-31 06:00,10,1,,2024-10-31,1,1,38.1,1,1,2.67,No abnormality detected ,1,1,2,2,2,2,9,1,2,2,2,2,2,10,safjarju,,2
IN-M-276H,delivery__postpart_arm_1,,,2024-09-28,6,,3,2024-09-28 10:32,6,1,,2024-09-28,1,1,37.6,1,1,3.50,No problem during and after delivery,1,2,2,1,2,2,9,1,2,2,2,2,2,10,dembaajallow,,2
IN-M-280K,delivery__postpart_arm_1,,,2024-11-04,5,,2,,,,,2024-10-02,,,40.3,1,1,3.08,"this participant was advise to deliver at a hospital so she delivered outside the study area.
we missed all samples.",,,,,,,,1,,,,,,,mymbah,,2
IN-M-281C,delivery__postpart_arm_1,,,2024-09-20,9,Karantaba Health Centre ,3,2024-09-20 07:28,10,1,,2024-09-20,,1,39.6,2,1,3.50,,,,,,,,,,,,,,,,asejatta,,2
IN-M-282D,delivery__postpart_arm_1,,,2024-10-25,9,Kolior Health Centre ,3,2024-10-25 23:18,1,99,,2024-10-25,,1,,2,0,,,,,,,,,,,,,,,,,aymbah,,2
IN-M-283F,delivery__postpart_arm_1,,,2024-10-05,3,,3,2024-10-05 04:30,2,1,,2024-10-05,1,1,39.7,2,1,3.00,Non,1,2,2,2,2,2,10,1,2,2,2,2,,8,ysowe,,2
IN-M-284K,delivery__postpart_arm_1,,,2024-09-09,3,,3,2024-09-08 21:00,6,1,,2024-09-09,1,1,40,2,1,3.20,No problem ,1,2,1,2,2,2,9,1,2,2,2,2,2,10,mujoof,,2
IN-M-285A,delivery__postpart_arm_1,,,2024-10-02,3,,3,2024-10-02 00:08,10,1,,2024-10-02,1,1,39.3,1,1,3.00,Nil,1,,2,2,2,2,8,1,2,2,2,2,2,10,ysowe,,2
IN-M-288G,delivery__postpart_arm_1,,,2024-09-25,2,,1,2024-09-25 02:00,2,1,,2024-09-25,1,1,39.1,2,1,3.70,,1,2,2,2,2,1,9,1,2,2,2,2,2,10,lamceesay,,2
IN-M-291J,delivery__postpart_arm_1,,,2024-10-28,6,,3,2024-10-28 13:00,4,1,,2024-10-28,1,1,38.9,1,1,2.90,,1,2,2,2,2,1,9,1,2,2,2,2,2,10,lamceesay,,2
IN-M-293C,delivery__postpart_arm_1,,,2024-09-17,3,,3,2024-09-17 14:21,8,1,,2024-09-17,1,1,40,2,1,2.90,Retained placenta.,1,2,2,2,2,2,10,1,2,2,2,2,2,10,ysowe,,2
IN-M-295F,delivery__postpart_arm_1,,,2024-09-28,6,,,,,,,2024-09-28,5,1,42.6,2,1,3.50,She had a prolonged labour that was not progressing as th lie of the fetus wqs improper which was a breach prensatation and because of that she had a surgery to deliver by cesarean section nad thus i could not het the placenta. ,1,,,,,,,,,,,,,,dembaajallow,,2
IN-M-299A,delivery__postpart_arm_1,,,2024-10-30,3,,1,2024-10-29 14:15,14,1,,2024-10-30,1,1,41.1,2,1,2.90,Non,1,2,2,2,2,2,10,1,2,2,2,2,2,10,ysowe,,2
IN-M-305B,delivery__postpart_arm_1,,,2024-10-31,3,,1,2024-10-31 11:30,3,1,,2024-10-31,1,1,40.4,1,1,2.70,Nil,1,2,2,2,2,2,10,1,2,2,2,2,2,10,ysowe,,2
IN-M-306K,delivery__postpart_arm_1,,,2024-09-12,4,,5,2024-09-12 21:05,10,2,,2024-09-12,,1,,2,1,3.65,,,,,,,,,,,,,,,,asejatta,,2
IN-M-307K,delivery__postpart_arm_1,,,2024-10-27,2,,3,2024-10-26 10:00,6,1,,2024-10-27,1,1,38.9,1,1,3.14,,1,1,2,1,2,2,8,1,2,2,2,2,2,10,sbeyai,,2
IN-M-310B,delivery__postpart_arm_1,,,2024-10-19,3,,3,2024-10-19 07:15,2,1,,2024-10-19,1,1,38.7,2,1,3.07,,1,2,2,2,2,2,10,1,2,2,2,2,2,10,sbeyai,,2
IN-M-321D,delivery__postpart_arm_1,,,2024-10-25,3,,3,2024-10-25 19:17,5,1,,2024-10-26,1,1,40.3,2,1,2.70,nill problem at birth,1,1,2,1,2,2,8,1,2,2,2,2,2,10,amatjoof,,2
IN-M-323D,delivery__postpart_arm_1,,,2024-09-20,3,,3,2024-09-20 05:20,2,1,,2024-09-20,1,1,32.6,1,1,1.60,"Participant referred to Keneba then finally to EFSTH, Banjul for medical care. ",1,2,2,2,2,2,10,1,2,2,2,2,2,10,ysowe,,2
IN-M-327F,delivery__postpart_arm_1,,,2024-09-20,9,Karantaba Health Centre ,3,2024-09-20 01:24,10,1,,2024-09-20,,1,,1,1,3.86,,,,,,,,,,,,,,,,asejatta,,2
IN-M-328K,delivery__postpart_arm_1,,,2024-10-08,3,,3,2024-10-08 05:00,6,1,,2024-10-08,1,1,38.7,2,1,3.00,Non,1,2,2,2,2,2,10,1,2,2,2,2,2,10,ysowe,,2
IN-M-329D,delivery__postpart_arm_1,,,2024-10-26,2,,3,2024-10-26 10:03,2,1,,2024-10-26,1,1,40.3,1,1,3.10,,1,1,2,1,2,1,7,1,2,2,2,2,2,10,sbeyai,,2
IN-M-339K,delivery__postpart_arm_1,,,2024-09-24,3,,3,2024-09-24 01:00,12,1,,2024-09-24,1,1,39.1,1,1,3.80,Nil,1,2,2,2,2,2,10,1,2,2,2,2,2,10,ysowe,,2
IN-M-341A,delivery__postpart_arm_1,,,2024-10-25,3,,3,2024-10-25 11:08,1,1,,2024-10-25,,1,37.6,1,1,3.60,,,,,,,,,,,,,,,,lynjai,,2
IN-M-351B,delivery__postpart_arm_1,,,2024-10-31,6,,2,2024-10-31 10:21,0,1,,2024-10-31,5,1,34.1,2,1,2.20,Preterm baby ,1,1,2,2,2,2,9,1,1,2,2,2,2,9,safjarju,,2
IN-M-354C,delivery__postpart_arm_1,,,2024-10-14,6,,3,2024-10-14 10:00,11,1,,2024-10-15,1,2,41.1,2,1,2.10,Intra Uterine foetal dead.,0,,,,,,,0,,,,,,,ysowe,,2
IN-M-356C,delivery__postpart_arm_1,,,2024-10-29,9,Kaiaf health center ,3,2024-10-29 16:50,15,1,,2024-10-29,,1,40,1,1,3.56,No problem ,,,,,,,,,,,,,,,fosanyang,,2
IN-M-365J,delivery__postpart_arm_1,,,2024-11-05,3,,3,2024-11-04 14:15,12,1,,2024-11-05,1,1,40.7,1,1,3.40,nil,1,2,1,2,2,2,9,1,2,2,2,2,2,10,mujoof,,2
IN-M-374J,delivery__postpart_arm_1,,,2024-09-22,6,,1,2024-09-22 12:30,7,1,,2024-09-22,,1,36.9,1,1,2.90,No problem.,,,,,,,,,,,,,,,tdrammeh,,2
IN-M-405C,delivery__postpart_arm_1,,,2024-10-23,3,,3,2024-10-23 20:00,4,1,,2024-10-23,1,1,39.1,2,1,3.20,Delivery occurred at Kolior due to eventual issue.,1,2,2,2,2,2,10,1,2,2,2,2,2,10,ysowe,,2
