con_participantid_q1,redcap_event_name,redcap_repeat_instrument,redcap_repeat_instance,infantid,infantid_complete
IN-M-001E,baby_check_arm_2,,,IN-C-001D,2
IN-M-002H,baby_check_arm_2,,,IN-C-002B,2
IN-M-004F,baby_check_arm_2,,,IN-C-004G,2
IN-M-005J,baby_check_arm_2,,,IN-C-005K,2
IN-M-007A,baby_check_arm_2,,,IN-C-007G,2
IN-M-009K,baby_check_arm_2,,,IN-C-009C,2
IN-M-011C,baby_check_arm_2,,,IN-C-011H,2
IN-M-012B,baby_check_arm_2,,,IN-C-012F,2
IN-M-013D,baby_check_arm_2,,,IN-C-013A,2
IN-M-014D,baby_check_arm_2,,,IN-C-014K,2
IN-M-016F,baby_check_arm_2,,,IN-C-016D,2
IN-M-018C,baby_check_arm_2,,,IN-C-018Y,2
IN-M-020G,baby_check_arm_2,,,IN-C-020H,2
IN-M-022E,baby_check_arm_2,,,IN-C-022K,2
IN-M-023A,baby_check_arm_2,,,IN-C-023C,2
IN-M-026F,baby_check_arm_2,,,IN-C-026E,2
IN-M-027E,baby_check_arm_2,,,IN-C-027J,2
IN-M-028G,baby_check_arm_2,,,IN-C-028N,2
IN-M-029D,baby_check_arm_2,,,IN-C-029E,2
IN-M-030C,baby_check_arm_2,,,IN-C-030J,2
IN-M-031D,baby_check_arm_2,,,IN-C-031K,2
IN-M-033K,baby_check_arm_2,,,IN-C-033F,2
IN-M-040F,baby_check_arm_2,,,IN-C-040D,2
IN-M-042F,baby_check_arm_2,,,IN-C-042H,2
IN-M-043H,baby_check_arm_2,,,IN-C-043E,2
IN-M-046J,baby_check_arm_2,,,IN-C-046K,2
IN-M-047B,baby_check_arm_2,,,IN-C-047F,2
IN-M-048E,baby_check_arm_2,,,IN-C-048J,2
IN-M-053K,baby_check_arm_2,,,IN-C-053B,2
IN-M-056J,baby_check_arm_2,,,IN-C-056G,2
IN-M-058J,baby_check_arm_2,,,IN-C-058K,2
IN-M-059G,baby_check_arm_2,,,IN-C-059A,2
IN-M-061B,baby_check_arm_2,,,IN-C-061E,2
IN-M-062B,baby_check_arm_2,,,IN-C-062D,2
IN-M-064D,baby_check_arm_2,,,IN-C-064G,2
IN-M-065H,baby_check_arm_2,,,IN-C-065B,2
IN-M-066B,baby_check_arm_2,,,IN-C-066H,2
IN-M-067H,baby_check_arm_2,,,IN-C-067C,2
IN-M-069K,baby_check_arm_2,,,IN-C-069F,2
IN-M-070E,baby_check_arm_2,,,IN-C-070F,2
IN-M-071F,baby_check_arm_2,,,IN-C-071J,2
IN-M-072J,baby_check_arm_2,,,IN-C-072G,2
IN-M-074F,baby_check_arm_2,,,IN-C-074H,2
IN-M-075A,baby_check_arm_2,,,IN-C-075C,2
IN-M-076H,baby_check_arm_2,,,IN-C-076A,2
IN-M-077H,baby_check_arm_2,,,IN-C-077B,2
IN-M-078F,baby_check_arm_2,,,IN-C-078D,2
IN-M-079G,baby_check_arm_2,,,IN-C-079E,2
IN-M-081D,baby_check_arm_2,,,IN-C-081B,2
IN-M-082E,baby_check_arm_2,,,IN-C-082C,2
IN-M-083H,baby_check_arm_2,,,IN-C-083D,2
IN-M-084C,baby_check_arm_2,,,IN-C-084A,2
IN-M-085H,baby_check_arm_2,,,IN-C-085E,2
IN-M-086J,baby_check_arm_2,,,IN-C-086F,2
IN-M-087F,baby_check_arm_2,,,IN-C-087K,2
IN-M-088J,baby_check_arm_2,,,IN-C-088H,2
IN-M-089F,baby_check_arm_2,,,IN-C-089J,2
IN-M-090C,baby_check_arm_2,,,IN-C-090E,2
IN-M-091K,baby_check_arm_2,,,IN-C-091C,2
IN-M-093E,baby_check_arm_2,,,IN-C-093G,2
IN-M-095K,baby_check_arm_2,,,IN-C-095H,2
IN-M-096C,baby_check_arm_2,,,IN-C-096B,2
IN-M-097K,baby_check_arm_2,,,IN-C-097D,2
IN-M-098F,baby_check_arm_2,,,IN-C-098V,2
IN-M-099A,baby_check_arm_2,,,IN-C-099K,2
IN-M-100G,baby_check_arm_2,,,IN-C-100H,2
IN-M-101H,baby_check_arm_2,,,IN-C-101A,2
IN-M-102H,baby_check_arm_2,,,IN-C-102K,2
IN-M-104G,baby_check_arm_2,,,IN-C-104B,2
IN-M-105F,baby_check_arm_2,,,IN-C-105V,2
IN-M-107A,baby_check_arm_2,,,IN-C-107J,2
IN-M-108D,baby_check_arm_2,,,IN-C-108G,2
IN-M-110C,baby_check_arm_2,,,IN-C-110J,2
IN-M-111D,baby_check_arm_2,,,IN-C-111K,2
IN-M-112D,baby_check_arm_2,,,IN-C-112E,2
IN-M-113G,baby_check_arm_2,,,IN-C-113F,2
IN-M-114H,baby_check_arm_2,,,IN-C-114D,2
IN-M-116D,baby_check_arm_2,,,IN-C-116C,2
IN-M-118E,baby_check_arm_2,,,IN-C-118B,2
IN-M-123A,baby_check_arm_2,,,IN-C-123E,2
IN-M-124E,baby_check_arm_2,,,IN-C-124C,2
IN-M-125H,baby_check_arm_2,,,IN-C-125A,2
IN-M-126J,baby_check_arm_2,,,IN-C-126K,2
IN-M-129E,baby_check_arm_2,,,IN-C-129B,2
IN-M-130F,baby_check_arm_2,,,IN-C-130A,2
IN-M-131H,baby_check_arm_2,,,IN-C-131D,2
IN-M-132C,baby_check_arm_2,,,IN-C-132B,2
IN-M-133B,baby_check_arm_2,,,IN-C-133H,2
IN-M-134C,baby_check_arm_2,,,IN-C-134F,2
IN-M-136C,baby_check_arm_2,,,IN-C-136J,2
IN-M-138B,baby_check_arm_2,,,IN-C-138E,2
IN-M-140D,baby_check_arm_2,,,IN-C-140C,2
IN-M-142H,baby_check_arm_2,,,IN-C-142J,2
IN-M-145E,baby_check_arm_2,,,IN-C-145D,2
IN-M-146H,baby_check_arm_2,,,IN-C-146G,2
IN-M-147K,baby_check_arm_2,,,IN-C-147H,2
IN-M-148E,baby_check_arm_2,,,IN-C-148K,2
IN-M-150H,baby_check_arm_2,,,IN-C-150K,2
IN-M-151B,baby_check_arm_2,,,IN-C-151E,2
IN-M-153G,baby_check_arm_2,,,IN-C-153J,2
IN-M-156B,baby_check_arm_2,,,IN-C-156H,2
IN-M-159C,baby_check_arm_2,,,IN-C-159F,2
IN-M-160G,baby_check_arm_2,,,IN-C-160B,2
IN-M-161D,baby_check_arm_2,,,IN-C-161H,2
IN-M-162F,baby_check_arm_2,,,IN-C-162P,2
IN-M-165G,baby_check_arm_2,,,IN-C-165J,2
IN-M-166D,baby_check_arm_2,,,IN-C-166X,2
IN-M-169A,baby_check_arm_2,,,IN-C-169G,2
IN-M-173D,baby_check_arm_2,,,IN-C-173S,2
IN-M-174J,baby_check_arm_2,,,IN-C-174A,2
IN-M-177H,baby_check_arm_2,,,IN-C-177K,2
IN-M-178B,baby_check_arm_2,,,IN-C-178H,2
IN-M-179J,baby_check_arm_2,,,IN-C-179X,2
IN-M-180J,baby_check_arm_2,,,IN-C-180E,2
IN-M-181B,baby_check_arm_2,,,IN-C-181C,2
IN-M-182K,baby_check_arm_2,,,IN-C-182A,2
IN-M-183H,baby_check_arm_2,,,IN-C-183G,2
IN-M-184A,baby_check_arm_2,,,IN-C-184J,2
IN-M-186K,baby_check_arm_2,,,IN-C-186B,2
IN-M-187B,baby_check_arm_2,,,IN-C-187D,2
IN-M-188B,baby_check_arm_2,,,IN-C-188F,2
IN-M-189C,baby_check_arm_2,,,IN-C-189K,2
IN-M-190C,baby_check_arm_2,,,IN-C-190F,2
IN-M-191D,baby_check_arm_2,,,IN-C-191J,2
IN-M-192B,baby_check_arm_2,,,IN-C-192G,2
IN-M-194D,baby_check_arm_2,,,IN-C-194H,2
IN-M-195J,baby_check_arm_2,,,IN-C-195C,2
IN-M-196C,baby_check_arm_2,,,IN-C-196A,2
IN-M-201B,baby_check_arm_2,,,IN-C-201K,2
IN-M-205D,baby_check_arm_2,,,IN-C-205G,2
IN-M-207C,baby_check_arm_2,,,IN-C-207A,2
IN-M-212K,baby_check_arm_2,,,IN-C-212B,2
IN-M-214F,baby_check_arm_2,,,IN-C-214G,2
IN-M-215E,baby_check_arm_2,,,IN-C-215K,2
IN-M-221E,baby_check_arm_2,,,IN-C-221F,2
IN-M-222C,baby_check_arm_2,,,IN-C-222J,2
IN-M-223J,baby_check_arm_2,,,IN-C-223B,2
IN-M-224K,baby_check_arm_2,,,IN-C-224E,2
IN-M-226E,baby_check_arm_2,,,IN-C-226G,2
IN-M-227K,baby_check_arm_2,,,IN-C-227H,2
IN-M-228E,baby_check_arm_2,,,IN-C-228K,2
IN-M-229F,baby_check_arm_2,,,IN-C-229A,2
IN-M-232C,baby_check_arm_2,,,IN-C-232A,2
IN-M-234D,baby_check_arm_2,,,IN-C-234J,2
IN-M-235D,baby_check_arm_2,,,IN-C-235H,2
IN-M-236J,baby_check_arm_2,,,IN-C-236B,2
IN-M-238C,baby_check_arm_2,,,IN-C-238F,2
IN-M-240B,baby_check_arm_2,,,IN-C-240H,2
IN-M-241F,baby_check_arm_2,,,IN-C-241A,2
IN-M-244E,baby_check_arm_2,,,IN-C-244B,2
IN-M-245J,baby_check_arm_2,,,IN-C-245F,2
IN-M-246G,baby_check_arm_2,,,IN-C-246E,2
IN-M-247K,baby_check_arm_2,,,IN-C-247J,2
IN-M-249K,baby_check_arm_2,,,IN-C-249D,2
IN-M-252B,baby_check_arm_2,,,IN-C-252H,2
IN-M-254E,baby_check_arm_2,,,IN-C-254C,2
IN-M-255D,baby_check_arm_2,,,IN-C-255A,2
IN-M-256K,baby_check_arm_2,,,IN-C-256T,2
IN-M-257E,baby_check_arm_2,,,IN-C-257F,2
IN-M-259H,baby_check_arm_2,,,IN-C-259B,2
IN-M-261J,baby_check_arm_2,,,IN-C-261B,2
IN-M-262E,baby_check_arm_2,,,IN-C-262C,2
IN-M-263A,baby_check_arm_2,,,IN-C-263D,2
IN-M-264H,baby_check_arm_2,,,IN-C-264A,2
IN-M-265E,baby_check_arm_2,,,IN-C-265M,2
IN-M-266G,baby_check_arm_2,,,IN-C-266F,2
IN-M-267C,baby_check_arm_2,,,IN-C-267K,2
IN-M-268F,baby_check_arm_2,,,IN-C-268H,2
IN-M-270C,baby_check_arm_2,,,IN-C-270K,2
IN-M-271H,baby_check_arm_2,,,IN-C-271E,2
IN-M-272D,baby_check_arm_2,,,IN-C-272B,2
IN-M-273H,baby_check_arm_2,,,IN-C-273J,2
IN-M-274B,baby_check_arm_2,,,IN-C-274G,2
IN-M-275H,baby_check_arm_2,,,IN-C-275B,2
IN-M-276H,baby_check_arm_2,,,IN-C-276V,2
IN-M-280K,baby_check_arm_2,,,IN-C-280F,2
IN-M-281C,baby_check_arm_2,,,IN-C-281J,2
IN-M-282D,baby_check_arm_2,,,IN-C-282G,2
IN-M-283F,baby_check_arm_2,,,IN-C-283K,2
IN-M-284K,baby_check_arm_2,,,IN-C-284H,2
IN-M-285A,baby_check_arm_2,,,IN-C-285C,2
IN-M-287K,baby_check_arm_2,,,IN-C-287B,2
IN-M-288G,baby_check_arm_2,,,IN-C-288D,2
IN-M-290B,baby_check_arm_2,,,IN-C-290P,2
IN-M-291J,baby_check_arm_2,,,IN-C-291H,2
IN-M-293C,baby_check_arm_2,,,IN-C-293A,2
IN-M-295F,baby_check_arm_2,,,IN-C-295J,2
IN-M-296G,baby_check_arm_2,,,IN-C-296D,2
IN-M-297E,baby_check_arm_2,,,IN-C-297W,2
IN-M-298B,baby_check_arm_2,,,IN-C-298C,2
IN-M-299A,baby_check_arm_2,,,IN-C-299G,2
IN-M-302A,baby_check_arm_2,,,IN-C-302D,2
IN-M-305B,baby_check_arm_2,,,IN-C-305N,2
IN-M-306K,baby_check_arm_2,,,IN-C-306H,2
IN-M-307K,baby_check_arm_2,,,IN-C-307C,2
IN-M-308B,baby_check_arm_2,,,IN-C-308A,2
IN-M-310B,baby_check_arm_2,,,IN-C-310C,2
IN-M-312C,baby_check_arm_2,,,IN-C-312J,2
IN-M-313E,baby_check_arm_2,,,IN-C-313B,2
IN-M-314F,baby_check_arm_2,,,IN-C-314E,2
IN-M-315E,baby_check_arm_2,,,IN-C-315D,2
IN-M-316H,baby_check_arm_2,,,IN-C-316G,2
IN-M-317J,baby_check_arm_2,,,IN-C-317H,2
IN-M-318F,baby_check_arm_2,,,IN-C-318K,2
IN-M-321D,baby_check_arm_2,,,IN-C-321B,2
IN-M-322F,baby_check_arm_2,,,IN-C-322C,2
IN-M-323D,baby_check_arm_2,,,IN-C-323Z,2
IN-M-324J,baby_check_arm_2,,,IN-C-324A,2
IN-M-326B,baby_check_arm_2,,,IN-C-326F,2
IN-M-327F,baby_check_arm_2,,,IN-C-327K,2
IN-M-328K,baby_check_arm_2,,,IN-C-328H,2
IN-M-329D,baby_check_arm_2,,,IN-C-329J,2
IN-M-332E,baby_check_arm_2,,,IN-C-332H,2
IN-M-333H,baby_check_arm_2,,,IN-C-333E,2
IN-M-335V,baby_check_arm_2,,,IN-C-335A,2
IN-M-336H,baby_check_arm_2,,,IN-C-336K,2
IN-M-337B,baby_check_arm_2,,,IN-C-337F,2
IN-M-339K,baby_check_arm_2,,,IN-C-339B,2
IN-M-340D,baby_check_arm_2,,,IN-C-340B,2
IN-M-341A,baby_check_arm_2,,,IN-C-341H,2
IN-M-342B,baby_check_arm_2,,,IN-C-342F,2
IN-M-346A,baby_check_arm_2,,,IN-C-346D,2
IN-M-348F,baby_check_arm_2,,,IN-C-348C,2
IN-M-351B,baby_check_arm_2,,,IN-C-351J,2
IN-M-352C,baby_check_arm_2,,,IN-C-352G,2
IN-M-354C,baby_check_arm_2,,,IN-C-354H,2
IN-M-355U,baby_check_arm_2,,,IN-C-355C,2
IN-M-356C,baby_check_arm_2,,,IN-C-356A,2
IN-M-359R,baby_check_arm_2,,,IN-C-359E,2
IN-M-361J,baby_check_arm_2,,,IN-C-361C,2
IN-M-362E,baby_check_arm_2,,,IN-C-362A,2
IN-M-363J,baby_check_arm_2,,,IN-C-363G,2
IN-M-364B,baby_check_arm_2,,,IN-C-364J,2
IN-M-365J,baby_check_arm_2,,,IN-C-365H,2
IN-M-366D,baby_check_arm_2,,,IN-C-366B,2
IN-M-367G,baby_check_arm_2,,,IN-C-367D,2
IN-M-368G,baby_check_arm_2,,,IN-C-368F,2
IN-M-369J,baby_check_arm_2,,,IN-C-369K,2
IN-M-370E,baby_check_arm_2,,,IN-C-370A,2
IN-M-372J,baby_check_arm_2,,,IN-C-372B,2
IN-M-373D,baby_check_arm_2,,,IN-C-373H,2
IN-M-374J,baby_check_arm_2,,,IN-C-374F,2
IN-M-375H,baby_check_arm_2,,,IN-C-375K,2
IN-M-377X,baby_check_arm_2,,,IN-C-377G,2
IN-M-379Q,baby_check_arm_2,,,IN-C-379C,2
IN-M-380A,baby_check_arm_2,,,IN-C-380H,2
IN-M-381H,baby_check_arm_2,,,IN-C-381A,2
IN-M-382C,baby_check_arm_2,,,IN-C-382K,2
IN-M-387B,baby_check_arm_2,,,IN-C-387J,2
IN-M-390A,baby_check_arm_2,,,IN-C-390J,2
IN-M-393H,baby_check_arm_2,,,IN-C-393F,2
IN-M-395J,baby_check_arm_2,,,IN-C-395G,2
IN-M-399C,baby_check_arm_2,,,IN-C-399H,2
IN-M-400D,baby_check_arm_2,,,IN-C-400B,2
IN-M-403C,baby_check_arm_2,,,IN-C-403A,2
IN-M-405C,baby_check_arm_2,,,IN-C-405J,2
IN-M-406K,baby_check_arm_2,,,IN-C-406D,2
IN-M-407C,baby_check_arm_2,,,IN-C-407E,2
IN-M-408B,baby_check_arm_2,,,IN-C-408C,2
IN-M-411Q,baby_check_arm_2,,,IN-C-411J,2
IN-M-412E,baby_check_arm_2,,,IN-C-412G,2
IN-M-415L,baby_check_arm_2,,,IN-C-415C,2
IN-M-416K,baby_check_arm_2,,,IN-C-416A,2
IN-M-417F,baby_check_arm_2,,,IN-C-417B,2
IN-M-418C,baby_check_arm_2,,,IN-C-418D,2
IN-M-419C,baby_check_arm_2,,,IN-C-419E,2
IN-M-422K,baby_check_arm_2,,,IN-C-422E,2
IN-M-423K,baby_check_arm_2,,,IN-C-423F,2
IN-M-439F,baby_check_arm_2,,,IN-C-439J,2
IN-M-440F,baby_check_arm_2,,,IN-C-440E,2
IN-M-441F,baby_check_arm_2,,,IN-C-441C,2
IN-M-443B,baby_check_arm_2,,,IN-C-443G,2
IN-M-444E,baby_check_arm_2,,,IN-C-444J,2
IN-M-452K,baby_check_arm_2,,,IN-C-452B,2
IN-M-454C,baby_check_arm_2,,,IN-C-454F,2
IN-M-483S,baby_check_arm_2,,,IN-C-483J,2
IN-M-485G,baby_check_arm_2,,,IN-C-485B,2
IN-M-493A,baby_check_arm_2,,,IN-C-493C,2
