con_participantid_q1,redcap_event_name,redcap_repeat_instrument,redcap_repeat_instance,neo_infantid,neo_vdate,neo_age,neo_stillconsent,neo_8days,neo_lbw,neo_preterm,neo_breastfeed,neo_othersupplements,neo_othconditions,neo_comments,neo_completedby,neonate_screening_complete
IN-M-001E,baby_check_arm_2,,,IN-C-001D,2023-11-08,8,1,1,0,0,0,0,0,,mujoof,2
IN-M-002H,baby_check_arm_2,,,IN-C-002B,2023-10-13,4,1,1,0,0,0,0,0,,lamceesay,2
IN-M-004F,baby_check_arm_2,,,IN-C-004G,2023-10-25,8,1,1,0,0,0,0,0,None,lamceesay,2
IN-M-005J,baby_check_arm_2,,,IN-C-005K,2023-11-16,9,1,1,0,0,0,0,0,,lamceesay,2
IN-M-007A,baby_check_arm_2,,,IN-C-007G,2023-10-24,9,1,1,0,0,0,0,0,,lamceesay,2
IN-M-009K,baby_check_arm_2,,,IN-C-009C,2023-10-03,7,1,1,0,0,0,0,0,,lamceesay,2
IN-M-011C,baby_check_arm_2,,,IN-C-011H,2023-10-15,8,1,1,0,0,0,0,0,,lamceesay,2
IN-M-012B,baby_check_arm_2,,,IN-C-012F,2023-11-12,9,1,1,0,0,0,0,0,None,lamceesay,2
IN-M-013D,baby_check_arm_2,,,IN-C-013A,2023-10-26,7,1,1,0,0,0,0,0,,lamceesay,2
IN-M-014D,baby_check_arm_2,,,IN-C-014K,2023-11-14,9,1,1,0,0,0,0,0,,mujoof,2
IN-M-016F,baby_check_arm_2,,,IN-C-016D,2023-09-29,8,1,1,0,0,0,0,0,,lamceesay,2
IN-M-018C,baby_check_arm_2,,,IN-C-018Y,2023-10-13,7,1,1,0,0,0,0,0,,lamceesay,2
IN-M-020G,baby_check_arm_2,,,IN-C-020H,2023-10-20,9,1,1,0,0,0,0,0,,lamceesay,2
IN-M-022E,baby_check_arm_2,,,IN-C-022K,2023-11-16,9,1,1,0,0,0,0,0,,lamceesay,2
IN-M-023A,baby_check_arm_2,,,IN-C-023C,2023-12-10,10,1,1,0,0,0,0,0,,lamceesay,2
IN-M-026F,baby_check_arm_2,,,IN-C-026E,2023-11-30,9,1,1,0,0,0,0,0,"General appearance is  good, temperature 36.2, respiratory rate 98, oxygen sacuration100",amatjoof,2
IN-M-027E,baby_check_arm_2,,,IN-C-027J,2023-10-16,7,1,1,0,0,0,0,0,Look comfortable in taking IPs.,ysowe,2
IN-M-028G,baby_check_arm_2,,,IN-C-028N,2023-11-12,9,1,1,0,0,0,0,0,,mujoof,2
IN-M-029D,baby_check_arm_2,,,IN-C-029E,2023-12-24,9,1,1,0,0,0,0,0,,lamceesay,2
IN-M-030C,baby_check_arm_2,,,IN-C-030J,2023-12-07,8,1,1,0,0,0,0,0,"Mother complained of abnormal growth like in child's vagina since birth and still there. Problem observed and referred to  report to keneba MRC on Monday 11 Dec 2023 for doctors review. Nil jaundice,  nil jaundice, temp 36.2, oxygen 100%, HR 98, RR 38",amatjoof,2
IN-M-031D,baby_check_arm_2,,,IN-C-031K,2023-11-09,8,1,1,0,0,0,0,0,,lamceesay,2
IN-M-033K,baby_check_arm_2,,,IN-C-033F,2023-11-20,8,1,1,0,0,0,0,0,,lamceesay,2
IN-M-040F,baby_check_arm_2,,,IN-C-040D,2023-12-25,8,1,1,0,0,0,0,0,Nil,lamceesay,2
IN-M-042F,baby_check_arm_2,,,,,,,,,,,,,,,0
IN-M-043H,baby_check_arm_2,,,IN-C-043E,2023-12-24,8,1,1,0,0,0,0,0,,lamceesay,2
IN-M-046J,baby_check_arm_2,,,IN-C-046K,2023-11-08,8,1,1,0,0,0,0,0,,lamceesay,2
IN-M-047B,baby_check_arm_2,,,IN-C-047F,2023-12-22,8,1,1,0,0,0,0,0,,lamceesay,2
IN-M-048E,baby_check_arm_2,,,IN-C-048J,2023-11-15,10,1,1,0,0,0,0,0,,mujoof,2
IN-M-053K,baby_check_arm_2,,,IN-C-053B,2023-11-29,9,1,1,0,0,0,0,0,,lamceesay,2
IN-M-056J,baby_check_arm_2,,,IN-C-056G,2024-01-21,8,1,1,0,0,0,0,0,Both mother and baby are well looking.,ysowe,2
IN-M-058J,baby_check_arm_2,,,IN-C-058K,2023-11-22,9,1,1,0,0,0,0,0,Both mother and the baby are good condition of health. ,mujoof,2
IN-M-059G,baby_check_arm_2,,,IN-C-059A,2024-01-31,8,1,1,0,0,0,0,0,,lamceesay,2
IN-M-061B,baby_check_arm_2,,,IN-C-061E,2024-02-02,8,1,1,0,0,0,0,0,,amatjoof,2
IN-M-062B,baby_check_arm_2,,,IN-C-062D,2024-01-24,9,1,1,0,0,0,0,0,Nil,lamceesay,2
IN-M-064D,baby_check_arm_2,,,IN-C-064G,2024-01-01,9,1,1,0,0,0,0,0,,lamceesay,2
IN-M-065H,baby_check_arm_2,,,IN-C-065B,2023-12-07,8,1,1,0,0,0,0,0,"Nil problem observed, temperature 36.4, HR 1O8, RR34, OXY 100%, NIL PALOR.  eyes are much improve up on receiving treatment from mrc keneba",amatjoof,2
IN-M-066B,baby_check_arm_2,,,,,,,,,,,,,,,0
IN-M-067H,baby_check_arm_2,,,IN-C-067C,2024-02-03,9,1,1,0,0,0,0,0,IP tolerated  and retained. ,ysowe,2
IN-M-069K,baby_check_arm_2,,,IN-C-069F,2023-12-12,8,1,1,0,0,0,0,0,,lamceesay,2
IN-M-070E,baby_check_arm_2,,,IN-C-070F,2024-02-12,9,1,1,0,0,0,0,0,Well tolerated IP.,ysowe,2
IN-M-071F,baby_check_arm_2,,,IN-C-071J,2024-01-27,8,1,1,0,0,0,0,0,,lamceesay,2
IN-M-072J,baby_check_arm_2,,,IN-C-072G,2024-01-27,9,1,1,0,0,0,0,0,,lamceesay,2
IN-M-074F,baby_check_arm_2,,,IN-C-074H,2024-02-10,9,1,1,0,0,0,0,0,,mujoof,2
IN-M-075A,baby_check_arm_2,,,IN-C-075C,2024-02-22,9,1,1,0,0,0,0,0,,lamceesay,2
IN-M-076H,baby_check_arm_2,,,IN-C-076A,2024-01-25,9,1,1,0,0,0,0,0,Nil,lamceesay,2
IN-M-077H,baby_check_arm_2,,,IN-C-077B,2024-01-19,9,1,1,0,0,0,0,0,Nil,lamceesay,2
IN-M-078F,baby_check_arm_2,,,IN-C-078D,2024-02-05,9,1,1,0,0,0,0,0,,lamceesay,2
IN-M-079G,baby_check_arm_2,,,IN-C-079E,2024-02-25,9,1,1,0,0,0,0,0,,lamceesay,2
IN-M-081D,baby_check_arm_2,,,IN-C-081B,2024-01-17,9,1,1,0,0,0,0,0,,ysowe,2
IN-M-082E,baby_check_arm_2,,,IN-C-082C,2024-02-26,9,1,1,0,0,0,0,0,,lamceesay,2
IN-M-083H,baby_check_arm_2,,,IN-C-083D,2024-02-11,8,1,1,0,0,0,0,0,,lamceesay,2
IN-M-084C,baby_check_arm_2,,,IN-C-084A,2024-02-16,8,1,1,0,0,0,0,0,Nil,lamceesay,2
IN-M-085H,baby_check_arm_2,,,IN-C-085E,2024-01-10,8,1,1,0,0,0,0,0,,ysowe,2
IN-M-086J,baby_check_arm_2,,,IN-C-086F,2024-01-09,8,1,1,0,0,0,0,0,,ysowe,2
IN-M-087F,baby_check_arm_2,,,IN-C-087K,2024-01-29,9,1,1,0,0,0,0,0,,lamceesay,2
IN-M-088J,baby_check_arm_2,,,IN-C-088H,2024-02-15,8,1,1,0,0,0,0,0,None,lamceesay,2
IN-M-089F,baby_check_arm_2,,,IN-C-089J,2024-01-17,8,1,1,0,0,0,0,0,,lamceesay,2
IN-M-090C,baby_check_arm_2,,,IN-C-090E,2024-03-08,8,1,1,0,0,0,0,0,,ysowe,2
IN-M-091K,baby_check_arm_2,,,,,,,,,,,,,,,0
IN-M-093E,baby_check_arm_2,,,IN-C-093G,2024-03-03,8,1,1,0,0,0,0,0,,lamceesay,2
IN-M-095K,baby_check_arm_2,,,,,,,,,,,,,,,0
IN-M-096C,baby_check_arm_2,,,IN-C-096B,2024-03-01,8,1,1,0,0,0,0,0,,lamceesay,2
IN-M-097K,baby_check_arm_2,,,IN-C-097D,2024-01-25,9,1,1,0,0,0,0,0,Nil,lamceesay,2
IN-M-098F,baby_check_arm_2,,,IN-C-098V,2024-02-19,8,1,1,0,0,0,0,0,None ,lamceesay,2
IN-M-099A,baby_check_arm_2,,,IN-C-099K,2024-02-02,9,1,1,0,0,0,0,0,,lamceesay,2
IN-M-100G,baby_check_arm_2,,,IN-C-100H,2024-03-10,8,1,1,0,0,0,0,0,,amatjoof,2
IN-M-101H,baby_check_arm_2,,,IN-C-101A,2024-04-09,8,1,1,0,0,0,0,0,Nil,lamceesay,2
IN-M-102H,baby_check_arm_2,,,,,,,,,,,,,,,0
IN-M-104G,baby_check_arm_2,,,IN-C-104B,2024-03-17,10,1,1,0,0,0,0,0,,lamceesay,2
IN-M-105F,baby_check_arm_2,,,IN-C-105V,2024-01-31,8,1,1,0,0,0,0,0,,lamceesay,2
IN-M-107A,baby_check_arm_2,,,IN-C-107J,2024-02-28,8,1,1,0,0,0,0,0,,lamceesay,2
IN-M-108D,baby_check_arm_2,,,IN-C-108G,2024-02-21,8,1,1,0,0,0,0,0,,lamceesay,2
IN-M-110C,baby_check_arm_2,,,IN-C-110J,2024-03-11,9,1,1,0,0,0,0,0,,lamceesay,2
IN-M-111D,baby_check_arm_2,,,IN-C-111K,2024-02-27,9,1,1,0,0,0,0,0,,ysowe,2
IN-M-112D,baby_check_arm_2,,,IN-C-112E,2024-03-17,8,1,1,0,0,0,0,0,,lamceesay,2
IN-M-113G,baby_check_arm_2,,,IN-C-113F,2024-03-17,8,1,1,0,0,0,0,0,,lamceesay,2
IN-M-114H,baby_check_arm_2,,,,,,,,,,,,,,,0
IN-M-116D,baby_check_arm_2,,,IN-C-116C,2024-02-21,8,1,1,0,0,0,0,0,,ysowe,2
IN-M-118E,baby_check_arm_2,,,IN-C-118B,2024-04-05,8,1,1,0,0,0,0,0,,ysowe,2
IN-M-123A,baby_check_arm_2,,,,,,,,,,,,,,,0
IN-M-124E,baby_check_arm_2,,,IN-C-124C,2024-04-09,8,1,1,0,0,0,0,0,,lamceesay,2
IN-M-125H,baby_check_arm_2,,,IN-C-125A,2024-02-23,8,1,1,0,0,0,0,0,,lamceesay,2
IN-M-126J,baby_check_arm_2,,,IN-C-126K,2024-04-05,8,1,1,0,0,0,0,0,,amatjoof,2
IN-M-129E,baby_check_arm_2,,,,,,,,,,,,,,,0
IN-M-130F,baby_check_arm_2,,,IN-C-130A,2024-04-05,8,1,1,0,0,0,0,0,,amatjoof,2
IN-M-131H,baby_check_arm_2,,,IN-C-131D,2024-02-23,8,1,1,0,0,0,0,0,,lamceesay,2
IN-M-132C,baby_check_arm_2,,,IN-C-132B,2024-04-23,8,1,1,0,0,0,0,0,,amatjoof,2
IN-M-133B,baby_check_arm_2,,,IN-C-133H,2024-03-11,8,1,1,0,0,0,0,0,,lamceesay,2
IN-M-134C,baby_check_arm_2,,,IN-C-134F,2024-04-17,8,1,1,0,0,0,0,0,,amatjoof,2
IN-M-136C,baby_check_arm_2,,,IN-C-136J,2024-03-07,8,1,1,0,0,0,0,0,,ysowe,2
IN-M-138B,baby_check_arm_2,,,IN-C-138E,2024-05-30,9,1,1,0,0,0,0,0,,ysowe,2
IN-M-140D,baby_check_arm_2,,,IN-C-140C,2024-03-17,2,1,1,0,0,0,0,0,,lamceesay,2
IN-M-142H,baby_check_arm_2,,,IN-C-142J,2024-05-27,11,1,1,0,0,0,0,0,,mujoof,2
IN-M-145E,baby_check_arm_2,,,IN-C-145D,2024-04-04,8,1,1,0,0,0,0,0,,amatjoof,2
IN-M-146H,baby_check_arm_2,,,IN-C-146G,2024-04-29,8,1,1,0,0,0,0,0,,ysowe,2
IN-M-147K,baby_check_arm_2,,,IN-C-147H,2024-03-25,8,1,1,0,0,0,0,0,Good condition for both mother and infant.,ysowe,2
IN-M-148E,baby_check_arm_2,,,IN-C-148K,2024-05-07,9,1,1,0,0,0,0,0,,amatjoof,2
IN-M-150H,baby_check_arm_2,,,IN-C-150K,2024-04-15,8,1,1,0,0,0,0,0,,amatjoof,2
IN-M-151B,baby_check_arm_2,,,IN-C-151E,2024-02-19,8,1,1,0,0,0,0,0,None ,lamceesay,2
IN-M-153G,baby_check_arm_2,,,IN-C-153J,2024-05-29,8,1,1,0,0,0,0,0,,ysowe,2
IN-M-156B,baby_check_arm_2,,,IN-C-156H,2024-04-06,8,1,1,0,0,0,0,0,,amatjoof,2
IN-M-159C,baby_check_arm_2,,,,,,,,,,,,,,,0
IN-M-160G,baby_check_arm_2,,,IN-C-160B,2024-04-17,9,1,1,0,0,0,0,0,,ysowe,2
IN-M-161D,baby_check_arm_2,,,,,,,,,,,,,,,0
IN-M-162F,baby_check_arm_2,,,IN-C-162P,2024-07-12,8,1,1,0,0,0,0,0,,ysowe,2
IN-M-165G,baby_check_arm_2,,,IN-C-165J,2024-06-16,8,1,1,0,0,0,0,0,,lamceesay,2
IN-M-166D,baby_check_arm_2,,,IN-C-166X,2024-06-20,9,1,1,0,0,0,0,0,,lamceesay,2
IN-M-169A,baby_check_arm_2,,,IN-C-169G,2024-07-03,8,1,1,0,0,0,0,0,,lamceesay,2
IN-M-173D,baby_check_arm_2,,,IN-C-173S,2024-06-19,9,1,1,0,0,0,0,0,None,ysowe,2
IN-M-174J,baby_check_arm_2,,,,,,,,,,,,,,,0
IN-M-177H,baby_check_arm_2,,,IN-C-177K,2024-06-12,8,1,1,0,0,0,0,0,,ysowe,2
IN-M-178B,baby_check_arm_2,,,IN-C-178H,2024-05-19,9,1,1,0,0,0,0,0,,ysowe,2
IN-M-179J,baby_check_arm_2,,,IN-C-179X,2024-06-10,9,1,1,0,0,0,0,0,,lamceesay,2
IN-M-180J,baby_check_arm_2,,,IN-C-180E,2024-07-31,10,1,1,0,0,0,0,0,,ysowe,2
IN-M-181B,baby_check_arm_2,,,IN-C-181C,2024-05-02,9,1,1,0,0,0,0,0,,ysowe,2
IN-M-182K,baby_check_arm_2,,,IN-C-182A,2024-06-23,10,1,1,0,0,0,0,0,,lamceesay,2
IN-M-183H,baby_check_arm_2,,,IN-C-183G,2024-07-10,58,1,1,0,0,0,0,0,,lamceesay,2
IN-M-184A,baby_check_arm_2,,,IN-C-184J,2024-05-19,9,1,1,0,0,0,0,0,,lamceesay,2
IN-M-186K,baby_check_arm_2,,,IN-C-186B,2024-07-09,10,1,1,0,0,0,0,0,,ysowe,2
IN-M-187B,baby_check_arm_2,,,IN-C-187D,2024-09-10,10,1,1,0,0,0,0,0,,lamceesay,2
IN-M-188B,baby_check_arm_2,,,IN-C-188F,2024-06-03,10,1,1,0,0,0,0,0,,lamceesay,2
IN-M-189C,baby_check_arm_2,,,IN-C-189K,2024-06-23,10,1,1,0,0,0,0,0,,lamceesay,2
IN-M-190C,baby_check_arm_2,,,IN-C-190F,2024-08-20,8,1,1,0,0,0,0,0,,lamceesay,2
IN-M-191D,baby_check_arm_2,,,IN-C-191J,2024-07-04,9,1,1,0,0,0,0,0,,ysowe,2
IN-M-192B,baby_check_arm_2,,,IN-C-192G,2024-07-11,8,1,1,0,0,0,0,0,,ysowe,2
IN-M-194D,baby_check_arm_2,,,IN-C-194H,2024-07-22,8,1,1,0,0,0,0,0,,ysowe,2
IN-M-195J,baby_check_arm_2,,,IN-C-195C,2024-07-25,9,1,1,0,0,0,0,0,,lamceesay,2
IN-M-196C,baby_check_arm_2,,,,,,,,,,,,,,,0
IN-M-201B,baby_check_arm_2,,,IN-C-201K,2024-09-07,9,1,1,0,0,0,0,0,,lamceesay,2
IN-M-205D,baby_check_arm_2,,,IN-C-205G,2024-06-26,10,1,1,0,0,0,0,0,,ysowe,2
IN-M-207C,baby_check_arm_2,,,IN-C-207A,2024-07-15,8,1,1,0,0,0,0,0,,ysowe,2
IN-M-212K,baby_check_arm_2,,,IN-C-212B,2024-06-20,9,1,1,0,0,0,0,0,,ysowe,2
IN-M-214F,baby_check_arm_2,,,IN-C-214G,2024-07-24,9,1,1,0,0,0,0,0,,ysowe,2
IN-M-215E,baby_check_arm_2,,,IN-C-215K,2024-09-27,9,1,1,0,0,0,0,0,,lamceesay,2
IN-M-221E,baby_check_arm_2,,,IN-C-221F,2024-07-15,9,1,1,0,0,0,0,0,,ysowe,2
IN-M-222C,baby_check_arm_2,,,IN-C-222J,2024-10-10,11,1,1,0,0,0,0,0,,amatjoof,2
IN-M-223J,baby_check_arm_2,,,IN-C-223B,2024-09-08,11,1,1,0,0,0,0,0,,mujoof,2
IN-M-224K,baby_check_arm_2,,,IN-C-224E,2024-07-30,10,1,1,0,0,0,0,0,,ysowe,2
IN-M-226E,baby_check_arm_2,,,IN-C-226G,2024-08-14,9,1,1,0,0,0,0,0,,ysowe,2
IN-M-227K,baby_check_arm_2,,,IN-C-227H,2024-10-05,7,1,1,0,0,0,0,0,Baby was born on the 28/09/2024.Today should be the eighth day as oppose to shown above.,ysowe,2
IN-M-228E,baby_check_arm_2,,,IN-C-228K,2024-10-05,8,1,1,0,0,0,0,0,,ysowe,2
IN-M-229F,baby_check_arm_2,,,,,,,,,,,,,,,0
IN-M-232C,baby_check_arm_2,,,IN-C-232A,2024-07-31,8,1,1,0,0,0,0,0,,ysowe,2
IN-M-234D,baby_check_arm_2,,,IN-C-234J,2024-10-05,10,1,1,0,0,0,0,0,,lamceesay,2
IN-M-235D,baby_check_arm_2,,,IN-C-235H,2024-09-19,8,1,1,0,0,0,0,0,,lamceesay,2
IN-M-236J,baby_check_arm_2,,,IN-C-236B,2024-08-29,8,1,1,0,0,0,0,0,,lamceesay,2
IN-M-238C,baby_check_arm_2,,,IN-C-238F,2024-09-19,10,1,1,0,0,0,0,0,,ysowe,2
IN-M-240B,baby_check_arm_2,,,IN-C-240H,2024-09-20,8,1,1,0,0,0,0,0,,lamceesay,2
IN-M-241F,baby_check_arm_2,,,IN-C-241A,2024-10-17,9,1,1,0,0,0,0,0,,ysowe,2
IN-M-244E,baby_check_arm_2,,,IN-C-244B,2024-08-15,8,1,1,0,0,0,0,0,,mujoof,2
IN-M-245J,baby_check_arm_2,,,IN-C-245F,2024-09-11,12,1,1,0,0,0,0,0,,lamceesay,2
IN-M-246G,baby_check_arm_2,,,IN-C-246E,2024-08-23,9,1,1,0,0,0,0,0,,ysowe,2
IN-M-247K,baby_check_arm_2,,,IN-C-247J,2024-10-09,8,1,1,0,0,0,0,0,,amatjoof,2
IN-M-249K,baby_check_arm_2,,,IN-C-249D,2024-09-02,10,1,1,0,0,0,0,0,,lamceesay,2
IN-M-252B,baby_check_arm_2,,,IN-C-252H,2024-10-23,8,1,1,0,0,0,0,0,,lamceesay,2
IN-M-254E,baby_check_arm_2,,,IN-C-254C,2024-09-29,8,1,1,0,0,0,0,0,,lamceesay,2
IN-M-255D,baby_check_arm_2,,,IN-C-255A,2024-10-02,10,1,1,0,0,0,0,0,,lamceesay,2
IN-M-256K,baby_check_arm_2,,,IN-C-256T,2024-08-22,9,1,1,0,0,0,0,0,,lamceesay,2
IN-M-257E,baby_check_arm_2,,,IN-C-257F,2024-10-11,8,1,1,0,0,0,0,0,,amatjoof,2
IN-M-259H,baby_check_arm_2,,,IN-C-259B,2024-09-03,8,1,1,0,0,0,0,0,,lamceesay,2
IN-M-261J,baby_check_arm_2,,,IN-C-261B,2024-10-21,10,1,1,0,0,0,0,0,,lamceesay,2
IN-M-262E,baby_check_arm_2,,,,,,,,,,,,,,,0
IN-M-263A,baby_check_arm_2,,,IN-C-263D,2024-08-27,9,1,1,0,0,0,0,0,,ysowe,2
IN-M-264H,baby_check_arm_2,,,,,,,,,,,,,,,0
IN-M-265E,baby_check_arm_2,,,IN-C-265M,2024-09-21,8,1,1,0,0,0,0,0,,lamceesay,2
IN-M-266G,baby_check_arm_2,,,IN-C-266F,2024-11-01,8,1,1,0,0,0,0,0,Both mother and baby are well. ,ysowe,2
IN-M-267C,baby_check_arm_2,,,IN-C-267K,2024-09-09,9,1,1,0,0,0,0,0,,lamceesay,2
IN-M-268F,baby_check_arm_2,,,IN-C-268H,2024-10-25,8,1,1,0,0,0,0,0,,lamceesay,2
IN-M-270C,baby_check_arm_2,,,,,,,,,,,,,,,0
IN-M-271H,baby_check_arm_2,,,IN-C-271E,2024-10-29,8,1,1,0,0,0,0,0,Both mother and baby are well.,ysowe,2
IN-M-272D,baby_check_arm_2,,,,,,,,,,,,,,,0
IN-M-273H,baby_check_arm_2,,,,,,,,,,,,,,,0
IN-M-274B,baby_check_arm_2,,,,,,,,,,,,,,,0
IN-M-275H,baby_check_arm_2,,,,,,,,,,,,,,,0
IN-M-276H,baby_check_arm_2,,,IN-C-276V,2024-10-06,8,1,1,0,0,0,0,0,,ysowe,2
IN-M-280K,baby_check_arm_2,,,,,,,,,,,,,,,0
IN-M-281C,baby_check_arm_2,,,IN-C-281J,2024-09-29,9,1,1,0,0,0,0,0,,lamceesay,2
IN-M-282D,baby_check_arm_2,,,IN-C-282G,2024-11-02,8,1,1,0,0,0,0,0,,ysowe,2
IN-M-283F,baby_check_arm_2,,,IN-C-283K,2024-10-14,9,1,1,0,0,0,0,0,,ysowe,2
IN-M-284K,baby_check_arm_2,,,IN-C-284H,2024-09-19,10,1,1,0,0,0,0,0,,lamceesay,2
IN-M-285A,baby_check_arm_2,,,IN-C-285C,2024-10-12,10,1,1,0,0,0,0,0,,lamceesay,2
IN-M-287K,baby_check_arm_2,,,,,,,,,,,,,,,0
IN-M-288G,baby_check_arm_2,,,IN-C-288D,2024-10-03,8,1,1,0,0,0,0,0,,lamceesay,2
IN-M-290B,baby_check_arm_2,,,,,,,,,,,,,,,0
IN-M-291J,baby_check_arm_2,,,,,,,,,,,,,,,0
IN-M-293C,baby_check_arm_2,,,IN-C-293A,2024-09-27,10,1,1,0,0,0,0,0,,ysowe,2
IN-M-295F,baby_check_arm_2,,,IN-C-295J,2024-10-07,9,1,1,0,0,0,0,0,,lamceesay,2
IN-M-296G,baby_check_arm_2,,,,,,,,,,,,,,,0
IN-M-297E,baby_check_arm_2,,,,,,,,,,,,,,,0
IN-M-298B,baby_check_arm_2,,,,,,,,,,,,,,,0
IN-M-299A,baby_check_arm_2,,,,,,,,,,,,,,,0
IN-M-302A,baby_check_arm_2,,,,,,,,,,,,,,,0
IN-M-305B,baby_check_arm_2,,,,,,,,,,,,,,,0
IN-M-306K,baby_check_arm_2,,,IN-C-306H,2024-10-06,24,1,1,0,0,0,0,0,,lamceesay,2
IN-M-307K,baby_check_arm_2,,,IN-C-307C,2024-11-04,8,1,1,0,0,0,0,0,,lamceesay,2
IN-M-308B,baby_check_arm_2,,,,,,,,,,,,,,,0
IN-M-310B,baby_check_arm_2,,,IN-C-310C,2024-10-28,9,1,1,0,0,0,0,0,,lamceesay,2
IN-M-312C,baby_check_arm_2,,,,,,,,,,,,,,,0
IN-M-313E,baby_check_arm_2,,,,,,,,,,,,,,,0
IN-M-314F,baby_check_arm_2,,,,,,,,,,,,,,,0
IN-M-315E,baby_check_arm_2,,,,,,,,,,,,,,,0
IN-M-316H,baby_check_arm_2,,,,,,,,,,,,,,,0
IN-M-317J,baby_check_arm_2,,,,,,,,,,,,,,,0
IN-M-318F,baby_check_arm_2,,,,,,,,,,,,,,,0
IN-M-321D,baby_check_arm_2,,,IN-C-321B,2024-11-03,8,1,1,0,0,0,0,0,,lamceesay,2
IN-M-322F,baby_check_arm_2,,,,,,,,,,,,,,,0
IN-M-323D,baby_check_arm_2,,,,,,,,,,,,,,,0
IN-M-324J,baby_check_arm_2,,,,,,,,,,,,,,,0
IN-M-326B,baby_check_arm_2,,,,,,,,,,,,,,,0
IN-M-327F,baby_check_arm_2,,,IN-C-327K,2024-09-28,8,1,1,0,0,0,0,0,,lamceesay,2
IN-M-328K,baby_check_arm_2,,,IN-C-328H,2024-10-24,16,1,1,0,0,0,0,0,Both mother and baby look well,ysowe,2
IN-M-329D,baby_check_arm_2,,,IN-C-329J,2024-11-04,9,1,1,0,0,0,0,0,,lamceesay,2
IN-M-332E,baby_check_arm_2,,,,,,,,,,,,,,,0
IN-M-333H,baby_check_arm_2,,,,,,,,,,,,,,,0
IN-M-335V,baby_check_arm_2,,,,,,,,,,,,,,,0
IN-M-336H,baby_check_arm_2,,,,,,,,,,,,,,,0
IN-M-337B,baby_check_arm_2,,,,,,,,,,,,,,,0
IN-M-339K,baby_check_arm_2,,,IN-C-339B,2024-10-04,10,1,1,0,0,0,0,0,,lamceesay,2
IN-M-340D,baby_check_arm_2,,,,,,,,,,,,,,,0
IN-M-341A,baby_check_arm_2,,,IN-C-341H,2024-11-03,9,1,1,0,0,0,0,0,,ysowe,2
IN-M-342B,baby_check_arm_2,,,,,,,,,,,,,,,0
IN-M-346A,baby_check_arm_2,,,,,,,,,,,,,,,0
IN-M-348F,baby_check_arm_2,,,,,,,,,,,,,,,0
IN-M-351B,baby_check_arm_2,,,,,,,,,,,,,,,0
IN-M-352C,baby_check_arm_2,,,,,,,,,,,,,,,0
IN-M-354C,baby_check_arm_2,,,,,,,,,,,,,,,0
IN-M-355U,baby_check_arm_2,,,,,,,,,,,,,,,0
IN-M-356C,baby_check_arm_2,,,,,,,,,,,,,,,0
IN-M-359R,baby_check_arm_2,,,,,,,,,,,,,,,0
IN-M-361J,baby_check_arm_2,,,,,,,,,,,,,,,0
IN-M-362E,baby_check_arm_2,,,,,,,,,,,,,,,0
IN-M-363J,baby_check_arm_2,,,,,,,,,,,,,,,0
IN-M-364B,baby_check_arm_2,,,,,,,,,,,,,,,0
IN-M-365J,baby_check_arm_2,,,,,,,,,,,,,,,0
IN-M-366D,baby_check_arm_2,,,,,,,,,,,,,,,0
IN-M-367G,baby_check_arm_2,,,,,,,,,,,,,,,0
IN-M-368G,baby_check_arm_2,,,,,,,,,,,,,,,0
IN-M-369J,baby_check_arm_2,,,,,,,,,,,,,,,0
IN-M-370E,baby_check_arm_2,,,,,,,,,,,,,,,0
IN-M-372J,baby_check_arm_2,,,,,,,,,,,,,,,0
IN-M-373D,baby_check_arm_2,,,,,,,,,,,,,,,0
IN-M-374J,baby_check_arm_2,,,IN-C-374F,2024-10-01,9,1,1,0,0,0,0,0,,amatjoof,2
IN-M-375H,baby_check_arm_2,,,,,,,,,,,,,,,0
IN-M-377X,baby_check_arm_2,,,,,,,,,,,,,,,0
IN-M-379Q,baby_check_arm_2,,,,,,,,,,,,,,,0
IN-M-380A,baby_check_arm_2,,,,,,,,,,,,,,,0
IN-M-381H,baby_check_arm_2,,,,,,,,,,,,,,,0
IN-M-382C,baby_check_arm_2,,,,,,,,,,,,,,,0
IN-M-387B,baby_check_arm_2,,,,,,,,,,,,,,,0
IN-M-390A,baby_check_arm_2,,,,,,,,,,,,,,,0
IN-M-393H,baby_check_arm_2,,,,,,,,,,,,,,,0
IN-M-395J,baby_check_arm_2,,,,,,,,,,,,,,,0
IN-M-399C,baby_check_arm_2,,,,,,,,,,,,,,,0
IN-M-400D,baby_check_arm_2,,,,,,,,,,,,,,,0
IN-M-403C,baby_check_arm_2,,,,,,,,,,,,,,,0
IN-M-405C,baby_check_arm_2,,,IN-C-405J,2024-11-01,9,1,1,0,0,0,0,0,,ysowe,2
IN-M-406K,baby_check_arm_2,,,,,,,,,,,,,,,0
IN-M-407C,baby_check_arm_2,,,,,,,,,,,,,,,0
IN-M-408B,baby_check_arm_2,,,,,,,,,,,,,,,0
IN-M-411Q,baby_check_arm_2,,,,,,,,,,,,,,,0
IN-M-412E,baby_check_arm_2,,,,,,,,,,,,,,,0
IN-M-415L,baby_check_arm_2,,,,,,,,,,,,,,,0
IN-M-416K,baby_check_arm_2,,,,,,,,,,,,,,,0
IN-M-417F,baby_check_arm_2,,,,,,,,,,,,,,,0
IN-M-418C,baby_check_arm_2,,,,,,,,,,,,,,,0
IN-M-419C,baby_check_arm_2,,,,,,,,,,,,,,,0
IN-M-422K,baby_check_arm_2,,,,,,,,,,,,,,,0
IN-M-423K,baby_check_arm_2,,,,,,,,,,,,,,,0
IN-M-439F,baby_check_arm_2,,,,,,,,,,,,,,,0
IN-M-440F,baby_check_arm_2,,,,,,,,,,,,,,,0
IN-M-441F,baby_check_arm_2,,,,,,,,,,,,,,,0
IN-M-443B,baby_check_arm_2,,,,,,,,,,,,,,,0
IN-M-444E,baby_check_arm_2,,,,,,,,,,,,,,,0
IN-M-452K,baby_check_arm_2,,,,,,,,,,,,,,,0
IN-M-454C,baby_check_arm_2,,,,,,,,,,,,,,,0
IN-M-483S,baby_check_arm_2,,,,,,,,,,,,,,,0
IN-M-485G,baby_check_arm_2,,,,,,,,,,,,,,,0
IN-M-493A,baby_check_arm_2,,,,,,,,,,,,,,,0
