con_participantid_q1,redcap_event_name,redcap_repeat_instrument,redcap_repeat_instance,omh_screen_hospitalnum_q1_v2,omh_age_at_menarche_q2_v2,omh_provide_age_q2a_v2,omh_total_pregnancy_q3_v2,omh_livebirths_q4_v2,stillbirths,miscarriages,gravida_v2,para_v2,if_at_least_one_livebirth_v2,have_you_used_contraceptio_v2,a_what_method_did_you_use_v2___1,a_what_method_did_you_use_v2___2,a_what_method_did_you_use_v2___3,a_what_method_did_you_use_v2___4,a_what_method_did_you_use_v2___5,a_what_method_did_you_use_v2___6,a_what_method_did_you_use_v2___7,a_what_method_did_you_use_v2___8,a_what_method_did_you_use_v2___9,a_what_method_did_you_use_v2___10,a_what_method_did_you_use_v2___11,a_what_method_did_you_use_v2___12,b_would_you_have_used_cont_v2,have_you_ever_been_told_by_v2,have_you_ever_been_treated_v2,you_ever_been_told_by_v2,have_you_ever_told_by_v2,have_you_ever_had_seizures_v2,do_you_have_any_other_medi_v2,please_provide_further_det_v2,screen36_taking_meds_v2,list_drua81a,screen37_family_disease_v2,screen38_diabetes_v2,screen39_hypertension_v2,screen_teenage_pregnancy_v2,screen42_elderly_v2,screen45_lga_baby_v2,screen_sgababy_v2,screen_twins_v2,completedby,screen_reviewer_v2,obstetric_and_medical_history_complete
IN-M-001E,recruitment_arm_1,,,,0,,6,4,1,0,6,5,1,2,0,0,0,0,0,0,0,0,0,0,0,0,2,2,2,2,2,2,2,,0,,0,,,3,2,2,2,2,,42,2
IN-M-002H,recruitment_arm_1,,,,1,14,5,4,0,0,5,4,0,2,0,0,0,0,0,0,0,0,0,0,0,0,2,2,2,2,2,2,2,,0,,0,,,2,2,2,2,2,,13,2
IN-M-003A,recruitment_arm_1,,,,1,15,6,4,0,1,6,4,0,2,0,0,0,0,0,0,0,0,0,0,0,0,2,2,1,2,2,2,2,,0,,0,,,2,2,3,3,2,,42,2
IN-M-004F,recruitment_arm_1,,,,1,14,5,4,0,0,5,4,0,1,0,0,0,0,1,0,0,0,0,1,0,0,1,1,2,2,2,2,2,,0,,0,,,2,2,2,2,2,,13,2
IN-M-005J,recruitment_arm_1,,,,0,,7,5,0,1,7,5,0,2,0,0,0,0,0,0,0,0,0,0,0,0,2,2,1,2,2,2,2,,0,,0,,,2,2,2,2,2,,42,2
IN-M-006H,recruitment_arm_1,,,,1,15,1,0,0,0,1,0,0,2,0,0,0,0,0,0,0,0,0,0,0,0,2,2,1,2,2,2,1,Worm infestation,0,,1,3,1,2,2,2,2,2,,42,2
IN-M-007A,recruitment_arm_1,,,,0,,5,3,1,0,5,4,1,2,0,0,0,0,0,0,0,0,0,0,0,0,2,2,2,2,2,2,2,,0,,0,,,2,2,2,2,2,lamceesay,42,2
IN-M-008D,recruitment_arm_1,,,,0,,5,3,0,1,5,3,0,1,0,0,0,0,1,0,0,0,0,0,0,0,1,2,2,2,2,2,2,,0,,,,,2,2,1,2,2,,42,2
IN-M-009K,recruitment_arm_1,,,,0,,1,0,0,0,1,0,0,2,0,0,0,0,0,0,0,0,0,0,0,0,2,2,2,2,2,2,2,,0,,1,3,2,1,2,2,2,2,,42,2
IN-M-010F,recruitment_arm_1,,,,1,16,9,8,0,1,9,8,0,2,0,0,0,0,0,0,0,0,0,0,0,0,2,2,2,2,2,2,2,,0,,0,,,1,2,1,2,1,,42,2
IN-M-011C,recruitment_arm_1,,,,1,15,4,2,0,1,4,2,0,2,0,0,0,0,0,0,0,0,0,0,0,0,2,2,2,2,2,2,2,,0,,1,3,1,2,2,1,2,2,,42,2
IN-M-012B,recruitment_arm_1,,,,1,15,6,5,0,0,6,5,0,2,0,0,0,0,0,0,0,0,0,0,0,0,2,2,2,2,2,2,2,,0,,0,,,3,2,2,1,2,,42,2
IN-M-013D,recruitment_arm_1,,,,1,13,6,4,0,1,6,4,0,1,0,0,0,0,0,1,0,0,0,0,0,0,,2,2,2,2,2,2,,0,,0,,,1,2,1,1,2,mujoof,42,2
IN-M-014D,recruitment_arm_1,,,,0,,3,2,0,0,3,2,0,2,0,0,0,0,0,0,0,0,0,0,0,0,2,2,2,2,2,2,2,,0,,0,,,2,2,2,2,2,mujoof,42,2
IN-M-015H,recruitment_arm_1,,,,0,,7,6,0,0,7,6,0,2,0,0,0,0,0,0,0,0,0,0,0,0,2,2,2,2,2,2,2,,0,,1,3,1,2,2,1,1,2,mujoof,6,2
IN-M-016F,recruitment_arm_1,,,Kk-Tk-001/23,0,,2,1,0,0,2,1,0,2,0,0,0,0,0,0,0,0,0,0,0,0,2,2,2,2,2,2,2,,0,,0,,,2,2,2,2,2,mujoof,42,2
IN-M-017E,recruitment_arm_1,,,10-001-205T,1,14,2,1,0,0,2,1,0,2,0,0,0,0,0,0,0,0,0,0,0,0,2,2,2,2,2,2,2,,0,,0,,,2,2,1,2,2,mujoof,42,2
IN-M-018C,recruitment_arm_1,,,kj-027-23,0,,3,1,0,1,3,1,0,2,0,0,0,0,0,0,0,0,0,0,0,0,2,2,2,2,2,2,2,,0,,1,3,1,1,2,1,2,2,mujoof,42,2
IN-M-019C,recruitment_arm_1,,,29-022-018M,1,14,4,3,0,0,4,3,0,2,0,0,0,0,0,0,0,0,0,0,0,0,2,2,2,2,2,2,2,,0,,1,3,1,2,2,1,2,2,mujoof,42,2
IN-M-020G,recruitment_arm_1,,,,1,16,5,2,0,2,5,2,0,2,0,0,0,0,0,0,0,0,0,0,0,0,2,1,2,1,2,2,2,,0,,1,1,3,2,2,2,1,2,mujoof,42,2
IN-M-021K,recruitment_arm_1,,,Kk-kg002/23,1,16,7,6,0,0,7,6,0,1,0,0,0,0,0,0,0,1,0,0,0,0,,1,2,2,2,1,2,,0,,1,1,3,1,2,3,3,2,amatjoof,42,2
IN-M-022E,recruitment_arm_1,,,,0,,1,,,,1,,,2,0,0,0,0,0,0,0,0,0,0,0,0,2,2,2,2,2,2,2,,0,,1,3,1,2,2,,,,amatjoof,42,2
IN-M-023A,recruitment_arm_1,,,,1,15,3,2,0,0,3,2,1,1,0,0,0,0,0,0,0,0,0,1,0,0,,2,2,2,2,2,2,,0,,0,,,2,2,2,2,2,lamceesay,5,2
IN-M-024D,recruitment_arm_1,,,,1,15,2,1,0,0,2,1,0,1,0,0,0,0,1,0,0,0,0,0,0,0,,2,2,2,2,2,2,,0,,0,,,2,2,2,2,2,mujoof,42,2
IN-M-025G,recruitment_arm_1,,,,0,,3,3,0,0,3,3,0,2,0,0,0,0,0,0,0,0,0,0,0,0,2,2,2,2,2,2,2,,0,,1,3,1,2,2,1,1,1,mujoof,42,2
IN-M-026F,recruitment_arm_1,,,,0,,6,5,0,0,6,5,0,1,0,0,0,0,1,0,0,0,0,0,0,0,,2,1,2,2,2,2,One of the pregnancies was a twin gestation.,0,,1,3,1,1,2,2,2,1,lamceesay,43,2
IN-M-027E,recruitment_arm_1,,,,1,15,2,1,0,0,2,1,0,1,0,0,0,0,1,0,0,0,0,0,0,0,,2,2,2,2,2,2,,0,,1,1,1,2,2,2,2,2,lamceesay,43,2
IN-M-028G,recruitment_arm_1,,,Kw:28/23,1,16,4,3,0,0,4,3,0,1,0,0,0,0,0,1,0,0,0,0,0,0,,2,2,2,2,2,2,,0,,1,1,1,2,2,1,2,2,lamceesay,43,2
IN-M-029D,recruitment_arm_1,,,,1,15,6,4,0,1,6,4,0,1,0,0,0,0,1,0,0,0,0,0,0,0,,2,1,2,2,2,2,,0,,1,3,1,2,2,2,1,2,lamceesay,43,2
IN-M-030C,recruitment_arm_1,,,,1,17,7,4,2,0,7,6,0,2,0,0,0,0,0,0,0,0,0,0,0,0,2,2,2,2,2,2,2,One of the pregnancies was a twin gestation. ,0,,1,3,1,1,2,3,2,1,lamceesay,43,2
IN-M-031D,recruitment_arm_1,,,,0,,4,3,0,0,4,3,0,1,0,0,0,0,1,1,0,0,0,0,0,0,,2,2,2,2,2,2,,0,,1,3,1,3,2,1,2,2,mujoof,42,2
IN-M-032D,recruitment_arm_1,,,NA,0,,5,4,0,0,5,4,0,2,0,0,0,0,0,0,0,0,0,0,0,0,2,2,2,2,2,2,2,,0,,1,1,3,1,2,1,2,2,lamceesay,6,2
IN-M-033K,recruitment_arm_1,,,,0,,1,,,,1,,,2,0,0,0,0,0,0,0,0,0,0,0,0,2,2,2,2,2,2,2,,0,,0,,,1,2,,,,mujoof,42,2
IN-M-034A,recruitment_arm_1,,,10-005-030w,1,15,8,6,0,1,8,6,0,1,0,0,0,0,1,0,0,0,0,0,0,0,,2,2,2,2,2,2,,0,,0,,,1,2,1,2,2,mujoof,42,2
IN-M-035J,recruitment_arm_1,,,Not yet registered ,1,18,2,1,0,0,2,1,0,2,0,0,0,0,0,0,0,0,0,0,0,0,2,2,2,2,2,2,2,,1,Ferrous sulphate supplement from ANC,1,3,1,2,2,2,1,2,amatjoof,42,2
IN-M-036E,recruitment_arm_1,,,,0,,6,4,0,1,6,4,0,2,0,0,0,0,0,0,0,0,0,0,0,0,2,1,2,2,2,2,2,,0,,0,,,3,2,3,2,2,amatjoof,42,2
IN-M-037H,recruitment_arm_1,,,,1,16,4,2,0,1,4,2,0,2,0,0,0,0,0,0,0,0,0,0,0,0,2,2,1,2,2,2,2,,0,,1,3,1,2,2,1,2,2,lamceesay,43,2
IN-M-038A,recruitment_arm_1,,,,0,,5,4,0,0,5,4,0,2,0,0,0,0,0,0,0,0,0,0,0,0,2,2,1,2,2,2,2,,0,,0,,,1,2,2,1,2,lamceesay,43,2
IN-M-039J,recruitment_arm_1,,,,0,,2,1,0,0,2,1,0,2,0,0,0,0,0,0,0,0,0,0,0,0,2,2,1,2,2,2,2,,0,,1,3,1,2,2,3,2,2,lamceesay,43,2
IN-M-040F,recruitment_arm_1,,,,0,,5,4,0,0,5,4,1,2,0,0,0,0,0,0,0,0,0,0,0,0,2,2,3,2,2,2,2,,0,,1,3,1,2,2,2,2,1,amatjoof,42,2
IN-M-041B,recruitment_arm_1,,,,0,,2,1,0,0,2,1,0,1,0,0,0,0,1,0,0,0,0,0,0,0,,2,2,2,2,2,2,,0,,0,,,2,2,2,2,2,amatjoof,42,2
IN-M-042F,recruitment_arm_1,,,,0,,5,3,0,1,5,3,0,1,0,0,0,0,1,0,0,0,0,0,0,0,,2,2,2,2,2,2,,0,,1,1,1,1,2,2,2,2,amatjoof,42,2
IN-M-043H,recruitment_arm_1,,,,0,,8,7,0,0,8,7,0,2,0,0,0,0,0,0,0,0,0,0,0,0,2,1,2,2,2,2,2,,0,,0,,,3,2,2,1,2,amatjoof,42,2
IN-M-044H,recruitment_arm_1,,,BU-125-23,1,14,5,4,0,0,5,4,0,2,0,0,0,0,0,0,0,0,0,0,0,0,2,2,2,2,2,2,2,,0,,0,,,2,2,1,2,2,amatjoof,42,2
IN-M-045B,recruitment_arm_1,,,,0,,6,3,0,2,6,3,0,2,0,0,0,0,0,0,0,0,0,0,0,0,2,2,2,2,2,2,2,,0,,0,,,1,2,3,2,2,amatjoof,42,2
IN-M-046J,recruitment_arm_1,,,,1,17,6,5,0,0,6,5,0,2,0,0,0,0,0,0,0,0,0,0,0,0,2,2,2,2,2,2,2,,0,,0,,,2,2,1,2,2,amatjoof,42,2
IN-M-047B,recruitment_arm_1,,,,1,17,8,5,0,2,8,5,0,2,0,0,0,0,0,0,0,0,0,0,0,0,2,2,1,2,2,2,2,,0,,0,,,2,2,2,2,2,amatjoof,42,2
IN-M-048E,recruitment_arm_1,,,,0,,1,,,,1,,,1,0,0,0,0,0,0,0,1,0,0,0,0,,1,2,2,2,2,2,,0,,1,3,1,2,1,,,,amatjoof,42,2
IN-M-049G,recruitment_arm_1,,,,1,15,5,4,0,0,5,4,0,1,0,0,0,0,1,0,0,0,0,0,0,0,,2,2,2,2,2,2,,0,,1,1,3,3,2,2,2,2,amatjoof,42,2
IN-M-050K,recruitment_arm_1,,,,0,,5,4,0,0,5,4,1,1,0,0,0,0,1,0,0,0,0,0,0,0,,2,2,2,2,2,2,,0,,0,,,3,2,2,2,2,amatjoof,42,2
IN-M-051E,recruitment_arm_1,,,,0,,1,,,,1,,,2,0,0,0,0,0,0,0,0,0,0,0,0,2,2,2,2,2,2,2,,0,,1,1,1,2,2,,,,amatjoof,42,2
IN-M-052C,recruitment_arm_1,,,Mn/21/23,1,15,3,0,0,2,3,0,0,2,0,0,0,0,0,0,0,0,0,0,0,0,2,2,2,2,2,2,2,,0,,0,,,2,2,2,2,2,amatjoof,42,2
IN-M-053K,recruitment_arm_1,,,Jf/26/23,0,,10,8,0,1,10,8,0,1,0,0,0,0,0,1,0,0,0,0,0,0,,1,2,2,2,2,2,,0,,0,,,3,2,3,3,2,amatjoof,42,2
IN-M-054E,recruitment_arm_1,,,,0,,7,6,0,0,7,6,0,1,1,0,0,0,0,0,0,0,0,0,0,0,,2,2,2,2,2,2,,0,,1,3,1,1,2,1,2,2,amatjoof,42,2
IN-M-055E,recruitment_arm_1,,,Kuli kunda /013/23,1,16,4,3,0,0,4,3,0,2,0,0,0,0,0,0,0,0,0,0,0,0,2,2,2,2,2,2,2,,0,,1,3,1,1,2,2,2,2,amatjoof,42,2
IN-M-056J,recruitment_arm_1,,,,0,,1,,,,1,,,2,0,0,0,0,0,0,0,0,0,0,0,0,2,2,2,2,2,2,2,,0,,1,1,1,2,2,,,,amatjoof,42,2
IN-M-057J,recruitment_arm_1,,,,1,15,6,5,0,0,6,5,0,1,0,0,0,0,1,0,0,0,0,0,0,0,,1,2,2,2,2,2,,0,,0,,,1,2,1,2,2,amatjoof,42,2
IN-M-058J,recruitment_arm_1,,,,0,,3,2,0,0,3,2,0,2,0,0,0,0,0,0,0,0,0,0,0,0,2,2,2,2,2,2,2,,0,,1,1,3,3,2,3,3,2,amatjoof,42,2
IN-M-059G,recruitment_arm_1,,,,1,15,7,5,0,1,7,5,0,1,0,0,0,0,1,0,0,0,0,0,0,0,,2,2,2,2,2,2,,0,,1,3,1,1,2,2,2,2,amatjoof,42,2
IN-M-060G,recruitment_arm_1,,,,1,16,3,2,0,0,3,2,0,2,0,0,0,0,0,0,0,0,0,0,0,0,2,2,2,2,2,2,2,,0,,1,3,1,3,2,2,2,2,amatjoof,42,2
IN-M-061B,recruitment_arm_1,,,,1,15,5,3,1,0,5,4,0,1,0,0,0,0,1,0,0,0,0,0,0,0,,2,1,2,2,2,2,,0,,1,1,1,1,2,1,2,2,mujoof,42,2
IN-M-062B,recruitment_arm_1,,,29-005-031d,1,15,6,4,0,1,6,4,0,2,0,0,0,0,0,0,0,0,0,0,0,0,2,2,2,2,2,2,2,,0,,1,1,1,1,2,2,2,2,amatjoof,42,2
IN-M-063E,recruitment_arm_1,,,,1,14,1,,,,1,,,2,0,0,0,0,0,0,0,0,0,0,0,0,2,2,2,2,2,2,2,,0,,1,3,1,2,2,,,,mujoof,42,2
IN-M-064D,recruitment_arm_1,,,[,0,,6,4,0,1,6,4,0,2,0,0,0,0,0,0,0,0,0,0,0,0,2,2,1,2,2,2,2,,0,,0,,,2,2,1,1,2,mujoof,42,2
IN-M-065H,recruitment_arm_1,,,,1,15,2,0,1,0,2,1,0,2,0,0,0,0,0,0,0,0,0,0,0,0,2,2,2,2,2,2,2,,0,,1,3,1,2,2,2,2,2,mujoof,42,2
IN-M-066B,recruitment_arm_1,,,,1,15,6,5,0,0,6,5,0,2,0,0,0,0,0,0,0,0,0,0,0,0,2,1,2,2,2,2,1,Musculoskeletal pain,0,,1,3,1,1,2,1,2,2,mujoof,42,2
IN-M-067H,recruitment_arm_1,,,,1,15,6,4,0,1,6,4,0,2,0,0,0,0,0,0,0,0,0,0,0,0,2,1,2,2,2,2,2,,0,,0,,,2,2,2,3,2,mujoof,42,2
IN-M-068B,recruitment_arm_1,,,,1,15,3,2,0,0,3,2,0,1,0,0,0,0,0,0,1,0,0,0,0,0,,2,2,2,2,2,2,,0,,0,,,1,2,1,2,2,mujoof,42,2
IN-M-069K,recruitment_arm_1,,,M31/23,1,15,1,,,,1,,,2,0,0,0,0,0,0,0,0,0,0,0,0,2,2,2,2,2,2,2,,0,,1,1,1,2,2,,,,mujoof,42,2
IN-M-070E,recruitment_arm_1,,,,1,13,1,,,,1,,,2,0,0,0,0,0,0,0,0,0,0,0,0,2,2,1,2,2,2,2,,0,,1,3,1,2,2,,,,mujoof,42,2
IN-M-071F,recruitment_arm_1,,,,1,16,1,,,,1,,,2,0,0,0,0,0,0,0,0,0,0,0,0,2,2,1,2,2,2,2,,0,,1,3,1,2,2,,,,mujoof,42,2
IN-M-072J,recruitment_arm_1,,,,1,16,4,3,0,0,4,3,0,2,0,0,0,0,0,0,0,0,0,0,0,0,2,2,2,2,2,2,2,,0,,1,3,1,2,2,1,2,2,mujoof,42,2
IN-M-073A,recruitment_arm_1,,,,0,,1,,,,1,,,2,0,0,0,0,0,0,0,0,0,0,0,0,2,2,2,2,2,2,2,,0,,0,,,2,2,,,,mujoof,42,2
IN-M-074F,recruitment_arm_1,,,Forget it at home,1,15,3,2,0,0,3,2,0,2,0,0,0,0,0,0,0,0,0,0,0,0,2,2,2,2,2,2,2,,0,,0,,,1,2,1,2,2,mujoof,42,2
IN-M-075A,recruitment_arm_1,,,Not yet,1,17,4,3,0,0,4,3,0,2,0,0,0,0,0,0,0,0,0,0,0,0,2,2,2,2,2,2,2,,0,,0,,,1,2,1,2,2,mujoof,42,2
IN-M-076H,recruitment_arm_1,,,,1,12,5,3,1,0,5,4,1,2,0,0,0,0,0,0,0,0,0,0,0,0,2,2,2,2,2,2,2,,0,,1,3,1,1,2,1,2,2,mujoof,42,2
IN-M-077H,recruitment_arm_1,,,,0,,5,4,0,0,5,4,0,1,0,0,0,0,1,0,0,0,0,0,0,0,,2,2,2,2,2,2,,0,,0,,,2,2,2,2,2,lamceesay,6,2
IN-M-078F,recruitment_arm_1,,,,0,,10,6,0,3,10,6,0,1,0,0,0,0,1,0,0,0,0,0,0,0,,2,2,2,2,2,2,,1,"Amoxycillin
Paracetamol
Metoclopromide.",0,,,3,2,2,2,2,ysowe,42,2
IN-M-079G,recruitment_arm_1,,,,0,,10,6,0,3,10,6,0,1,0,0,0,0,1,0,0,0,0,0,0,0,,2,2,2,2,2,2,,1,"Amoxycillin
Paracetamol 
Metoclopromide ",0,,,3,2,2,2,2,ysowe,42,2
IN-M-080D,recruitment_arm_1,,,kk010/23,0,,7,6,0,0,7,6,0,1,0,0,0,0,1,0,0,0,0,0,0,0,,2,2,2,2,2,2,,0,,1,3,1,2,2,1,2,2,lamceesay,5,2
IN-M-081D,recruitment_arm_1,,,39/23,0,,5,4,0,0,5,4,0,2,0,0,0,0,0,0,0,0,0,0,0,0,2,2,2,2,2,2,1,Epigastric pain,0,,0,,,2,2,1,2,2,ysowe,42,2
IN-M-082E,recruitment_arm_1,,,007/23,0,,9,6,1,1,9,7,0,1,0,0,0,0,1,0,0,0,0,0,0,0,,1,2,2,2,2,2,None,0,,0,,,1,2,1,2,2,lamceesay,43,2
IN-M-083H,recruitment_arm_1,,,KAN53/23,0,,5,3,1,0,5,4,1,2,0,0,0,0,0,0,0,0,0,0,0,0,2,2,2,2,2,2,2,,0,,0,,,1,2,2,2,2,lamceesay,6,2
IN-M-084C,recruitment_arm_1,,,,1,16,7,5,1,0,7,6,0,2,0,0,0,0,0,0,0,0,0,0,0,0,2,2,1,2,2,2,2,,0,,0,,,2,1,2,1,2,ysowe,42,2
IN-M-085H,recruitment_arm_1,,,,1,18,8,6,0,1,8,6,0,2,0,0,0,0,0,0,0,0,0,0,0,0,2,2,2,2,2,2,2,,0,,0,,,1,1,2,2,2,ysowe,42,2
IN-M-086J,recruitment_arm_1,,,NJ/27/23,1,18,2,1,0,0,2,1,0,2,0,0,0,0,0,0,0,0,0,0,0,0,1,2,1,2,2,2,2,,0,,1,3,1,1,2,2,1,2,ysowe,42,2
IN-M-087F,recruitment_arm_1,,,,0,,6,5,0,0,6,5,0,1,0,0,0,0,0,1,0,0,0,0,0,0,,2,2,2,2,2,2,,0,,0,,,2,2,2,2,2,ysowe,42,2
IN-M-088J,recruitment_arm_1,,,,0,,8,6,0,1,8,6,0,1,0,0,0,0,0,1,0,0,0,0,0,0,,1,2,2,2,2,2,,0,,1,3,1,3,2,2,2,2,ysowe,42,2
IN-M-089F,recruitment_arm_1,,,kk/24/23,1,15,7,5,0,1,7,5,0,1,0,0,0,0,1,0,0,0,0,0,0,0,,2,1,2,2,2,2,,0,,1,1,1,2,2,1,1,1,ysowe,42,2
IN-M-090C,recruitment_arm_1,,,,0,,1,,,,1,,,2,0,0,0,0,0,0,0,0,0,0,0,0,2,2,2,2,2,2,2,,0,,1,1,1,2,2,,,,ysowe,42,2
IN-M-091K,recruitment_arm_1,,,,1,15,6,5,0,0,6,5,0,2,0,0,0,0,0,0,0,0,0,0,0,0,2,2,2,2,2,2,2,,0,,0,,,2,2,1,2,2,mujoof,43,2
IN-M-092F,recruitment_arm_1,,,,,,,,,,,,,,0,0,0,0,0,0,0,0,0,0,0,0,,,,,,,,,,,,,,,,,,,,,0
IN-M-093E,recruitment_arm_1,,,Kan 69/23,1,15,2,1,0,0,2,1,0,2,0,0,0,0,0,0,0,0,0,0,0,0,2,2,1,2,2,2,2,,0,,0,,,2,2,3,3,2,amatjoof,42,2
IN-M-094C,recruitment_arm_1,,,,1,16,2,1,0,0,2,1,0,1,0,0,0,0,0,0,0,1,0,0,0,0,,2,2,2,2,2,2,,0,,0,,,1,2,3,3,2,amatjoof,42,2
IN-M-095K,recruitment_arm_1,,,,1,15,1,,,,1,,,2,0,0,0,0,0,0,0,0,0,0,0,0,2,2,2,2,2,2,2,,0,,0,,,2,2,,,,amatjoof,42,2
IN-M-096C,recruitment_arm_1,,,,1,15,5,4,0,0,5,4,0,2,0,0,0,0,0,0,0,0,0,0,0,0,2,2,2,2,2,2,2,,0,,0,,,3,2,1,2,2,amatjoof,42,2
IN-M-097K,recruitment_arm_1,,,,1,15,6,4,1,0,6,5,0,2,0,0,0,0,0,0,0,0,0,0,0,0,2,2,2,2,2,2,2,,0,,1,1,3,1,2,2,2,2,amatjoof,42,2
IN-M-098F,recruitment_arm_1,,,NA,1,18,8,7,0,0,8,7,0,2,0,0,0,0,0,0,0,0,0,0,0,0,2,2,2,2,2,2,2,,0,,0,,,2,2,2,2,2,amatjoof,42,2
IN-M-099A,recruitment_arm_1,,,Jk/015/23,1,18,4,3,0,0,4,3,0,2,0,0,0,0,0,0,0,0,0,0,0,0,2,1,2,2,2,2,2,,0,,0,,,3,2,2,2,2,amatjoof,42,2
IN-M-100G,recruitment_arm_1,,,,1,16,3,2,0,0,3,2,0,2,0,0,0,0,0,0,0,0,0,0,0,0,2,2,2,2,2,2,2,,0,,0,,,1,2,2,2,2,amatjoof,42,2
IN-M-101H,recruitment_arm_1,,,79/23,0,,6,4,0,1,6,4,0,2,0,0,0,0,0,0,0,0,0,0,0,0,2,2,2,2,2,2,2,,0,,0,,,1,2,1,1,2,mujoof,43,2
IN-M-102H,recruitment_arm_1,,,,1,16,6,2,3,0,6,5,0,2,0,0,0,0,0,0,0,0,0,0,0,0,2,2,2,2,2,2,2,,0,,0,,,1,2,1,2,2,amatjoof,42,2
IN-M-103A,recruitment_arm_1,,,NA,1,15,5,4,0,0,5,4,0,1,0,0,0,0,1,0,0,0,0,0,0,0,,2,2,2,2,2,2,,0,,0,,,1,2,1,1,2,amatjoof,42,2
IN-M-104G,recruitment_arm_1,,,KW 65/23,1,15,7,5,0,1,7,5,0,1,0,0,0,0,0,1,0,0,0,0,0,0,,2,2,2,2,2,2,,0,,0,,,2,2,2,2,2,amatjoof,42,2
IN-M-105F,recruitment_arm_1,,,Kk 129/23,1,10,10,7,0,2,10,7,0,1,0,0,0,0,1,1,0,0,0,0,0,0,,2,1,2,2,2,2,,0,,1,3,1,1,2,2,2,2,amatjoof,42,2
IN-M-106H,recruitment_arm_1,,,,1,17,8,7,0,0,8,7,0,2,0,0,0,0,0,0,0,0,0,0,0,0,2,2,2,2,2,2,2,,0,,0,,,1,2,2,1,2,amatjoof,42,2
IN-M-107A,recruitment_arm_1,,,,0,,7,5,1,0,7,6,0,2,0,0,0,0,0,0,0,0,0,0,0,0,2,2,2,2,2,2,2,,0,,0,,,1,2,2,2,1,amatjoof,42,2
IN-M-108D,recruitment_arm_1,,,,0,,6,5,0,0,6,5,0,2,0,0,0,0,0,0,0,0,0,0,0,0,2,2,2,2,2,2,2,,0,,0,,,3,3,2,2,2,amatjoof,42,2
IN-M-109D,recruitment_arm_1,,,NJ/37/23,0,,2,1,0,0,2,1,0,2,0,0,0,0,0,0,0,0,0,0,0,0,2,2,2,2,2,2,2,,0,,0,,,2,2,1,2,2,mujoof,42,2
IN-M-110C,recruitment_arm_1,,,NJ/41/23,0,,5,4,0,0,5,4,0,2,0,0,0,0,0,0,0,0,0,0,0,0,2,1,2,2,2,2,2,,0,,1,3,1,2,2,1,2,2,mujoof,42,2
IN-M-111D,recruitment_arm_1,,,,0,,4,2,0,0,4,2,0,2,0,0,0,0,0,0,0,0,0,0,0,0,2,2,2,2,2,2,2,,0,,0,,,3,2,1,2,1,mujoof,42,2
IN-M-112D,recruitment_arm_1,,,NO number yet,0,,5,4,0,0,5,4,0,2,0,0,0,0,0,0,0,0,0,0,0,0,2,2,2,2,2,2,2,,0,,0,,,1,2,1,2,2,mujoof,42,2
IN-M-113G,recruitment_arm_1,,,JB/43/23 ,1,15,6,4,0,1,6,4,0,1,0,0,0,0,1,0,0,0,0,0,0,0,,2,1,2,2,2,2,,0,,0,,,3,2,1,2,2,mujoof,42,2
IN-M-114H,recruitment_arm_1,,,,0,,2,0,1,0,2,1,0,2,0,0,0,0,0,0,0,0,0,0,0,0,2,1,2,2,2,2,2,,0,,1,1,1,1,2,2,2,2,mujoof,42,2
IN-M-115E,recruitment_arm_1,,,NJ/45/23,0,,3,1,1,0,3,2,1,1,0,0,0,0,0,1,0,0,0,0,0,0,,1,2,2,2,2,2,,0,,1,3,1,2,2,1,2,2,mujoof,42,2
IN-M-116D,recruitment_arm_1,,,,1,13,2,1,0,0,2,1,0,2,0,0,0,0,0,0,0,0,0,0,0,0,2,1,2,2,2,2,2,,0,,1,3,1,2,2,1,2,2,mujoof,42,2
IN-M-117F,recruitment_arm_1,,,JB/40/23,0,,1,,,,1,,,2,0,0,0,0,0,0,0,0,0,0,0,0,2,2,2,2,2,2,2,,0,,0,,,1,2,,,,mujoof,42,2
IN-M-118E,recruitment_arm_1,,,,0,,3,1,0,1,3,1,0,1,0,0,0,0,0,0,0,1,0,0,0,0,,2,2,2,2,2,2,,0,,1,3,1,3,2,3,3,2,amatjoof,42,2
IN-M-119A,recruitment_arm_1,,,,0,,1,,,,1,,,2,0,0,0,0,0,0,0,0,0,0,0,0,2,2,2,2,2,2,2,,0,,1,3,3,2,2,,,,amatjoof,42,2
IN-M-120C,recruitment_arm_1,,,,1,16,5,4,0,0,5,4,0,1,0,0,0,0,1,0,0,0,0,0,0,0,,2,2,2,2,2,2,,0,,1,3,1,2,2,2,1,2,amatjoof,42,2
IN-M-121C,recruitment_arm_1,,,,1,15,5,4,0,0,5,4,0,1,0,0,0,0,0,1,0,0,0,0,0,0,,2,2,2,2,2,2,,0,,1,3,1,2,2,2,2,2,amatjoof,42,2
IN-M-122F,recruitment_arm_1,,,,1,15,1,,,,1,,,2,0,0,0,0,0,0,0,0,0,0,0,0,2,2,2,2,2,2,2,,0,,0,,,2,2,,,,amatjoof,42,2
IN-M-123A,recruitment_arm_1,,,,1,15,2,1,0,0,2,1,1,1,0,0,0,0,1,0,0,0,0,0,0,0,,2,2,2,2,2,2,,0,,0,3,3,1,2,3,3,2,amatjoof,42,2
IN-M-124E,recruitment_arm_1,,,,0,,4,2,0,1,4,2,0,2,0,0,0,0,0,0,0,0,0,0,0,0,2,2,2,2,2,2,2,,0,,0,,,3,2,3,3,2,amatjoof,42,2
IN-M-125H,recruitment_arm_1,,,,1,12,4,3,0,0,4,3,0,2,0,0,0,0,0,0,0,0,0,0,0,0,2,2,2,2,2,2,2,,0,,1,3,1,1,2,1,2,2,mujoof,43,2
IN-M-126J,recruitment_arm_1,,,,0,,2,0,1,0,2,1,1,2,0,0,0,0,0,0,0,0,0,0,0,0,2,2,2,2,2,2,2,,0,,1,1,1,1,2,2,2,2,amatjoof,42,2
IN-M-127B,recruitment_arm_1,,,,1,15,2,1,0,0,2,1,0,1,0,0,0,0,1,0,0,0,0,0,0,0,,2,3,2,2,2,2,,0,,0,,,1,2,2,2,2,amatjoof,42,2
IN-M-128D,recruitment_arm_1,,,,1,10,3,1,0,1,3,1,0,2,0,0,0,0,0,0,0,0,0,0,0,0,2,2,2,2,2,2,2,,0,,0,,,1,2,1,2,2,mujoof,43,2
IN-M-129E,recruitment_arm_1,,,,1,15,1,,,,1,,,2,0,0,0,0,0,0,0,0,0,0,0,0,2,2,2,2,2,2,2,,0,,0,,,2,2,,,,amatjoof,42,2
IN-M-130F,recruitment_arm_1,,,,0,,5,4,0,0,5,4,0,1,0,0,0,0,1,0,0,0,0,0,0,0,,2,2,2,2,2,2,,0,,1,3,1,1,2,2,1,1,amatjoof,42,2
IN-M-131H,recruitment_arm_1,,,,1,15,1,,,,1,,,2,0,0,0,0,0,0,0,0,0,0,0,0,2,2,2,2,2,2,2,,0,,0,,,2,2,,,,amatjoof,42,2
IN-M-132C,recruitment_arm_1,,,,1,14,3,2,0,0,3,2,0,2,0,0,0,0,0,0,0,0,0,0,0,0,2,2,2,2,2,2,2,,0,,0,,,2,2,2,2,2,amatjoof,42,2
IN-M-133B,recruitment_arm_1,,,,0,,5,4,0,0,5,4,0,1,0,0,0,0,1,0,0,0,0,0,0,0,,2,2,2,2,2,2,,0,,0,,,2,2,2,1,2,amatjoof,42,2
IN-M-134C,recruitment_arm_1,,,,1,15,3,2,0,0,3,2,1,2,0,0,0,0,0,0,0,0,0,0,0,0,2,2,1,2,2,2,2,,0,,1,3,1,3,2,2,2,2,amatjoof,42,2
IN-M-135G,recruitment_arm_1,,,,0,,3,2,0,0,3,2,0,2,0,0,0,0,0,0,0,0,0,0,0,0,2,2,2,2,2,2,2,,0,,1,3,1,1,2,2,1,2,amatjoof,42,2
IN-M-136C,recruitment_arm_1,,,,0,,2,1,0,0,2,1,0,2,0,0,0,0,0,0,0,0,0,0,0,0,2,2,2,2,2,2,2,,0,,0,,,3,2,3,3,2,amatjoof,42,2
IN-M-137B,recruitment_arm_1,,,,0,,2,1,0,0,2,1,1,2,0,0,0,0,0,0,0,0,0,0,0,0,2,2,2,2,2,2,1,Gastric pain.5 years ago.This started with my first pregnancy. ,1,Mag trisilicate  and Omeprazole capsules. ,1,3,1,2,2,1,2,2,mujoof,43,2
IN-M-138B,recruitment_arm_1,,,,1,16,2,1,0,0,2,1,0,2,0,0,0,0,0,0,0,0,0,0,0,0,2,1,2,2,2,2,2,,0,,0,,,2,2,3,2,2,amatjoof,42,2
IN-M-139H,recruitment_arm_1,,,,0,,1,,,,1,,,2,0,0,0,0,0,0,0,0,0,0,0,0,2,2,2,2,2,2,2,,1,Ferrous sulphate. ,0,,,2,2,,,,amatjoof,42,2
IN-M-140D,recruitment_arm_1,,,kk/Tk/011/23,0,,7,6,0,0,7,6,0,1,0,0,0,0,0,1,0,0,0,0,0,0,,2,2,2,2,2,2,,0,,0,,,3,2,1,2,2,mujoof,42,2
IN-M-141D,recruitment_arm_1,,,,1,13,5,4,0,0,5,4,0,1,0,0,0,0,0,0,0,1,0,0,0,0,,2,2,2,2,2,2,,0,,0,,,1,2,1,2,2,mujoof,43,2
IN-M-142H,recruitment_arm_1,,,NA,0,,5,1,0,3,5,1,0,2,0,0,0,0,0,0,0,0,0,0,0,0,2,2,2,2,2,2,2,,0,,1,1,1,2,2,2,2,2,amatjoof,42,2
IN-M-143B,recruitment_arm_1,,,,0,,4,3,0,0,4,3,0,2,0,0,0,0,0,0,0,0,0,0,0,0,3,3,3,2,3,3,3,,0,,0,,,3,3,3,3,2,amatjoof,42,2
IN-M-144A,recruitment_arm_1,,,Kk/kg/011/23,0,,1,,,,1,,,2,0,0,0,0,0,0,0,0,0,0,0,0,2,2,2,2,2,2,2,,0,,0,,,1,2,,,,amatjoof,42,2
IN-M-145E,recruitment_arm_1,,,,1,14,8,6,1,0,8,7,0,1,0,0,0,0,0,1,0,0,0,0,0,0,,1,1,2,2,2,2,,0,,0,,,3,2,1,2,2,mujoof,42,2
IN-M-146H,recruitment_arm_1,,,,1,15,7,5,0,1,7,5,0,2,0,0,0,0,0,0,0,0,0,0,0,0,2,2,2,2,2,2,2,,0,,1,1,1,3,2,1,2,2,mujoof,42,2
IN-M-147K,recruitment_arm_1,,,,1,14,3,2,0,0,3,2,1,2,0,0,0,0,0,0,0,0,0,0,0,0,2,2,2,2,2,2,2,,0,,1,3,1,2,2,1,2,2,mujoof,42,2
IN-M-148E,recruitment_arm_1,,,,0,,4,3,0,0,4,3,0,2,0,0,0,0,0,0,0,0,0,0,0,0,2,2,2,2,2,2,2,,0,,0,,,3,2,1,1,2,mujoof,42,2
IN-M-149K,recruitment_arm_1,,,JB/37/23,0,,2,1,0,0,2,1,0,2,0,0,0,0,0,0,0,0,0,0,0,0,2,2,2,2,2,2,2,,0,,0,,,1,2,1,2,2,mujoof,42,2
IN-M-150H,recruitment_arm_1,,,,0,,6,4,0,1,6,4,0,2,0,0,0,0,0,0,0,0,0,0,0,0,2,2,2,2,2,2,2,,0,,0,,,1,2,1,2,2,mujoof,42,2
IN-M-151B,recruitment_arm_1,,,kk/Jk/018/23,0,,6,5,0,0,6,5,0,2,0,0,0,0,0,0,0,0,0,0,0,0,2,1,2,2,2,2,2,,0,,0,,,1,2,1,2,1,mujoof,42,2
IN-M-152C,recruitment_arm_1,,,Not yet obtain ,1,15,5,2,1,1,5,3,1,2,0,0,0,0,0,0,0,0,0,0,0,0,2,1,2,2,2,2,2,,0,,1,3,1,2,2,1,2,2,mujoof,42,2
IN-M-153G,recruitment_arm_1,,,Not yet,0,,6,5,0,0,6,5,0,1,0,0,0,0,1,0,0,0,0,0,0,0,,2,2,2,2,2,2,,0,,1,3,1,1,2,1,2,2,mujoof,42,2
IN-M-154D,recruitment_arm_1,,,KW/60/23,1,15,5,2,1,1,5,3,0,2,0,0,0,0,0,0,0,0,0,0,0,0,2,2,2,2,2,2,2,,0,,1,3,1,1,2,1,2,2,mujoof,42,2
IN-M-155K,recruitment_arm_1,,,,0,,5,3,1,0,5,4,0,2,0,0,0,0,0,0,0,0,0,0,0,0,2,2,2,2,2,2,2,,0,,0,,,2,2,2,2,2,lamceesay,,2
IN-M-156B,recruitment_arm_1,,,,1,15,8,6,0,1,8,6,0,2,0,0,0,0,0,0,0,0,0,0,0,0,2,2,2,2,2,2,2,,0,,0,,,1,2,2,2,2,amatjoof,42,2
IN-M-157F,recruitment_arm_1,,,,1,15,8,7,0,0,8,7,0,2,0,0,0,0,0,0,0,0,0,0,0,0,2,2,2,2,2,2,2,,0,,1,3,2,1,2,1,2,2,amatjoof,42,2
IN-M-158A,recruitment_arm_1,,,,1,15,1,,,,1,,,2,0,0,0,0,0,0,0,0,0,0,0,0,2,2,2,2,2,2,2,,0,,0,,,1,2,,,,amatjoof,42,2
IN-M-159C,recruitment_arm_1,,,Kk/36/23,1,14,1,,,,1,,,2,0,0,0,0,0,0,0,0,0,0,0,0,2,2,2,2,2,2,2,,0,,0,,,1,2,,,,amatjoof,42,2
IN-M-160G,recruitment_arm_1,,,Kw/82/23,1,15,7,5,1,0,7,6,0,2,0,0,0,0,0,0,0,0,0,0,0,0,2,2,2,2,2,2,2,,0,,0,,,1,2,2,2,2,amatjoof,42,2
IN-M-161D,recruitment_arm_1,,,,1,18,3,1,1,0,3,2,1,2,0,0,0,0,0,0,0,0,0,0,0,0,2,2,1,2,2,2,2,,0,,0,,,2,2,2,2,2,amatjoof,42,2
IN-M-162F,recruitment_arm_1,,,,0,,3,2,0,0,3,2,0,2,0,0,0,0,0,0,0,0,0,0,0,0,2,2,2,2,2,2,2,,0,,0,,,2,2,2,2,2,amatjoof,42,2
IN-M-163H,recruitment_arm_1,,,,1,18,6,5,0,0,6,5,0,1,0,0,0,0,1,0,0,0,0,0,0,0,,2,2,2,2,1,1,Epilepsy seizuresthat started since childhood. Her last attack xtarted last week,0,,0,,,2,1,3,1,2,amatjoof,42,2
IN-M-164K,recruitment_arm_1,,,Jiff/49/23,1,16,4,3,0,0,4,3,0,2,0,0,0,0,0,0,0,0,0,0,0,0,2,2,2,2,2,2,2,,1,Fefa,0,,,1,2,2,2,2,amatjoof,42,2
IN-M-165G,recruitment_arm_1,,,,0,,2,1,0,0,2,1,0,1,0,0,0,0,1,0,0,0,0,0,0,0,,2,2,2,2,2,2,,1,Fetal tab,0,,,1,2,2,2,2,amatjoof,42,2
IN-M-166D,recruitment_arm_1,,,,1,18,4,3,0,0,4,3,0,2,0,0,0,0,0,0,0,0,0,0,0,0,2,2,2,2,2,2,2,,0,,0,,,2,2,2,2,2,amatjoof,42,2
IN-M-167G,recruitment_arm_1,,,,1,15,0,,,,0,,,2,0,0,0,0,0,0,0,0,0,0,0,0,2,2,2,2,2,2,2,,0,,1,1,1,2,2,,,,amatjoof,42,2
IN-M-168K,recruitment_arm_1,,,,1,16,2,1,0,0,2,1,0,1,0,0,0,0,1,0,0,0,0,0,0,0,,2,2,2,2,1,2,,0,,0,,,1,2,2,2,2,amatjoof,42,2
IN-M-169A,recruitment_arm_1,,,,1,15,5,3,0,1,5,3,0,2,0,0,0,0,0,0,0,0,0,0,0,0,2,2,2,2,2,2,2,,0,,0,,,2,2,2,2,2,amatjoof,42,2
IN-M-170D,recruitment_arm_1,,,Kk/bass/25/23,1,15,8,7,0,0,8,7,0,1,0,0,0,0,1,0,0,0,0,0,0,0,,2,2,2,2,2,2,,1,Fefa tablets,0,,,1,2,2,1,1,amatjoof,42,2
IN-M-171K,recruitment_arm_1,,,Kk/base/26/23,1,18,7,4,0,2,7,4,0,2,0,0,0,0,0,0,0,0,0,0,0,0,2,2,2,2,2,2,2,,1,AMOXICILLIN  and fefal,0,,,1,2,3,3,2,amatjoof,42,2
IN-M-172G,recruitment_arm_1,,,Jif/51/23,1,16,2,1,0,0,2,1,0,2,0,0,0,0,0,0,0,0,0,0,0,0,2,2,2,2,2,2,2,,1,Fetal tab,0,,,1,2,2,2,2,amatjoof,42,2
IN-M-173D,recruitment_arm_1,,,,1,16,4,3,0,0,4,3,0,2,0,0,0,0,0,0,0,0,0,0,0,0,2,2,2,2,2,2,2,,0,,0,,,1,2,2,2,2,amatjoof,42,2
IN-M-174J,recruitment_arm_1,,,,0,,3,2,0,0,3,2,0,1,0,0,0,0,1,0,0,0,0,0,0,0,,2,2,2,2,2,2,,1,Fefa,0,,,3,2,2,2,2,amatjoof,42,2
IN-M-175B,recruitment_arm_1,,,kk/base/027/23,1,15,7,6,0,0,7,6,0,2,0,0,0,0,0,0,0,0,0,0,0,0,2,2,2,2,2,2,2,,1,Fefa,1,3,1,1,2,2,2,2,amatjoof,42,2
IN-M-176A,recruitment_arm_1,,,,0,,5,4,0,0,5,4,0,2,0,0,0,0,0,0,0,0,0,0,0,0,2,2,2,2,2,2,2,,0,,0,,,3,2,3,3,2,amatjoof,42,2
IN-M-177H,recruitment_arm_1,,,Not yet,1,16,1,,,,1,,,2,0,0,0,0,0,0,0,0,0,0,0,0,2,2,2,2,2,2,2,,0,,1,3,1,2,2,,,,mujoof,42,2
IN-M-178B,recruitment_arm_1,,,not yet obtain ,1,14,3,2,0,0,3,2,0,1,0,0,0,0,0,1,0,0,0,0,0,0,,2,1,2,2,2,2,,0,,0,,,1,2,1,2,2,mujoof,42,2
IN-M-179J,recruitment_arm_1,,,,1,15,3,1,1,0,3,2,0,1,0,0,0,0,1,0,0,0,0,0,0,0,,2,2,2,2,2,2,,0,,1,1,3,1,2,2,1,2,mujoof,42,2
IN-M-180J,recruitment_arm_1,,,Kwi/091/2023,1,16,2,1,0,0,2,1,0,2,0,0,0,0,0,0,0,0,0,0,0,0,2,1,2,2,2,2,2,,0,,0,,,2,2,1,2,2,mujoof,42,2
IN-M-181B,recruitment_arm_1,,,not yet obtain ,1,16,6,4,1,0,6,5,0,1,1,0,0,0,0,0,0,0,0,0,0,0,,1,2,2,2,2,2,,0,,0,,,1,2,1,2,2,mujoof,42,2
IN-M-182K,recruitment_arm_1,,,not yet obtain ,1,15,5,3,0,1,5,3,0,1,0,0,0,0,1,0,0,0,0,0,0,0,,2,2,2,2,2,2,,0,,0,,,2,2,1,2,2,mujoof,42,2
IN-M-183H,recruitment_arm_1,,,kk/019/23,0,,11,9,1,0,11,10,0,1,0,0,0,0,0,1,0,0,0,0,0,0,,2,1,2,2,2,2,,0,,1,1,1,1,2,1,1,2,mujoof,42,2
IN-M-184A,recruitment_arm_1,,,,1,15,8,7,0,0,8,7,0,1,0,0,0,0,0,1,0,0,0,0,0,0,,2,2,2,2,2,2,,0,,0,,,1,2,1,2,2,mujoof,42,2
IN-M-185E,recruitment_arm_1,,,,1,15,6,4,0,1,6,4,0,1,0,0,0,0,0,0,0,1,0,0,0,0,,2,2,2,2,2,2,,0,,1,3,1,2,2,1,2,2,mujoof,42,2
IN-M-186K,recruitment_arm_1,,,Not yet obtained ,1,15,5,3,0,1,5,3,0,2,0,0,0,0,0,0,0,0,0,0,0,0,2,1,2,2,2,2,2,,1,Antiemetic (Notspecified). ,1,3,1,2,2,2,2,2,lamceesay,,2
IN-M-187B,recruitment_arm_1,,,,0,,4,3,0,0,4,3,0,2,0,0,0,0,0,0,0,0,0,0,0,0,2,2,2,2,2,2,2,,0,,0,,,1,2,1,2,2,lamceesay,,2
IN-M-188B,recruitment_arm_1,,,,1,15,1,,,,1,,,2,0,0,0,0,0,0,0,0,0,0,0,0,2,2,2,2,2,2,2,,0,,0,,,1,2,,,,amatjoof,,2
IN-M-189C,recruitment_arm_1,,,,1,15,8,7,0,0,8,7,0,2,0,0,0,0,0,0,0,0,0,0,0,0,2,2,2,2,2,2,2,,0,,0,,,1,2,3,2,2,amatjoof,,2
IN-M-190C,recruitment_arm_1,,,,1,15,7,6,3,0,7,9,0,1,0,0,0,0,0,1,0,0,0,0,0,0,,2,2,2,2,2,2,,0,,0,,,2,2,2,2,2,amatjoof,,2
IN-M-191D,recruitment_arm_1,,,Kw:97/23,0,,1,,,,1,,,2,0,0,0,0,0,0,0,0,0,0,0,0,2,2,2,2,2,2,2,,0,,0,,,1,2,,,,amatjoof,,2
IN-M-192B,recruitment_arm_1,,,,1,15,2,1,0,0,2,1,0,2,0,0,0,0,0,0,0,0,0,0,0,0,2,2,2,2,2,2,2,,0,,1,1,3,1,2,2,2,2,amatjoof,,2
IN-M-193D,recruitment_arm_1,,,,1,18,1,,,,1,,,2,0,0,0,0,0,0,0,0,0,0,0,0,2,2,2,2,2,1,1,Said to be an asthma patient ,0,,0,,,2,2,,,,amatjoof,,2
IN-M-194D,recruitment_arm_1,,,,0,,1,,,,1,,,2,0,0,0,0,0,0,0,0,0,0,0,0,2,2,2,2,2,2,2,,0,,0,,,2,2,,,,amatjoof,,2
IN-M-195J,recruitment_arm_1,,,002/24,1,13,2,0,0,1,2,0,0,2,0,0,0,0,0,0,0,0,0,0,0,0,2,2,2,2,2,2,2,,1,"amox, pcm and fefa",1,3,1,2,2,2,2,2,amatjoof,42,2
IN-M-196C,recruitment_arm_1,,,Kk/BM/022/23,1,15,4,3,0,0,4,3,0,2,0,0,0,0,0,0,0,0,0,0,0,0,2,1,2,2,2,2,2,,1,Fefa,0,,,2,2,3,3,2,amatjoof,,2
IN-M-197H,recruitment_arm_1,,,Kw/90/23,0,,3,2,0,0,3,2,0,2,0,0,0,0,0,0,0,0,0,0,0,0,2,2,2,2,2,2,2,,0,,0,,,3,2,3,3,2,amatjoof,,2
IN-M-198J,recruitment_arm_1,,,No yet booked dfor ANC,1,15,6,5,0,0,6,5,0,2,0,0,0,0,0,0,0,0,0,0,0,0,2,1,2,2,2,2,2,,1,Amox  PCM and ors,1,1,1,2,2,1,2,2,amatjoof,,2
IN-M-199G,recruitment_arm_1,,,JJ/01/24,1,17,1,,,,1,,,2,0,0,0,0,0,0,0,0,0,0,0,0,2,2,2,2,2,1,2,,1,Fefa,0,,,1,2,,,,amatjoof,,2
IN-M-200H,recruitment_arm_1,,,004/024,1,17,1,,,,1,,,2,0,0,0,0,0,0,0,0,0,0,0,0,2,2,2,2,2,2,2,,0,,0,,,2,2,,,,amatjoof,,2
IN-M-201B,recruitment_arm_1,,,Kw/03/24,0,,4,3,0,0,4,3,0,1,0,0,0,0,0,1,0,0,0,0,0,0,,2,2,2,2,2,2,,1,Fefa,0,,,1,2,2,2,2,amatjoof,,2
IN-M-202C,recruitment_arm_1,,,Kk/base/033/2024,1,13,2,0,0,1,2,0,0,2,0,0,0,0,0,0,0,0,0,0,0,0,2,1,2,2,2,2,2,,1,Fefa,1,1,1,1,2,2,2,2,amatjoof,,2
IN-M-203C,recruitment_arm_1,,,Kk/base/2023,1,15,1,,,,1,,,2,0,0,0,0,0,0,0,0,0,0,0,0,2,2,2,2,2,2,2,,0,,0,,,2,2,,,,amatjoof,,2
IN-M-204C,recruitment_arm_1,,,,0,,6,5,0,0,6,5,0,2,0,0,0,0,0,0,0,0,0,0,0,0,2,2,2,2,2,2,2,,1,Fefa,0,,,3,2,3,2,2,amatjoof,,2
IN-M-205D,recruitment_arm_1,,,,1,15,1,,,,1,,,2,0,0,0,0,0,0,0,0,0,0,0,0,2,2,1,2,2,2,2,,1,Fefa,0,,,2,2,,,,amatjoof,,2
IN-M-206F,recruitment_arm_1,,,,,,,,,,,,,,0,0,0,0,0,0,0,0,0,0,0,0,,,,,,,,,,,,,,,,,,,,,0
IN-M-207C,recruitment_arm_1,,,Mas027/23,1,15,5,4,0,0,5,4,0,1,0,0,0,0,0,1,0,0,0,0,0,0,,2,2,2,2,2,2,,1,Fefa,1,3,1,1,2,1,2,2,amatjoof,,2
IN-M-208A,recruitment_arm_1,,,Ss/025/23,0,,2,1,0,0,2,1,0,1,0,0,0,0,1,0,0,0,0,0,0,0,,2,2,2,2,2,2,,1,Feva,0,,,2,2,3,3,3,amatjoof,,2
IN-M-209D,recruitment_arm_1,,,Kiang/064/23,0,,3,2,0,0,3,2,0,1,0,0,0,0,1,0,0,0,0,0,0,0,,2,2,2,2,2,2,,1,Fefa,0,,,3,,2,2,2,amatjoof,,2
IN-M-210A,recruitment_arm_1,,,Jomar/007/23,1,15,5,4,0,0,5,4,0,2,0,0,0,0,0,0,0,0,0,0,0,0,2,2,1,2,2,2,2,,1,Fefa,0,,,1,2,2,2,2,amatjoof,,2
IN-M-211D,recruitment_arm_1,,,Kiang 065/23,1,15,3,2,0,0,3,2,0,1,0,0,0,0,0,1,0,0,0,0,0,0,,2,2,2,2,2,2,,1,Fefa and fansidar ,0,,,2,2,2,2,2,amatjoof,,2
IN-M-212K,recruitment_arm_1,,,Kiaf 001/24,0,,5,4,0,0,5,4,0,1,0,0,0,0,1,0,0,0,0,0,0,0,,2,2,2,2,2,2,,0,,0,,,1,2,2,2,2,lamceesay,,2
IN-M-213G,recruitment_arm_1,,,Kiaf 002/24,0,,7,6,0,0,7,6,0,1,0,0,0,0,1,0,0,0,0,0,0,0,,2,2,2,2,2,2,,0,,0,,,1,2,2,2,2,lamceesay,,2
IN-M-214F,recruitment_arm_1,,,Kaiaf 067/23,1,12,11,8,0,3,11,8,0,2,0,0,0,0,0,0,0,0,0,0,0,0,2,2,2,2,2,2,2,,0,,1,3,1,2,2,2,2,1,lamceesay,,2
IN-M-215E,recruitment_arm_1,,,,0,,6,3,0,2,6,3,0,2,0,0,0,0,0,0,0,0,0,0,0,0,2,2,2,2,2,2,2,,0,,1,3,1,1,2,2,2,2,lamceesay,,2
IN-M-216F,recruitment_arm_1,,,KK/Base/034/24,0,,6,1,1,3,6,2,0,2,0,0,0,0,0,0,0,0,0,0,0,0,2,2,2,2,2,2,2,,0,,0,,,2,2,2,2,2,lamceesay,,2
IN-M-217G,recruitment_arm_1,,,Ten 75/23,0,,5,4,0,0,5,4,0,1,0,0,0,0,1,0,0,0,0,0,0,0,,2,2,2,2,2,2,,1,Fefa and PARACETAMOL ,1,1,3,1,2,3,3,2,amatjoof,,2
IN-M-218F,recruitment_arm_1,,,,1,13,2,1,0,0,2,1,0,2,0,0,0,0,0,0,0,0,0,0,0,0,2,2,2,2,2,2,2,,1,Fefa,1,3,1,1,2,3,3,2,amatjoof,,2
IN-M-219H,recruitment_arm_1,,,Not yet obtain ,0,,8,5,0,2,8,5,0,2,0,0,0,0,0,0,0,0,0,0,0,0,2,2,2,2,2,2,2,,0,,0,,,1,2,1,2,2,mujoof,,2
IN-M-220H,recruitment_arm_1,,,,,,,,,,,,,,0,0,0,0,0,0,0,0,0,0,0,0,,,,,,,,,,,,,,,,,,,,,0
IN-M-221E,recruitment_arm_1,,,,0,,4,3,0,0,4,3,0,2,0,0,0,0,0,0,0,0,0,0,0,0,2,2,2,2,2,2,2,,1,Amoxicillin,0,,,3,2,2,2,2,amatjoof,,2
IN-M-222C,recruitment_arm_1,,,,1,17,2,1,0,0,2,1,0,2,0,0,0,0,0,0,0,0,0,0,0,0,2,2,2,2,2,2,2,,0,,0,,,1,2,3,2,2,amatjoof,,2
IN-M-223J,recruitment_arm_1,,,Not yet obtain ,0,,5,4,0,0,5,4,0,1,0,0,0,0,1,0,0,0,0,0,0,0,,1,2,2,2,2,2,,0,,0,,,1,2,1,1,2,mujoof,,2
IN-M-224K,recruitment_arm_1,,,NS/62/23,0,,5,4,0,0,5,4,0,2,0,0,0,0,0,0,0,0,0,0,0,0,2,2,2,2,2,2,2,,0,,1,3,1,1,2,1,2,2,mujoof,42,2
IN-M-225D,recruitment_arm_1,,,Not obtain yet,0,,4,2,0,1,4,2,0,2,0,0,0,0,0,0,0,0,0,0,0,0,2,2,2,2,2,2,2,,0,,1,3,1,1,2,1,2,2,mujoof,,2
IN-M-226E,recruitment_arm_1,,,,0,,10,5,0,0,10,5,1,1,0,0,0,0,1,0,0,0,0,0,0,0,,1,2,2,2,2,2,,0,,0,,,3,2,2,2,2,mujoof,,2
IN-M-227K,recruitment_arm_1,,,Not obtain yet,1,17,6,3,1,1,6,4,0,1,0,0,0,0,1,0,0,0,0,0,0,0,,2,2,2,2,2,2,,0,,1,1,1,2,2,1,2,2,mujoof,,2
IN-M-228E,recruitment_arm_1,,,Not yet obtain ,0,,4,3,0,0,4,3,0,2,0,0,0,0,0,0,0,0,0,0,0,0,2,2,2,2,2,2,2,,0,,0,,,1,2,1,2,2,mujoof,,2
IN-M-229F,recruitment_arm_1,,,not yet obtain ,1,16,3,2,0,0,3,2,0,1,0,0,0,0,1,0,0,0,0,0,0,0,,2,2,2,2,2,2,,0,,0,,,2,2,1,2,2,mujoof,,2
IN-M-230G,recruitment_arm_1,,,Not yet obtain ,0,,8,7,0,0,8,7,0,2,0,0,0,0,0,0,0,0,0,0,0,0,2,2,2,2,2,2,2,,0,,0,,,2,2,1,2,2,mujoof,,2
IN-M-231G,recruitment_arm_1,,,not yet obtain ,0,,4,1,0,2,4,1,1,2,0,0,0,0,0,0,0,0,0,0,0,0,2,1,2,2,2,2,2,,0,,1,3,1,2,2,1,2,2,mujoof,,2
IN-M-232C,recruitment_arm_1,,,,0,,7,6,0,0,7,6,0,1,0,0,0,0,1,0,0,0,0,0,0,0,,2,2,2,2,2,2,,0,,0,,,3,3,2,2,2,amatjoof,,2
IN-M-233B,recruitment_arm_1,,,,0,,3,2,0,0,3,2,0,2,0,0,0,0,0,0,0,0,0,0,0,0,2,2,2,2,2,2,2,,0,,1,3,1,2,2,1,2,2,amatjoof,,2
IN-M-234D,recruitment_arm_1,,,Not yet obtain ,0,,10,9,0,0,10,9,0,1,0,0,0,0,1,0,0,0,0,0,0,0,,2,2,2,2,2,2,,0,,0,,,1,2,1,1,2,mujoof,,2
IN-M-235D,recruitment_arm_1,,,Kk/JK/027/24,0,,5,3,0,1,5,3,0,2,0,0,0,0,0,0,0,0,0,0,0,0,2,1,2,2,2,2,1,Abdominal and was admitted in Brikama District Hospital,0,,1,3,1,1,2,1,2,2,amatjoof,,2
IN-M-236J,recruitment_arm_1,,,kk/base/034/24,0,,3,2,0,0,3,2,0,1,0,0,0,0,1,0,0,0,0,0,0,0,,2,2,2,2,2,2,,0,,0,,,1,2,1,2,2,mujoof,,2
IN-M-237F,recruitment_arm_1,,,not yet obtain ,0,,2,1,0,0,2,1,0,1,0,0,0,0,0,1,0,0,0,0,0,0,,2,2,2,2,2,2,,0,,0,,,,3,1,2,2,mujoof,,2
IN-M-238C,recruitment_arm_1,,,kw/008/24,0,,3,2,0,0,3,2,0,1,0,0,0,0,0,1,0,0,0,0,0,0,,2,2,2,2,2,2,,0,,0,,,2,2,1,2,2,mujoof,,2
IN-M-239D,recruitment_arm_1,,,kk/base/032/2024,1,15,3,1,0,1,3,1,0,2,0,0,0,0,0,0,0,0,0,0,0,0,2,2,2,2,2,2,2,,0,,0,,,2,2,1,2,2,mujoof,43,2
IN-M-240B,recruitment_arm_1,,,Kan:011/2024,1,15,4,2,0,1,4,2,0,2,0,0,0,0,0,0,0,0,0,0,0,0,2,2,1,2,2,2,2,,0,,1,3,1,1,2,2,2,2,amatjoof,,2
IN-M-241F,recruitment_arm_1,,,,0,,3,2,0,0,3,2,0,2,0,0,0,0,0,0,0,0,0,0,0,0,2,2,2,2,2,2,2,,0,,0,,,2,2,2,2,2,amatjoof,,2
IN-M-242G,recruitment_arm_1,,,NJ/08/024,1,14,5,4,0,0,5,4,0,2,0,0,0,0,0,0,0,0,0,0,0,0,2,2,2,2,2,2,2,,1,Fefa,0,,,1,2,3,3,2,amatjoof,,2
IN-M-243J,recruitment_arm_1,,,,1,15,2,2,0,0,2,2,0,2,0,0,0,0,0,0,0,0,0,0,0,0,2,2,2,2,2,2,2,,0,,0,,,1,2,2,2,2,amatjoof,,2
IN-M-244E,recruitment_arm_1,,,Kk/BR/024/024,1,15,3,2,0,0,3,2,0,2,0,0,0,0,0,0,0,0,0,0,0,0,2,1,2,2,2,2,2,,1,Fansidar and fefa,1,3,1,1,2,2,2,2,amatjoof,,2
IN-M-245J,recruitment_arm_1,,,Not yet obtain ,0,,3,1,1,0,3,2,1,1,0,0,0,0,1,0,0,0,0,0,0,0,,2,2,2,2,2,2,,0,,0,,,3,2,1,2,2,mujoof,,2
IN-M-246G,recruitment_arm_1,,,,0,,7,6,0,0,7,6,0,1,0,0,0,0,0,0,0,0,0,0,0,0,,2,2,2,2,2,2,,0,,0,,,1,2,2,2,2,amatjoof,,2
IN-M-247K,recruitment_arm_1,,,KK/5/24,1,15,2,1,0,0,2,1,0,1,0,0,0,0,0,1,0,0,0,0,0,0,,2,2,2,2,1,2,,1,Fefa,0,,,1,2,3,3,2,amatjoof,,2
IN-M-248F,recruitment_arm_1,,,JF/104/24,1,14,3,2,0,0,3,2,0,1,0,0,0,0,0,1,0,0,0,0,0,0,,2,2,2,2,2,2,,1,Fefa,0,,,2,2,3,2,2,amatjoof,,2
IN-M-249K,recruitment_arm_1,,,Kaw/009/24,1,15,2,1,0,0,2,1,0,2,0,0,0,0,0,0,0,0,0,0,0,0,2,2,2,2,2,2,2,,1,Fega,0,,,1,2,3,2,2,amatjoof,,2
IN-M-250J,recruitment_arm_1,,,,1,15,2,1,0,0,2,1,0,2,0,0,0,0,0,0,0,0,0,0,0,0,2,1,2,2,2,2,2,,0,,0,,,2,2,2,2,2,amatjoof,,2
IN-M-251B,recruitment_arm_1,,,,1,16,8,6,1,1,8,7,0,1,0,0,0,0,1,0,0,0,0,0,0,0,,2,2,2,2,2,2,,1,ARVs,0,,,2,2,2,3,2,amatjoof,,2
IN-M-252B,recruitment_arm_1,,,,0,,5,4,0,0,5,4,0,2,0,0,0,0,0,0,0,0,0,0,0,0,2,2,2,2,2,2,2,,0,,0,,,3,3,2,2,2,amatjoof,,2
IN-M-253G,recruitment_arm_1,,,,0,,4,2,0,1,4,2,0,2,0,0,0,0,0,0,0,0,0,0,0,0,2,2,2,2,2,2,2,,0,,0,,,1,2,3,2,2,amatjoof,,2
IN-M-254E,recruitment_arm_1,,,,1,14,2,0,0,1,2,0,0,2,0,0,0,0,0,0,0,0,0,0,0,0,2,2,2,2,2,2,2,,0,,1,3,1,1,2,2,2,2,amatjoof,,2
IN-M-255D,recruitment_arm_1,,,,1,15,3,1,0,1,3,1,0,2,0,0,0,0,0,0,0,0,0,0,0,0,2,1,2,2,2,1,2,,0,,0,,,1,2,3,2,2,amatjoof,,2
IN-M-256K,recruitment_arm_1,,,KAN:010/24,0,,5,3,0,0,5,3,0,1,0,0,0,0,1,0,0,0,0,0,0,0,,2,2,2,2,2,2,,0,,1,3,1,2,2,2,2,2,amatjoof,,2
IN-M-257E,recruitment_arm_1,,,kan:015/24,0,,3,2,0,0,3,2,0,2,0,0,0,0,0,0,0,0,0,0,0,0,2,1,2,2,2,2,2,,1,"Amox, metoclopromide",1,,,2,2,2,2,2,amatjoof,,2
IN-M-258C,recruitment_arm_1,,,,0,,6,4,0,1,6,4,0,1,0,0,0,0,1,0,0,0,0,0,0,0,,2,2,2,2,2,2,,0,,0,,,1,2,2,2,2,amatjoof,,2
IN-M-259H,recruitment_arm_1,,,,1,15,1,,,,1,,,1,0,0,0,0,0,1,0,0,0,0,0,0,,2,2,2,2,2,2,,0,,1,3,1,2,2,,,,amatjoof,,2
IN-M-260K,recruitment_arm_1,,,,1,15,6,5,0,0,6,5,0,2,0,0,0,0,0,0,0,0,0,0,0,0,2,2,2,2,2,2,1,Goiter ,0,,1,3,1,1,2,3,2,2,amatjoof,,2
IN-M-261J,recruitment_arm_1,,,,0,,3,2,0,0,3,2,0,2,0,0,0,0,0,0,0,0,0,0,0,0,2,2,2,2,2,2,2,,0,,0,,,3,2,3,3,2,amatjoof,,2
IN-M-262E,recruitment_arm_1,,,,0,,3,2,0,0,3,2,0,1,0,0,0,0,0,0,0,0,0,0,0,0,,2,2,2,2,2,2,,1,Fefa,0,,,2,2,3,3,2,amatjoof,,2
IN-M-263A,recruitment_arm_1,,,,1,15,6,4,0,1,6,4,0,1,0,0,0,0,1,0,0,0,0,0,0,0,,2,2,2,2,2,2,,0,,0,,,1,2,2,2,2,amatjoof,,2
IN-M-264H,recruitment_arm_1,,,Not yet obtain ,0,,8,7,0,0,8,7,0,1,0,0,0,0,1,0,0,0,0,0,0,0,,2,2,2,2,2,2,,0,,0,,,1,2,1,2,2,mujoof,,2
IN-M-265E,recruitment_arm_1,,,Not yet obtain ,1,14,2,1,0,0,2,1,0,2,0,0,0,0,0,0,0,0,0,0,0,0,2,2,2,2,2,2,2,,0,,0,,,1,2,1,2,2,mujoof,,2
IN-M-266G,recruitment_arm_1,,,Not yet obtain ,1,16,6,5,0,0,6,5,0,2,0,0,0,0,0,0,0,0,0,0,0,0,2,2,2,2,2,2,2,,0,,1,3,1,1,2,1,2,2,mujoof,,2
IN-M-267C,recruitment_arm_1,,,Not yet obtain ,1,15,9,7,1,0,9,8,0,2,0,0,0,0,0,0,0,0,0,0,0,0,2,1,2,2,2,2,2,,0,,0,,,2,2,1,2,2,mujoof,,2
IN-M-268F,recruitment_arm_1,,,kan:017/24,0,,4,2,0,1,4,2,0,2,0,0,0,0,0,0,0,0,0,0,0,0,2,2,2,2,2,2,2,,0,,0,,,1,2,1,2,2,mujoof,,2
IN-M-269H,recruitment_arm_1,,,Not yet obtain ,1,16,5,3,0,1,5,3,0,2,0,0,0,0,0,0,0,0,0,0,0,0,2,2,2,2,2,2,2,,0,,0,,,1,2,1,2,2,mujoof,,2
IN-M-270C,recruitment_arm_1,,,Not yet obtain ,0,,1,,,,1,,,2,0,0,0,0,0,0,0,0,0,0,0,0,2,2,2,2,2,2,2,,0,,0,,,2,2,,,,mujoof,,2
IN-M-271H,recruitment_arm_1,,,Not yet obtain ,0,,3,2,0,0,3,2,0,1,0,0,0,0,0,1,0,0,0,0,0,0,,2,2,2,2,2,2,,0,,0,,,1,2,1,1,2,mujoof,,2
IN-M-272D,recruitment_arm_1,,,Not yet obtain ,1,12,2,1,0,0,2,1,0,2,0,0,0,0,0,0,0,0,0,0,0,0,2,1,1,2,2,2,2,,0,,0,,,2,2,1,2,2,mujoof,,2
IN-M-273H,recruitment_arm_1,,,Not yet obtain ,0,,6,4,0,1,6,4,0,2,0,0,0,0,0,0,0,0,0,0,0,0,2,1,2,2,2,2,2,,0,,0,,,1,2,1,2,2,mujoof,,2
IN-M-274B,recruitment_arm_1,,,not yet obtain ,1,14,4,3,0,0,4,3,0,2,0,0,0,0,0,0,0,0,0,0,0,0,2,2,2,2,2,2,2,,0,,1,3,1,1,2,1,2,2,mujoof,,2
IN-M-275H,recruitment_arm_1,,,not yet obtain ,1,15,3,2,0,0,3,2,0,2,0,0,0,0,0,0,0,0,0,0,0,0,2,1,2,2,2,2,2,,0,,0,,,1,2,1,2,2,mujoof,,2
IN-M-276H,recruitment_arm_1,,,not yet obtain ,0,,3,2,0,0,3,2,0,1,0,0,0,0,0,1,0,0,0,0,0,0,,2,2,2,2,2,2,,0,,0,,,1,2,1,2,2,mujoof,,2
IN-M-277N,recruitment_arm_1,,,not yet obtain ,0,,4,2,1,0,4,3,0,2,0,0,0,0,0,0,0,0,0,0,0,0,2,2,2,2,2,2,2,,0,,0,,,2,2,2,1,2,mujoof,,2
IN-M-278K,recruitment_arm_1,,,kk/kj/007/2024,0,,5,4,0,0,5,4,0,1,0,0,0,0,0,1,0,0,0,0,0,0,,2,2,2,2,2,2,,0,,0,,,2,2,1,2,2,mujoof,,2
IN-M-279D,recruitment_arm_1,,,kk/kj/008/24,1,15,6,3,1,1,6,4,0,2,0,0,0,0,0,0,0,0,0,0,0,0,2,1,2,2,2,2,2,,0,,0,,,1,2,1,1,2,mujoof,,2
IN-M-280K,recruitment_arm_1,,,not yet obtain ,1,14,7,4,0,2,7,4,0,2,0,0,0,0,0,0,0,0,0,0,0,0,2,2,2,2,2,2,2,,0,,1,3,1,3,2,1,2,2,mujoof,,2
IN-M-281C,recruitment_arm_1,,,not yet obtain ,1,13,4,2,0,1,4,2,0,1,0,0,0,0,1,0,0,0,0,0,0,0,,2,2,2,2,2,2,,0,,0,,,1,2,1,2,2,mujoof,,2
IN-M-282D,recruitment_arm_1,,,not yet obtain ,1,13,7,4,0,2,7,4,0,1,0,0,0,0,1,0,0,0,0,0,0,0,,2,2,2,2,2,2,,0,,0,,,1,2,1,2,2,mujoof,,2
IN-M-283F,recruitment_arm_1,,,not yet obtain ,0,,5,3,0,1,5,3,0,2,0,0,0,0,0,0,0,0,0,0,0,0,2,2,2,2,2,2,2,,0,,0,,,3,2,1,2,2,mujoof,,2
IN-M-284K,recruitment_arm_1,,,not yet obtain ,1,15,6,5,0,0,6,5,0,2,0,0,0,0,0,0,0,0,0,0,0,0,2,2,2,2,2,2,2,,0,,1,1,3,2,2,1,2,2,mujoof,,2
IN-M-285A,recruitment_arm_1,,,,1,16,1,,,,1,,,1,0,0,0,0,1,0,0,0,0,0,0,0,,2,2,2,2,2,2,,0,,0,,,2,2,,,,mujoof,,2
IN-M-286J,recruitment_arm_1,,,not yet obtain ,0,,9,6,0,2,9,6,0,1,0,0,0,0,0,1,0,0,0,0,0,0,,1,2,2,2,2,2,,0,,0,,,3,2,1,2,2,mujoof,,2
IN-M-287K,recruitment_arm_1,,,not yet obtain ,1,13,3,0,0,2,3,0,0,2,0,0,0,0,0,0,0,0,0,0,0,0,2,2,2,2,2,2,2,,0,,1,3,1,2,2,2,2,2,mujoof,,2
IN-M-288G,recruitment_arm_1,,,not yet obtain ,0,,4,3,0,0,4,3,0,2,0,0,0,0,0,0,0,0,0,0,0,0,2,2,2,2,2,2,2,,0,,1,3,1,1,2,1,2,2,mujoof,,2
IN-M-289F,recruitment_arm_1,,,not yet obtain ,0,,4,2,1,0,4,3,0,1,0,0,0,0,1,0,0,0,0,0,0,0,,2,2,,2,,2,,0,,0,,,2,2,1,2,2,mujoof,,2
IN-M-290B,recruitment_arm_1,,,not yet obtain ,0,,5,3,1,0,5,4,0,2,0,0,0,0,0,0,0,0,0,0,0,0,2,2,2,2,2,2,2,,0,,0,,,3,2,1,2,2,mujoof,,2
IN-M-291J,recruitment_arm_1,,,not yet obtain ,0,,6,4,0,1,6,4,0,1,0,0,0,0,0,1,0,0,0,0,0,0,,2,2,2,2,2,2,,0,,0,,,2,2,1,2,2,mujoof,,2
IN-M-292D,recruitment_arm_1,,,not yet obtain ,0,,6,5,0,0,6,5,0,2,0,0,0,0,0,0,0,0,0,0,0,0,2,2,1,2,2,2,2,,0,,1,2,3,3,2,1,2,2,mujoof,,2
IN-M-293C,recruitment_arm_1,,,Not yet obtain ,0,,5,4,0,0,5,4,0,2,0,0,0,0,0,0,0,0,0,0,0,0,2,2,1,2,2,2,2,,0,,0,,,2,2,1,2,2,mujoof,,2
IN-M-294F,recruitment_arm_1,,,not yet obtain ,0,,6,5,0,0,6,5,0,1,0,0,0,0,1,0,0,0,0,0,0,0,,2,2,2,2,1,2,,1,"Traditional treatment. 
Traditional herbs. ",0,,,2,2,1,1,2,mujoof,,2
IN-M-295F,recruitment_arm_1,,,Not yet obtain ,0,,5,3,0,1,5,3,1,2,0,0,0,0,0,0,0,0,0,0,0,0,2,2,1,2,2,2,2,,0,,0,,,1,2,1,2,2,mujoof,,2
IN-M-296G,recruitment_arm_1,,,,0,,5,3,0,1,5,3,0,2,0,0,0,0,0,0,0,0,0,0,0,0,2,2,2,2,2,2,2,,0,,0,,,3,3,2,2,2,amatjoof,,2
IN-M-297E,recruitment_arm_1,,,,0,,4,2,0,1,4,2,0,2,0,0,0,0,0,0,0,0,0,0,0,0,2,2,2,2,2,2,2,,0,,0,,,2,2,2,2,2,amatjoof,43,2
IN-M-298B,recruitment_arm_1,,,W/007/2024,0,,2,1,0,0,2,1,0,2,0,0,0,0,0,0,0,0,0,0,0,0,2,2,1,2,2,2,2,,0,,0,,,2,2,1,2,2,amatjoof,,2
IN-M-299A,recruitment_arm_1,,,,1,14,1,,,,1,,,2,0,0,0,0,0,0,0,0,0,0,0,0,2,1,2,2,2,2,2,,0,,0,,,1,2,,,,mujoof,,2
IN-M-300F,recruitment_arm_1,,,not yet obtain ,1,14,3,1,0,1,3,1,0,2,0,0,0,0,0,0,0,0,0,0,0,0,2,2,2,2,2,2,2,,0,,1,3,1,2,2,1,2,2,mujoof,,2
IN-M-301F,recruitment_arm_1,,,,1,15,1,,,,1,,,2,0,0,0,0,0,0,0,0,0,0,0,0,2,2,2,2,2,2,2,,0,,0,,,2,2,,,,mujoof,,2
IN-M-302A,recruitment_arm_1,,,not yet obtain ,1,12,6,2,0,3,6,2,0,2,0,0,0,0,0,0,0,0,0,0,0,0,2,2,1,2,2,2,2,,0,,0,,,1,2,1,2,2,mujoof,,2
IN-M-303K,recruitment_arm_1,,,not yet obtain ,1,15,4,3,0,0,4,3,0,1,0,0,0,0,0,0,0,0,0,0,0,0,,2,1,2,2,,2,,0,,0,,,3,2,1,2,2,mujoof,,2
IN-M-304E,recruitment_arm_1,,,Kw/015/24,0,,3,2,0,0,3,2,0,1,0,0,0,0,1,0,0,0,0,0,0,0,,2,2,2,2,2,2,,0,,0,,,1,2,1,2,2,mujoof,,2
IN-M-305B,recruitment_arm_1,,,B/03/24,0,,3,2,0,0,3,2,0,2,0,0,0,0,0,0,0,0,0,0,0,0,2,2,2,2,2,2,2,,0,,0,,,3,2,1,1,2,mujoof,,2
IN-M-306K,recruitment_arm_1,,,,0,,8,7,0,0,8,7,0,1,0,0,0,0,0,1,0,0,0,0,0,0,,2,1,2,2,2,2,,0,,0,,,3,3,1,2,2,mujoof,,2
IN-M-307K,recruitment_arm_1,,,not yet obtain ,0,,2,0,0,0,2,0,0,2,0,0,0,0,0,0,0,0,0,0,0,0,2,2,2,2,2,2,2,,0,,0,,,2,2,1,2,2,mujoof,,2
IN-M-308B,recruitment_arm_1,,,,0,,4,3,0,0,4,3,0,2,0,0,0,0,0,0,0,0,0,0,0,0,2,2,2,2,2,2,2,,0,,0,,,1,2,1,2,2,mujoof,,2
IN-M-309K,recruitment_arm_1,,,not yet ,1,12,2,0,0,1,2,0,0,2,0,0,0,0,0,0,0,0,0,0,0,0,2,2,2,2,2,2,2,,0,,1,3,1,1,2,2,2,2,mujoof,,2
IN-M-310B,recruitment_arm_1,,,not yet obtain ,1,15,4,0,0,0,4,0,0,2,0,0,0,0,0,0,0,0,0,0,0,0,2,2,2,2,2,2,2,,0,,1,1,1,1,2,1,1,2,mujoof,,2
IN-M-311A,recruitment_arm_1,,,,0,,3,2,0,0,3,2,0,2,0,0,0,0,0,0,0,0,0,0,0,0,2,2,2,2,2,2,2,,0,,0,,,3,2,1,2,2,mujoof,,2
IN-M-312C,recruitment_arm_1,,,not yet obtain ,1,15,5,4,0,0,5,4,0,1,0,0,0,0,0,1,0,0,0,0,0,0,,2,2,2,2,2,2,,0,,0,,,3,2,1,1,1,mujoof,,2
IN-M-313E,recruitment_arm_1,,,Not yet obtain ,0,,1,,,,1,,,2,0,0,0,0,0,0,0,0,0,0,0,0,2,2,1,2,2,2,2,,0,,1,3,1,2,2,,,,mujoof,,2
IN-M-314F,recruitment_arm_1,,,,0,,4,3,0,0,4,3,0,2,0,0,0,0,0,0,0,0,0,0,0,0,2,2,2,2,2,2,2,,0,,0,,,2,2,1,2,2,mujoof,,2
IN-M-315E,recruitment_arm_1,,,Jaso/001/24,1,13,7,5,0,1,7,5,0,1,0,0,0,0,1,0,0,0,0,0,0,0,,2,2,2,2,2,2,,0,,1,3,1,1,2,1,1,2,mujoof,,2
IN-M-316H,recruitment_arm_1,,,,1,12,9,8,0,0,9,8,0,2,0,0,0,0,0,0,0,0,0,0,0,0,2,2,2,2,2,2,2,,0,,0,,,2,2,1,2,1,mujoof,,2
IN-M-317J,recruitment_arm_1,,,not yet obtain ,0,,4,3,0,0,4,3,0,2,0,0,0,0,0,0,0,0,0,0,0,0,2,2,2,2,2,2,2,,0,,1,1,1,3,2,1,2,2,mujoof,,2
IN-M-318F,recruitment_arm_1,,,not yet obtain ,0,,7,5,0,1,7,5,0,1,0,0,0,0,1,0,0,0,0,0,0,0,,2,2,2,2,2,2,,0,,0,,,3,2,1,2,2,mujoof,,2
IN-M-319F,recruitment_arm_1,,,,0,,6,4,0,2,6,4,0,2,0,0,0,0,0,0,0,0,0,0,0,0,2,1,2,2,2,2,2,,0,,1,1,1,3,2,1,2,2,mujoof,,2
IN-M-320E,recruitment_arm_1,,,not yet obtain ,1,15,5,3,0,1,5,3,0,1,0,0,0,0,0,1,0,0,0,0,0,0,,1,2,2,2,1,1," seizure start 9 years ago .
last episode was 3 months.
Taking traditional medicine. 
frequency, interval of 3 months. 
Has been discussed with Doctor  Jarjou. 
Is termination is recommended. ",1,Traditional medicine. ,0,,,1,2,1,2,2,mujoof,,2
IN-M-321D,recruitment_arm_1,,,,0,,2,1,0,0,2,1,0,1,0,0,0,0,0,1,0,0,0,0,0,0,,2,2,2,2,2,2,,0,,0,,,1,2,1,2,2,mujoof,,2
IN-M-322F,recruitment_arm_1,,,,0,,3,2,0,0,3,2,0,1,0,0,0,0,1,0,0,0,0,0,0,0,,2,2,2,2,2,2,,0,,1,1,3,3,3,1,3,2,mujoof,,2
IN-M-323D,recruitment_arm_1,,,,0,,8,6,0,1,8,6,0,1,0,0,0,0,0,1,0,0,0,0,0,0,,2,2,2,2,2,2,,0,,1,1,1,3,2,1,1,1,mujoof,,2
IN-M-324J,recruitment_arm_1,,,,1,16,7,4,0,2,7,4,0,1,0,0,0,0,0,1,0,0,0,0,0,0,,2,2,2,2,2,2,,0,,1,3,1,1,2,2,2,2,mujoof,,2
IN-M-325K,recruitment_arm_1,,,JHC/11/24,1,15,2,0,0,1,2,0,0,2,0,0,0,0,0,0,0,0,0,0,0,0,2,2,2,2,2,2,2,,0,,0,,,1,2,2,2,2,mujoof,,2
IN-M-326B,recruitment_arm_1,,,Not yet obtain ,0,,9,7,0,1,9,7,0,2,0,0,0,0,0,0,0,0,0,0,0,0,2,2,2,2,2,2,2,,0,,0,,,3,2,1,2,1,mujoof,,2
IN-M-327F,recruitment_arm_1,,,not yet obtain ,0,,3,1,1,0,3,2,0,1,0,0,0,0,1,0,0,0,0,0,0,0,,2,2,2,2,2,2,,0,,0,,,3,2,1,1,2,mujoof,,2
IN-M-328K,recruitment_arm_1,,,not yet obtain ,0,,2,1,0,0,2,1,0,2,0,0,0,0,0,0,0,0,0,0,0,0,2,2,1,2,,2,2,,0,,1,3,1,3,2,1,2,2,mujoof,,2
IN-M-329D,recruitment_arm_1,,,,0,,2,1,0,0,2,1,0,2,0,0,0,0,0,0,0,0,0,0,0,0,2,2,2,2,2,2,2,,0,,0,,,2,2,1,2,2,mujoof,,2
IN-M-330H,recruitment_arm_1,,,not yet ,0,,3,2,0,0,3,2,0,2,0,0,0,0,0,0,0,0,0,0,0,0,2,2,2,2,2,2,2,,0,,1,3,1,2,2,1,2,2,mujoof,,2
IN-M-331E,recruitment_arm_1,,,not yet obtain ,0,,1,,,,1,,,2,0,0,0,0,0,0,0,0,0,0,0,0,2,2,2,2,2,2,2,,0,,0,,,1,2,,,,mujoof,,2
IN-M-332E,recruitment_arm_1,,,not yet obtain ,1,14,2,1,0,0,2,1,0,2,0,0,0,0,0,0,0,0,0,0,0,0,2,2,2,2,2,2,2,,0,,1,3,1,2,2,1,2,2,mujoof,,2
IN-M-333H,recruitment_arm_1,,,not yet obtain ,1,14,2,1,0,0,2,1,0,1,0,0,0,0,1,0,0,0,0,0,0,0,,2,2,2,2,2,2,,0,,1,3,1,1,2,1,2,2,mujoof,,2
IN-M-334J,recruitment_arm_1,,,not yet obtain ,0,,4,3,0,0,4,3,0,2,0,0,0,0,0,0,0,0,0,0,0,0,2,1,2,2,2,2,2,,0,,1,3,1,2,,1,2,2,mujoof,,2
IN-M-335V,recruitment_arm_1,,,not yet obtain ,0,,8,7,0,0,8,7,0,2,0,0,0,0,0,0,0,0,0,0,0,0,2,2,2,2,2,2,2,,0,,1,3,1,3,2,1,2,2,mujoof,,2
IN-M-336H,recruitment_arm_1,,,not yet obtain ,0,,3,1,0,1,3,1,0,2,0,0,0,0,0,0,0,0,0,0,0,0,2,2,2,2,2,2,2,,0,,1,3,1,1,2,2,2,2,mujoof,,2
IN-M-337B,recruitment_arm_1,,,not yet obtain ,0,,5,3,0,1,5,3,0,,0,0,0,0,0,0,0,0,0,0,0,0,,2,2,2,2,2,2,,0,,1,3,1,3,2,1,2,2,mujoof,,2
IN-M-338G,recruitment_arm_1,,,kaiaf/00/24,0,,1,,,,1,,,2,0,0,0,0,0,0,0,0,0,0,0,0,2,2,2,2,2,2,2,,0,,0,,,2,2,,,,mujoof,,2
IN-M-339K,recruitment_arm_1,,,not yet obtain q,1,13,3,2,0,0,3,2,0,1,0,0,0,0,0,1,0,0,0,0,0,0,,2,2,2,2,2,2,,0,,1,3,1,1,2,1,2,2,mujoof,,2
IN-M-340D,recruitment_arm_1,,,not yet obtain ,0,,1,,,,1,,,2,0,0,0,0,0,0,0,0,0,0,0,0,2,2,2,2,2,2,2,,0,,0,,,1,2,,,,mujoof,,2
IN-M-341A,recruitment_arm_1,,,NM/005/24,0,,4,3,0,0,4,3,0,2,0,0,0,0,0,0,0,0,0,0,0,0,2,2,2,2,2,2,2,,0,,1,3,1,1,2,1,2,2,mujoof,,2
IN-M-342B,recruitment_arm_1,,,not yet obtain ,0,,3,2,0,0,3,2,0,2,0,0,0,0,0,0,0,0,0,0,0,0,2,2,2,2,2,2,2,,0,,1,3,1,1,2,1,2,2,mujoof,,2
IN-M-343G,recruitment_arm_1,,,,0,,8,7,0,0,8,7,0,1,0,0,0,0,1,0,0,0,0,0,0,0,,2,2,2,2,2,2,,0,,0,,,1,2,2,2,2,amatjoof,,2
IN-M-344F,recruitment_arm_1,,,Kan/018/24,0,,9,7,0,1,9,7,0,1,0,0,0,0,0,1,0,0,0,0,0,0,,2,2,2,2,1,2,,1,Fefa,0,,,1,1,2,2,2,amatjoof,,2
IN-M-345B,recruitment_arm_1,,,,1,13,8,6,0,1,8,6,0,1,0,0,0,0,1,0,0,0,0,0,0,0,,2,2,2,2,2,2,,0,,0,,,1,2,2,1,2,amatjoof,,2
IN-M-346A,recruitment_arm_1,,,NM/009/24,0,,8,6,1,0,8,7,0,2,0,0,0,0,0,0,0,0,0,0,0,0,2,1,2,2,2,2,2,,1,Fefa,1,3,1,2,2,2,2,2,amatjoof,,2
IN-M-347H,recruitment_arm_1,,,,0,,1,,,,1,,,2,0,0,0,0,0,0,0,0,0,0,0,0,2,2,2,2,2,2,2,,0,,0,,,2,2,,,,amatjoof,,2
IN-M-348F,recruitment_arm_1,,,,1,16,5,2,0,2,5,2,0,2,0,0,0,0,0,0,0,0,0,0,0,0,2,2,2,2,2,2,2,,0,,1,1,1,1,2,2,2,2,amatjoof,,2
IN-M-349K,recruitment_arm_1,,,,0,,8,7,0,0,8,7,0,1,0,0,0,0,0,1,0,0,0,0,0,0,,2,2,2,2,2,2,,0,,1,1,3,2,1,2,2,2,amatjoof,,2
IN-M-350B,recruitment_arm_1,,,,1,14,5,4,0,0,5,4,0,1,0,0,0,0,1,0,0,0,0,0,0,0,,2,2,2,2,1,2,,0,,1,3,1,1,2,3,3,2,amatjoof,,2
IN-M-351B,recruitment_arm_1,,,,0,,7,5,1,0,7,6,0,2,0,0,0,0,0,0,0,0,0,0,0,0,2,2,2,2,2,2,2,,0,,0,,,2,2,3,3,2,amatjoof,,2
IN-M-352C,recruitment_arm_1,,,,1,14,4,3,0,0,4,3,1,1,0,0,0,0,1,0,0,0,0,0,0,0,,2,2,2,2,2,2,,0,,1,1,3,2,2,3,3,2,amatjoof,,2
IN-M-353D,recruitment_arm_1,,,,1,12,5,3,0,1,5,3,0,2,0,0,0,0,0,0,0,0,0,0,0,0,2,2,2,2,2,1,2,,1,Medication received from MRC keneba here but did not know exactly medicine. She had and attach of seizures and was given that medicine and then referred to Bwiam for review and further  management ,0,,,3,2,2,2,2,amatjoof,,2
IN-M-354C,recruitment_arm_1,,,,1,12,1,,,,1,,,2,0,0,0,0,0,0,0,0,0,0,0,0,2,2,2,2,2,2,2,,1,Fefa,0,,,1,2,,,,amatjoof,,2
IN-M-355U,recruitment_arm_1,,,,0,,1,,,,1,,,2,0,0,0,0,0,0,0,0,0,0,0,0,2,1,2,2,2,2,2,,0,,0,,,2,2,,,,amatjoof,,2
IN-M-356C,recruitment_arm_1,,,Kaiaf/010/24,1,13,1,,,,1,,,2,0,0,0,0,0,0,0,0,0,0,0,0,2,2,2,2,2,2,2,,1,Amox,1,1,1,1,2,,,,amatjoof,,2
IN-M-357T,recruitment_arm_1,,,,0,,3,2,0,0,3,2,0,1,0,0,0,0,0,1,0,0,0,0,0,0,,2,2,2,2,2,2,,0,,0,,,1,1,3,3,2,amatjoof,,2
IN-M-358J,recruitment_arm_1,,,,0,,2,0,0,0,2,0,0,2,0,0,0,0,0,0,0,0,0,0,0,0,2,2,2,2,2,2,2,,0,,0,,,2,2,2,2,2,amatjoof,,2
IN-M-359R,recruitment_arm_1,,,Kk/jk/036/24,1,15,2,1,0,0,2,1,0,1,0,0,0,0,1,0,0,0,0,0,0,0,,2,2,2,2,2,2,,0,,1,3,1,1,2,2,2,2,amatjoof,,2
IN-M-360D,recruitment_arm_1,,,not yet obtain ,0,,5,2,1,1,5,3,0,2,0,0,0,0,0,0,0,0,0,0,0,0,2,2,2,2,2,2,2,,0,,1,3,1,1,2,1,2,2,mujoof,,2
IN-M-361J,recruitment_arm_1,,,,0,,2,1,0,0,2,1,0,2,0,0,0,0,0,0,0,0,0,0,0,0,2,2,2,2,2,2,2,,0,,1,3,1,2,2,1,2,2,safjarju,,2
IN-M-362E,recruitment_arm_1,,,,0,,3,2,0,0,3,2,0,1,0,0,0,0,1,0,0,0,0,0,0,0,,2,2,2,2,2,2,,0,,0,,,3,3,1,1,2,safjarju,,2
IN-M-363J,recruitment_arm_1,,,,0,,4,1,0,2,4,1,0,2,0,0,0,0,0,0,0,0,0,0,0,0,2,2,2,2,2,2,2,,0,,0,,,1,2,1,2,2,safjarju,,2
IN-M-364B,recruitment_arm_1,,,,1,15,4,3,0,0,4,3,0,2,0,0,0,0,0,0,0,0,0,0,0,0,2,2,2,2,2,2,2,,0,,1,1,3,2,2,1,2,2,safjarju,,2
IN-M-365J,recruitment_arm_1,,,JB/113/24,0,,5,4,0,0,5,4,0,1,0,0,0,0,0,0,0,1,0,0,0,0,,1,2,2,2,2,2,,1,Fefa,1,3,1,1,2,2,2,2,amatjoof,,2
IN-M-366D,recruitment_arm_1,,,,1,18,4,3,0,0,4,3,0,2,0,0,0,0,0,0,0,0,0,0,0,0,2,2,2,2,2,2,2,,0,,0,,,2,2,2,2,2,amatjoof,,2
IN-M-367G,recruitment_arm_1,,,,1,15,5,4,0,0,5,4,0,1,0,0,0,0,1,0,0,0,0,0,0,0,,2,2,2,2,2,2,,0,,0,,,3,2,2,2,2,amatjoof,,2
IN-M-368G,recruitment_arm_1,,,,1,15,6,5,0,0,6,5,0,2,0,0,0,0,0,0,0,0,0,0,0,0,2,2,2,2,2,2,2,,0,,1,3,1,1,2,2,2,2,amatjoof,,2
IN-M-369J,recruitment_arm_1,,,,1,18,5,3,0,1,5,3,0,2,0,0,0,0,0,0,0,0,0,0,0,0,2,2,2,2,2,2,2,,0,,1,3,1,2,2,2,2,2,amatjoof,,2
IN-M-370E,recruitment_arm_1,,,not yet obtain ,0,,6,5,0,0,6,5,0,2,0,0,0,0,0,0,0,0,0,0,0,0,2,2,2,2,2,2,2,,0,,0,,,2,2,1,2,2,mujoof,,2
IN-M-371G,recruitment_arm_1,,,not yet obtain ,0,,4,2,1,0,4,3,0,1,0,0,0,0,0,1,0,0,0,0,0,0,,2,2,2,2,2,2,,0,,1,1,3,1,2,1,2,1,mujoof,,2
IN-M-372J,recruitment_arm_1,,,,1,15,6,5,0,0,6,5,0,1,0,0,0,0,1,0,0,0,0,0,0,0,,2,2,2,2,2,2,,0,,1,3,1,3,2,3,2,2,amatjoof,,2
IN-M-373D,recruitment_arm_1,,,,0,,7,5,1,0,7,6,0,2,0,0,0,0,0,0,0,0,0,0,0,0,2,1,2,2,2,2,2,,0,,1,1,3,2,2,2,2,2,amatjoof,,2
IN-M-374J,recruitment_arm_1,,,Si/222/24,0,,1,,,,1,,,2,0,0,0,0,0,0,0,0,0,0,0,0,2,2,1,2,2,2,2,,1,fefa,1,3,1,1,2,,,,amatjoof,,2
IN-M-375H,recruitment_arm_1,,,,0,,3,1,0,1,3,1,0,2,0,0,0,0,0,0,0,0,0,0,0,0,2,2,,2,2,2,2,,0,,0,,,2,2,2,2,2,amatjoof,,2
IN-M-376B,recruitment_arm_1,,,,0,,3,1,0,1,3,1,0,1,0,0,0,0,0,1,0,0,0,0,0,0,,2,2,2,2,1,2,,1,on medication but did not know their names,1,3,1,2,2,2,2,2,amatjoof,,2
IN-M-377X,recruitment_arm_1,,,not yet obtain ,1,17,5,4,0,0,5,4,0,1,0,0,0,0,1,0,0,0,0,0,0,0,,2,2,2,2,2,2,,0,,0,,,1,2,1,2,2,mujoof,,2
IN-M-378J,recruitment_arm_1,,,not yet obtain ,0,,3,2,0,0,3,2,0,1,0,0,0,0,1,0,0,0,0,0,0,0,,2,2,2,2,2,2,,0,,0,,,1,2,1,2,2,mujoof,,2
IN-M-379Q,recruitment_arm_1,,,not yet obtain ,0,,5,3,0,1,5,3,0,1,0,0,0,0,1,0,0,0,0,0,0,0,,1,2,2,2,2,2,,0,,0,,,3,2,1,2,2,mujoof,,2
IN-M-380A,recruitment_arm_1,,,not yet obtain ,0,,4,3,0,0,4,3,0,2,0,0,0,0,0,0,0,0,0,0,0,0,2,2,2,2,2,2,2,,0,,0,,,2,2,1,1,2,mujoof,,2
IN-M-381H,recruitment_arm_1,,,not yet obtain ,1,15,1,,,,1,,,2,0,0,0,0,0,0,0,0,0,0,0,0,2,2,2,2,2,2,2,,0,,0,,,1,2,,,,mujoof,,2
IN-M-382C,recruitment_arm_1,,,not yet obtain ,1,15,10,8,0,1,10,8,0,1,0,0,0,0,0,1,0,0,0,0,0,0,,2,2,2,2,2,2,,0,,1,3,1,1,2,1,1,2,mujoof,,2
IN-M-383A,recruitment_arm_1,,,not yet obtain ,0,,3,2,0,0,3,2,0,2,0,0,0,0,0,0,0,0,0,0,0,0,2,2,2,2,2,2,2,,0,,1,1,1,1,2,1,2,2,mujoof,,2
IN-M-384D,recruitment_arm_1,,,not yet obtain ,1,15,3,1,0,1,3,1,0,2,0,0,0,0,0,0,0,0,0,0,0,0,2,2,2,2,2,2,2,,0,,1,3,1,1,2,1,2,2,mujoof,,2
IN-M-385K,recruitment_arm_1,,,not yet obtain ,1,15,6,4,0,1,6,4,0,2,0,0,0,0,0,0,0,0,0,0,0,0,2,2,1,2,2,1,2,,0,,0,,,3,2,1,2,2,mujoof,,2
IN-M-386K,recruitment_arm_1,,,not yet obtain ,0,,5,3,0,1,5,3,0,2,0,0,0,0,0,0,0,0,0,0,0,0,2,2,2,2,2,2,2,,0,,0,,,2,2,1,2,2,mujoof,,2
IN-M-387B,recruitment_arm_1,,,not yet obtain ,0,,4,3,0,0,4,3,0,2,0,0,0,0,0,0,0,0,0,0,0,0,2,2,2,2,2,2,2,,0,,1,3,1,3,2,1,2,2,mujoof,,2
IN-M-388F,recruitment_arm_1,,,,1,15,4,2,0,1,4,2,0,2,0,0,0,0,0,0,0,0,0,0,0,0,2,2,1,2,2,2,2,,1,fefa,0,,,2,2,2,2,2,amatjoof,,2
IN-M-389C,recruitment_arm_1,,,,0,,6,3,2,0,6,5,0,2,0,0,0,0,0,0,0,0,0,0,0,0,2,2,2,2,2,2,2,,1,fefa,0,,,2,2,2,2,2,amatjoof,,2
IN-M-390A,recruitment_arm_1,,,not yet obtain ,0,,8,7,0,0,8,7,0,2,0,0,0,0,0,0,0,0,0,0,0,0,2,2,1,2,2,2,2,,0,,1,3,1,2,2,1,2,2,mujoof,,2
IN-M-391J,recruitment_arm_1,,,,1,16,8,7,0,0,8,7,0,2,0,0,0,0,0,0,0,0,0,0,0,0,2,2,2,2,2,2,2,,0,,0,,,1,2,1,2,2,safjarju,,2
IN-M-392J,recruitment_arm_1,,,not yet obtain ,1,14,3,2,0,0,3,2,0,2,0,0,0,0,0,0,0,0,0,0,0,0,2,2,2,2,2,2,2,,0,,0,,,1,2,1,2,2,mujoof,,2
IN-M-393H,recruitment_arm_1,,,not yet obtain ,0,,5,4,0,0,5,4,0,2,0,0,0,0,0,0,0,0,0,0,0,0,2,2,2,2,2,2,2,,0,,1,3,1,2,2,1,2,2,mujoof,,2
IN-M-394J,recruitment_arm_1,,,not yet obtain ,0,,1,,,,1,,,2,0,0,0,0,0,0,0,0,0,0,0,0,2,2,2,2,2,2,2,,0,,0,,,2,2,,,,mujoof,,2
IN-M-395J,recruitment_arm_1,,,not yet obtain ,0,,3,1,0,1,3,1,0,2,0,0,0,0,0,0,0,0,0,0,0,0,2,2,2,2,2,2,2,,0,,1,1,3,3,2,1,2,2,mujoof,,2
IN-M-396F,recruitment_arm_1,,,not yet obtain ,1,15,2,1,0,0,2,1,0,1,0,0,0,0,1,0,0,0,0,0,0,0,,2,1,2,2,2,2,,0,,1,3,1,2,2,1,2,2,mujoof,,2
IN-M-397D,recruitment_arm_1,,,,1,15,5,4,0,0,5,4,0,2,0,0,0,0,0,0,0,0,0,0,0,0,2,2,2,2,2,2,2,,0,,0,,,2,2,1,2,2,safjarju,,2
IN-M-398A,recruitment_arm_1,,,not yet obtain ,1,15,8,7,0,0,8,7,0,2,0,0,0,0,0,0,0,0,0,0,0,0,2,2,2,2,2,2,2,,0,,1,3,1,3,2,1,2,2,mujoof,,2
IN-M-399C,recruitment_arm_1,,,not yet obtain ,1,15,6,5,0,0,6,5,0,2,0,0,0,0,0,0,0,0,0,0,0,0,2,2,2,2,2,2,2,,0,,1,1,1,1,2,2,1,2,mujoof,,2
IN-M-400D,recruitment_arm_1,,,,1,15,3,2,0,0,3,2,0,2,0,0,0,0,0,0,0,0,0,0,0,0,2,2,2,2,2,2,2,,0,,0,,,2,2,1,2,2,safjarju,,2
IN-M-401A,recruitment_arm_1,,,,1,15,5,4,0,0,5,4,0,1,0,0,0,0,0,1,0,0,0,0,0,0,,2,2,2,2,2,2,,0,,0,,,1,2,1,2,2,safjarju,,2
IN-M-402K,recruitment_arm_1,,,,0,,5,4,0,0,5,4,0,1,0,0,0,0,0,1,0,0,0,0,0,0,,2,2,2,2,2,2,,0,,1,3,1,3,3,1,2,2,safjarju,,2
IN-M-403C,recruitment_arm_1,,,,1,14,4,2,0,1,4,2,0,2,0,0,0,0,0,0,0,0,0,0,0,0,2,2,2,2,2,2,2,,0,,1,3,1,1,2,1,2,2,safjarju,,2
IN-M-404B,recruitment_arm_1,,,,0,,1,,,,1,,,2,0,0,0,0,0,0,0,0,0,0,0,0,2,2,2,2,2,2,2,,0,,0,,,2,2,,,,safjarju,,2
IN-M-405C,recruitment_arm_1,,,,1,18,6,5,0,0,6,5,0,2,0,0,0,0,0,0,0,0,0,0,0,0,2,1,2,2,2,2,2,,1,fefa,0,,,1,2,2,2,2,amatjoof,,2
IN-M-406K,recruitment_arm_1,,,,1,15,1,,,,1,,,2,0,0,0,0,0,0,0,0,0,0,0,0,2,2,2,2,2,2,2,,0,,0,,,2,2,,,,amatjoof,,2
IN-M-407C,recruitment_arm_1,,,kan/028/24,0,,6,5,0,0,6,5,0,1,0,0,0,0,1,0,0,0,0,0,0,0,,2,2,2,2,2,2,,1,fefa and fansidar,1,1,3,2,2,2,2,2,amatjoof,,2
IN-M-408B,recruitment_arm_1,,,,1,14,3,2,0,0,3,2,0,2,0,0,0,0,0,0,0,0,0,0,0,0,2,2,2,2,2,2,2,,0,,0,,,1,2,2,2,2,amatjoof,,2
IN-M-409B,recruitment_arm_1,,,not yet obtain ,1,12,3,2,0,0,3,2,0,2,0,0,0,0,0,0,0,0,0,0,0,0,2,2,2,2,2,2,2,,0,,1,1,1,1,2,1,2,2,mujoof,,2
IN-M-410J,recruitment_arm_1,,,not yet obtain ,0,,3,1,0,1,3,1,1,1,0,0,0,0,0,1,0,0,0,0,0,0,,1,1,2,2,2,2,,0,,0,,,3,2,1,2,2,mujoof,,2
IN-M-411Q,recruitment_arm_1,,,,0,,8,6,0,1,8,6,0,2,0,0,0,0,0,0,0,0,0,0,0,0,2,2,2,2,2,2,2,,0,,0,,,3,3,1,2,1,safjarju,,2
IN-M-412E,recruitment_arm_1,,,not yet obtain ,0,,2,0,0,1,2,0,0,2,0,0,0,0,0,0,0,0,0,0,0,0,2,2,2,2,2,2,2,,0,,0,,,2,2,2,2,2,mujoof,,2
IN-M-413B,recruitment_arm_1,,,,1,15,5,4,0,0,5,4,0,2,0,0,0,0,0,0,0,0,0,0,0,0,2,2,2,2,2,2,2,,0,,1,3,1,2,2,2,2,2,amatjoof,,2
IN-M-414B,recruitment_arm_1,,,,1,14,5,4,0,0,5,4,0,1,0,0,0,0,0,0,1,0,0,0,0,0,,2,2,2,2,2,2,,0,,0,,,1,2,2,2,2,amatjoof,,2
IN-M-415L,recruitment_arm_1,,,B/C001 2024,1,13,2,1,0,0,2,1,0,2,0,0,0,0,0,0,0,0,0,0,0,0,2,2,2,2,2,2,2,,0,,0,,,2,2,2,1,2,mujoof,,2
IN-M-416K,recruitment_arm_1,,,Kk/Bm/027/24,0,,3,2,0,0,3,2,0,2,0,0,0,0,0,0,0,0,0,0,0,0,2,2,2,2,2,2,2,,0,,0,,,1,2,1,2,2,mujoof,,2
IN-M-417F,recruitment_arm_1,,,not yet obtain ,0,,7,5,0,1,7,5,0,2,0,0,0,0,0,0,0,0,0,0,0,0,2,1,2,2,2,2,2,,0,,0,,,2,2,1,2,2,mujoof,,2
IN-M-418C,recruitment_arm_1,,,not yet obtain ,0,,3,2,0,0,3,2,1,2,0,0,0,0,0,0,0,0,0,0,0,0,2,1,2,2,2,2,2,,0,,0,,,2,2,1,2,2,mujoof,,2
IN-M-419C,recruitment_arm_1,,,not yet obtain ,1,15,3,1,0,1,3,1,0,1,0,0,0,0,1,0,0,0,0,0,0,0,,2,1,2,2,2,2,,0,,0,,,2,2,1,2,2,mujoof,,2
IN-M-420K,recruitment_arm_1,,,No,1,15,0,,,,0,,,2,0,0,0,0,0,0,0,0,0,0,0,0,2,2,2,2,2,2,2,,0,,1,1,1,2,2,,,,mujoof,,2
IN-M-421E,recruitment_arm_1,,,,0,,7,5,0,1,7,5,0,1,0,0,0,0,0,1,0,0,0,0,0,0,,2,2,2,2,2,2,,0,,0,,,1,2,1,2,2,safjarju,,2
IN-M-422K,recruitment_arm_1,,,,0,,1,,,,1,,,2,0,0,0,0,0,0,0,0,0,0,0,0,2,2,2,2,2,2,2,,0,,0,,,2,2,,,,safjarju,,2
IN-M-423K,recruitment_arm_1,,,,0,,2,1,0,0,2,1,0,2,0,0,0,0,0,0,0,0,0,0,0,0,2,2,2,2,2,2,2,,0,,1,1,3,2,2,1,2,2,safjarju,,2
IN-M-424B,recruitment_arm_1,,,Not yet obtain ,1,14,2,0,0,1,2,0,0,2,0,0,0,0,0,0,0,0,0,0,0,0,2,2,1,2,2,2,2,,0,,1,3,1,2,2,2,2,2,mujoof,,2
IN-M-425E,recruitment_arm_1,,,,0,,6,5,0,0,6,5,0,1,0,0,0,0,1,0,0,0,0,0,0,0,,2,2,2,2,2,2,,0,,1,3,1,2,2,1,2,1,safjarju,,2
IN-M-426G,recruitment_arm_1,,,,1,17,3,2,0,0,3,2,0,2,0,0,0,0,0,0,0,0,0,0,0,0,2,2,2,2,2,2,2,,0,,1,3,3,2,2,1,2,2,safjarju,,2
IN-M-427G,recruitment_arm_1,,,,0,,9,7,0,1,9,7,0,2,0,0,0,0,0,0,0,0,0,0,0,0,2,2,2,2,2,2,2,,0,,0,,,2,2,1,2,2,safjarju,,2
IN-M-428C,recruitment_arm_1,,,not yet obtain ,0,,4,3,0,0,4,3,0,1,0,0,0,0,1,0,0,0,0,0,0,0,,2,2,2,2,,2,,0,,0,,,2,2,1,2,2,mujoof,,2
IN-M-429A,recruitment_arm_1,,,,0,,4,3,0,0,4,3,0,2,0,0,0,0,0,0,0,0,0,0,0,0,2,2,2,2,2,2,2,,0,,1,3,1,2,2,1,2,1,safjarju,,2
IN-M-430H,recruitment_arm_1,,,,,,10,7,0,2,10,7,0,1,0,0,0,0,0,1,0,0,0,0,0,0,,2,2,2,2,2,2,,0,,0,,,1,2,1,2,2,safjarju,,2
IN-M-431J,recruitment_arm_1,,,,1,15,6,5,0,0,6,5,0,1,0,0,0,0,1,0,0,0,0,0,0,0,,2,2,2,2,2,2,,0,,0,,,3,3,1,2,2,safjarju,,2
IN-M-432G,recruitment_arm_1,,,not yet obtain ,1,16,2,1,0,0,2,1,0,2,0,0,0,0,0,0,0,0,0,0,0,0,2,2,2,2,2,2,2,,0,,0,,,1,2,1,2,2,mujoof,,2
IN-M-433G,recruitment_arm_1,,,,0,,5,3,1,0,5,4,0,1,0,0,0,0,1,0,0,0,0,0,0,0,,1,2,2,2,2,2,,0,,0,,,1,2,1,1,2,safjarju,,2
IN-M-434E,recruitment_arm_1,,,,0,,6,4,0,1,6,4,0,2,0,0,0,0,0,0,0,0,0,0,0,0,2,2,2,2,2,2,2,,0,,0,,,1,2,1,2,2,safjarju,,2
IN-M-435H,recruitment_arm_1,,,,0,,12,11,0,0,12,11,0,1,0,0,0,0,0,1,0,0,0,0,0,0,,2,2,2,2,2,2,,0,,0,,,1,2,1,2,2,safjarju,,2
IN-M-436A,recruitment_arm_1,,,,0,,5,3,0,1,5,3,0,1,0,0,0,0,0,1,0,0,0,0,0,0,,2,2,2,2,2,2,,0,,0,,,3,3,1,2,2,mujoof,,2
IN-M-437J,recruitment_arm_1,,,not yet obtain ,0,,2,1,0,0,2,1,0,2,0,0,0,0,0,0,0,0,0,0,0,0,2,2,2,2,2,2,2,,0,,0,,,3,2,1,2,2,mujoof,,2
IN-M-438G,recruitment_arm_1,,,,,,,,,,,,,,0,0,0,0,0,0,0,0,0,0,0,0,,,,,,,,,,,,,,,,,,,,,0
IN-M-439F,recruitment_arm_1,,,,1,12,3,2,0,0,3,2,0,2,0,0,0,0,0,0,0,0,0,0,0,0,2,2,2,2,2,2,2,,0,,0,,,1,2,1,2,2,safjarju,,2
IN-M-440F,recruitment_arm_1,,,,0,,7,6,0,0,7,6,0,2,0,0,0,0,0,0,0,0,0,0,0,0,2,2,1,2,2,2,2,,0,,0,,,1,2,1,2,2,safjarju,,2
IN-M-441F,recruitment_arm_1,,,,0,,4,3,0,0,4,3,0,2,0,0,0,0,0,0,0,0,0,0,0,0,2,2,2,2,2,2,2,,0,,0,,,1,2,1,2,2,mujoof,,2
IN-M-442H,recruitment_arm_1,,,,0,,4,2,0,1,4,2,0,2,0,0,0,0,0,0,0,0,0,0,0,0,2,2,2,2,2,2,2,,0,,1,3,1,3,3,1,2,2,safjarju,,2
IN-M-443B,recruitment_arm_1,,,not yet obtain ,1,15,11,8,2,0,11,10,0,1,0,0,0,0,1,0,0,0,0,0,0,0,,2,2,2,2,2,2,,0,,1,1,1,1,2,1,2,2,mujoof,,2
IN-M-444E,recruitment_arm_1,,,,0,,5,4,0,0,5,4,0,2,0,0,0,0,0,0,0,0,0,0,0,0,2,2,2,2,2,2,2,,0,,0,,,2,2,1,2,2,safjarju,,2
IN-M-445G,recruitment_arm_1,,,,,,,,,,,,,,0,0,0,0,0,0,0,0,0,0,0,0,,,,,,,,,,,,,,,,,,,,,0
IN-M-446E,recruitment_arm_1,,,,1,16,3,2,0,0,3,2,0,1,0,0,0,0,0,1,0,0,0,0,0,0,,2,2,2,2,1,2,,1,Taking traditional medicine for seizures. ,0,,,1,2,1,2,2,safjarju,,2
IN-M-447J,recruitment_arm_1,,,,1,15,2,1,0,0,2,1,0,2,0,0,0,0,0,0,0,0,0,0,0,0,2,2,2,2,2,2,2,,0,,0,,,2,2,1,2,2,safjarju,,2
IN-M-448A,recruitment_arm_1,,,,0,,6,2,0,3,6,2,0,,0,0,0,0,0,0,0,0,0,0,0,0,,1,1,2,2,2,2,,0,,0,,,3,2,1,2,2,mujoof,,2
IN-M-449F,recruitment_arm_1,,,KW/37/24,1,17,1,,,,1,,,2,0,0,0,0,0,0,0,0,0,0,0,0,2,2,2,2,2,2,2,,0,,1,3,1,2,2,,,,mujoof,,2
IN-M-450E,recruitment_arm_1,,,JF/001/24,1,15,2,1,0,0,2,1,0,2,0,0,0,0,0,0,0,0,0,0,0,0,2,2,2,2,2,2,2,,0,,0,,,1,2,1,2,2,mujoof,,2
IN-M-451B,recruitment_arm_1,,,not yet obtain ,0,,8,7,0,0,8,7,0,1,0,0,0,0,1,0,0,0,0,0,0,0,,2,2,2,2,2,2,,0,,0,,,1,2,1,1,2,mujoof,,2
IN-M-452K,recruitment_arm_1,,,,1,15,4,3,0,0,4,3,0,2,0,0,0,0,0,0,0,0,0,0,0,0,2,2,2,2,2,2,2,,0,,0,,,2,2,1,2,2,mujoof,,2
IN-M-453D,recruitment_arm_1,,,not yet obtain ,1,14,3,2,0,0,3,2,0,1,0,0,0,0,1,0,0,0,0,0,0,0,,1,2,2,2,2,2,,0,,0,,,1,2,1,1,2,mujoof,,2
IN-M-454C,recruitment_arm_1,,,not yet obtain ,0,,5,4,0,0,5,4,0,2,0,0,0,0,0,0,0,0,0,0,0,0,2,2,2,2,2,2,2,,0,,1,3,1,1,2,1,2,2,mujoof,,2
IN-M-455F,recruitment_arm_1,,,not yet obtain ,0,,2,1,0,0,2,1,0,1,0,0,0,0,0,1,0,0,0,0,0,0,,2,2,2,2,2,2,,0,,0,,,1,2,2,1,2,mujoof,,2
IN-M-456A,recruitment_arm_1,,,,0,,1,,,,1,,,2,0,0,0,0,0,0,0,0,0,0,0,0,2,2,1,2,2,2,2,,0,,0,,,2,2,,,,safjarju,,2
IN-M-457G,recruitment_arm_1,,,not yet obtain ,1,16,7,5,0,1,7,5,0,2,0,0,0,0,0,0,0,0,0,0,0,0,2,2,2,2,2,2,2,,0,,0,,,1,2,1,1,2,mujoof,,2
IN-M-458H,recruitment_arm_1,,,,1,17,6,5,0,0,6,5,0,1,0,0,0,0,0,1,0,0,0,0,0,0,,2,2,2,2,2,1,Said to be Asthmatic and taking medication for it.,0,,0,,,2,2,1,2,2,mujoof,,2
IN-M-459E,recruitment_arm_1,,,not yet obtain ,0,,5,2,1,1,5,3,0,1,0,0,0,0,1,0,0,0,0,0,0,0,,1,2,2,2,2,2,,0,,0,,,1,2,1,2,1,mujoof,,2
IN-M-460E,recruitment_arm_1,,,,1,15,7,5,1,0,7,6,0,1,0,0,0,0,1,0,0,0,0,0,0,0,,2,2,2,2,2,2,,0,,0,,,3,2,1,2,2,safjarju,,2
IN-M-461H,recruitment_arm_1,,,not yet obtain ,1,16,5,3,1,0,5,4,0,1,0,0,0,0,0,1,0,0,0,0,0,0,,1,1,2,2,2,2,,0,,1,3,1,1,2,1,2,2,mujoof,,2
IN-M-462F,recruitment_arm_1,,,,0,,2,0,0,1,2,0,0,2,0,0,0,0,0,0,0,0,0,0,0,0,2,2,2,2,2,2,2,,0,,1,3,1,2,2,2,2,2,safjarju,,2
IN-M-463G,recruitment_arm_1,,,,0,,3,0,2,0,3,2,0,2,0,0,0,0,0,0,0,0,0,0,0,0,2,2,2,2,2,2,2,,0,,0,,,2,2,2,2,2,safjarju,,2
IN-M-464J,recruitment_arm_1,,,,1,14,2,0,0,1,2,0,0,2,0,0,0,0,0,0,0,0,0,0,0,0,2,2,2,2,2,2,2,,0,,0,,,1,2,2,2,2,safjarju,,2
IN-M-465G,recruitment_arm_1,,,not yet obtain ,0,,4,2,0,1,4,2,0,1,0,0,0,0,0,1,0,0,0,0,0,0,,2,2,2,2,2,2,,0,,0,,,3,2,1,2,2,mujoof,,2
IN-M-466E,recruitment_arm_1,,,not yet obtain ,0,,3,2,0,0,3,2,0,2,0,0,0,0,0,0,0,0,0,0,0,0,2,2,2,2,2,2,2,,0,,0,,,1,2,1,2,2,mujoof,,2
IN-M-467H,recruitment_arm_1,,,,0,,4,3,0,0,4,3,0,2,0,0,0,0,0,0,0,0,0,0,0,0,2,2,1,2,2,2,2,,0,,0,,,2,2,1,2,2,safjarju,,2
IN-M-468H,recruitment_arm_1,,,4,0,,4,3,0,0,4,3,0,1,0,0,0,0,1,0,0,0,0,0,0,0,,2,2,2,2,2,2,,0,,0,,,1,2,1,2,2,mujoof,,2
IN-M-469E,recruitment_arm_1,,,,1,14,2,0,0,1,2,0,0,1,0,0,0,0,0,1,0,0,0,0,0,0,,2,2,2,2,1,2,,0,,0,,,2,2,2,2,2,mujoof,,2
IN-M-470A,recruitment_arm_1,,,not yet obtain ,1,15,5,4,0,0,5,4,0,2,0,0,0,0,0,0,0,0,0,0,0,0,1,1,2,2,2,2,2,,1,bendrofluthiazide 5mg daily,0,,,1,2,1,2,2,mujoof,,2
IN-M-471A,recruitment_arm_1,,,,0,,3,2,0,0,3,2,0,1,0,0,0,0,1,0,0,0,0,0,0,0,,2,2,2,2,2,2,,0,,0,,,2,2,1,2,2,safjarju,,2
IN-M-472E,recruitment_arm_1,,,3,0,,4,3,0,1,4,3,0,2,0,0,0,0,0,0,0,0,0,0,0,0,2,2,2,2,2,2,2,,0,,0,,,2,2,1,2,2,mujoof,,2
IN-M-473C,recruitment_arm_1,,,,1,12,4,2,0,1,4,2,0,2,0,0,0,0,0,0,0,0,0,0,0,0,2,2,2,2,2,2,2,,0,,0,,,1,2,1,2,2,mujoof,,2
IN-M-474B,recruitment_arm_1,,,,0,,3,2,0,0,3,2,0,2,0,0,0,0,0,0,0,0,0,0,0,0,2,2,2,2,2,2,2,,0,,0,,,3,3,1,2,2,safjarju,,2
IN-M-475G,recruitment_arm_1,,,,1,14,6,5,0,0,6,5,0,2,0,0,0,0,0,0,0,0,0,0,0,0,2,2,2,2,2,2,2,,0,,1,1,3,1,2,1,2,2,safjarju,,2
IN-M-476N,recruitment_arm_1,,,,0,,9,8,0,0,9,8,0,1,0,0,0,0,1,0,0,0,0,0,0,0,,2,2,2,2,2,2,,0,,1,3,1,1,2,1,2,2,safjarju,,2
IN-M-477F,recruitment_arm_1,,,,0,,6,3,1,1,6,4,1,2,0,0,0,0,0,0,0,0,0,0,0,0,2,2,2,2,2,2,2,,0,,0,,,2,2,1,2,2,safjarju,,2
IN-M-478F,recruitment_arm_1,,,,0,,4,3,0,0,4,3,0,1,0,0,0,0,1,0,0,0,0,0,0,0,,2,2,2,2,2,2,,0,,0,,,1,2,1,2,2,safjarju,,2
IN-M-479F,recruitment_arm_1,,,kk/kj016/2024,1,18,5,3,0,1,5,3,0,2,0,0,0,0,0,0,0,0,0,0,0,0,2,2,2,2,2,2,2,,0,,0,,,2,2,2,2,2,amatjoof,,2
IN-M-480A,recruitment_arm_1,,,,0,,2,1,0,0,2,1,0,2,0,0,0,0,0,0,0,0,0,0,0,0,2,2,2,2,2,2,2,,0,,0,,,2,2,1,2,2,amatjoof,,2
IN-M-481K,recruitment_arm_1,,,,0,,5,3,1,0,5,4,0,2,0,0,0,0,0,0,0,0,0,0,0,0,2,2,2,2,2,2,2,,0,,0,,,1,2,1,2,2,safjarju,,2
IN-M-482E,recruitment_arm_1,,,,1,15,7,5,1,0,7,6,0,2,0,0,0,0,0,0,0,0,0,0,0,0,2,2,2,2,2,2,2,,0,,0,,,1,2,1,2,2,safjarju,,2
IN-M-483S,recruitment_arm_1,,,,0,,3,2,0,0,3,2,0,2,0,0,0,0,0,0,0,0,0,0,0,0,2,2,2,2,2,2,2,,0,,0,,,1,2,1,2,2,safjarju,,2
IN-M-484H,recruitment_arm_1,,,,1,18,8,5,0,2,8,5,0,2,0,0,0,0,0,0,0,0,0,0,0,0,2,2,2,2,2,2,2,,0,,0,,,3,3,1,2,2,safjarju,,2
IN-M-485G,recruitment_arm_1,,,jt/0018/24,0,,8,6,1,0,8,7,0,1,0,0,0,0,1,0,0,0,0,0,0,0,,2,2,2,2,2,2,,1,fefa,1,3,1,2,2,2,2,2,amatjoof,,2
IN-M-486J,recruitment_arm_1,,,,1,12,1,,,,1,,,2,0,0,0,0,0,0,0,0,0,0,0,0,2,2,2,2,2,2,2,,0,,0,,,1,2,,,,amatjoof,,2
IN-M-487A,recruitment_arm_1,,,,1,18,8,6,0,1,8,6,0,2,0,0,0,0,0,0,0,0,0,0,0,0,2,2,2,2,2,2,2,,0,,0,,,2,2,2,2,2,amatjoof,,2
IN-M-488C,recruitment_arm_1,,,,0,,5,4,0,0,5,4,0,1,0,0,0,0,1,0,0,0,0,0,0,0,,2,2,2,2,2,2,,0,,0,,,3,3,2,2,2,amatjoof,,2
IN-M-489D,recruitment_arm_1,,,kaif/021/24,0,,3,1,0,1,3,1,0,2,0,0,0,0,0,0,0,0,0,0,0,0,2,2,2,2,2,2,1,chest Infection,0,,0,,,3,2,2,2,2,amatjoof,,2
IN-M-490E,recruitment_arm_1,,,,0,,3,1,0,1,3,1,0,2,0,0,0,0,0,0,0,0,0,0,0,0,2,2,2,2,2,1,1,could not explain,0,,1,3,1,3,2,2,2,3,amatjoof,,2
IN-M-491D,recruitment_arm_1,,,,1,14,3,1,0,1,3,1,0,2,0,0,0,0,0,0,0,0,0,0,0,0,2,2,2,2,2,2,2,,1,fefa,0,,,1,2,2,2,2,amatjoof,,2
IN-M-492E,recruitment_arm_1,,,,1,13,4,3,0,0,4,3,0,2,0,0,0,0,0,0,0,0,0,0,0,0,2,2,2,2,2,2,2,,0,,0,,,2,2,1,2,2,safjarju,,2
IN-M-493A,recruitment_arm_1,,,,1,16,1,,,,1,,,2,0,0,0,0,0,0,0,0,0,0,0,0,2,2,2,2,2,2,2,,1,pcm and bco,1,1,3,2,2,,,,amatjoof,,2
IN-M-494G,recruitment_arm_1,,,,1,15,8,6,1,0,8,7,0,1,0,0,0,0,0,1,0,0,0,0,0,0,,1,2,2,2,2,2,,0,,1,1,3,1,2,1,2,2,safjarju,,2
IN-M-495J,recruitment_arm_1,,,,1,15,1,,,,1,,,2,0,0,0,0,0,0,0,0,0,0,0,0,2,2,2,2,2,2,2,,0,,0,,,2,2,,,,amatjoof,,2
IN-M-496D,recruitment_arm_1,,,,1,15,4,3,0,0,4,3,0,2,0,0,0,0,0,0,0,0,0,0,0,0,2,2,2,2,2,2,2,,0,,0,,,2,2,1,1,2,safjarju,,2
IN-M-497A,recruitment_arm_1,,,,1,16,1,,,,1,,,2,0,0,0,0,0,0,0,0,0,0,0,0,2,2,2,2,2,2,2,,0,,1,3,1,2,2,,,,safjarju,,2
IN-M-498F,recruitment_arm_1,,,,0,,3,2,0,0,3,2,0,1,0,0,0,0,1,0,0,0,0,0,0,0,,2,2,2,2,2,2,,0,,0,,,1,1,1,1,2,safjarju,,2
IN-M-499J,recruitment_arm_1,,,,1,15,7,5,0,1,7,5,0,2,0,0,0,0,0,0,0,0,0,0,0,0,2,2,2,2,2,2,2,,0,,1,3,1,1,2,1,2,2,safjarju,,2
IN-M-500D,recruitment_arm_1,,,,0,,2,1,0,0,2,1,0,1,0,0,0,0,1,0,0,0,0,0,0,0,,2,2,2,2,2,1,Said to be a sickler and currently on medication. Folic acid daily. ,0,,0,,,2,2,1,2,2,safjarju,,2
IN-M-501E,recruitment_arm_1,,,,0,,3,2,0,0,3,2,0,2,0,0,0,0,0,0,0,0,0,0,0,0,2,2,2,2,2,2,2,,0,,0,,,1,2,3,3,2,amatjoof,,2
IN-M-502C,recruitment_arm_1,,,,0,,5,4,0,0,5,4,0,1,0,0,0,0,0,1,0,0,0,0,0,0,,2,2,2,2,2,2,,0,,0,,,3,2,2,2,2,amatjoof,,2
IN-M-503D,recruitment_arm_1,,,mandina/55/24,1,14,3,1,0,1,3,1,0,1,0,0,0,0,1,0,0,0,0,0,0,0,,2,1,2,2,2,2,,0,,1,1,3,1,2,2,1,2,amatjoof,,2
IN-M-504B,recruitment_arm_1,,,,0,,8,5,0,2,8,5,0,1,0,0,0,0,1,0,0,0,0,0,0,0,,1,2,2,2,2,2,,0,,1,3,1,1,2,2,2,2,amatjoof,,2
IN-M-505A,recruitment_arm_1,,,not yet obtain ,0,,1,,,,1,,,2,0,0,0,0,0,0,0,0,0,0,0,0,2,2,2,2,2,2,2,,0,,1,3,1,2,2,,,,mujoof,,2
IN-M-506F,recruitment_arm_1,,,kw/43/24,1,15,4,3,0,0,4,3,0,2,0,0,0,0,0,0,0,0,0,0,0,0,2,2,2,2,2,2,2,,1,fefa,1,3,1,2,2,2,2,2,amatjoof,,2
IN-M-507F,recruitment_arm_1,,,,1,15,11,9,1,0,11,10,0,2,0,0,0,0,0,0,0,0,0,0,0,0,2,1,2,2,2,2,2,,0,,0,,,2,1,3,3,2,amatjoof,,2
IN-M-508G,recruitment_arm_1,,,,0,,4,3,0,0,4,3,0,1,0,0,0,0,1,0,0,0,0,0,0,0,,2,2,2,2,2,2,,0,magtri,0,,,3,2,2,2,2,amatjoof,,2
IN-M-509F,recruitment_arm_1,,,,0,,4,2,0,1,4,2,0,2,0,0,0,0,0,0,0,0,0,0,0,0,2,1,2,2,2,2,2,,0,,0,,,3,2,2,2,2,amatjoof,,2
IN-M-510E,recruitment_arm_1,,,,1,15,5,4,0,0,5,4,0,2,0,0,0,0,0,0,0,0,0,0,0,0,2,2,2,2,2,2,2,,1,did no know exactly what type but received from Keneba MRC,1,3,1,1,2,2,2,2,amatjoof,,2
IN-M-511F,recruitment_arm_1,,,,1,15,7,6,0,0,7,6,0,1,0,0,0,0,1,0,0,0,0,0,0,0,,2,2,2,2,2,2,,0,,0,,,1,2,2,2,2,amatjoof,,2
IN-M-512G,recruitment_arm_1,,,,1,16,6,4,1,0,6,5,0,2,0,0,0,0,0,0,0,0,0,0,0,0,2,2,2,2,2,2,2,,0,,0,,,1,1,1,1,2,safjarju,,2
IN-M-513A,recruitment_arm_1,,,,1,15,6,5,0,0,6,5,0,2,0,0,0,0,0,0,0,0,0,0,0,0,2,2,2,2,2,2,2,,0,,0,,,2,2,2,2,2,amatjoof,,2
IN-M-514B,recruitment_arm_1,,,sib/23/24,1,18,2,1,0,0,2,1,0,2,0,0,0,0,0,0,0,0,0,0,0,0,2,2,2,2,2,2,2,,1,fefa,0,,,2,2,2,2,2,amatjoof,,2
IN-M-515D,recruitment_arm_1,,,,1,17,9,8,0,0,9,8,0,2,0,0,0,0,0,0,0,0,0,0,0,0,2,2,2,2,2,2,2,,0,,0,,,1,1,2,2,2,amatjoof,,2
IN-M-516E,recruitment_arm_1,,,,1,15,3,2,0,0,3,2,1,2,0,0,0,0,0,0,0,0,0,0,0,0,2,2,2,2,2,2,2,,1,fefa ,0,,,1,2,2,2,2,amatjoof,,2
IN-M-517H,recruitment_arm_1,,,,1,15,6,4,1,0,6,5,0,2,0,0,0,0,0,0,0,0,0,0,0,0,2,2,2,2,2,2,2,,0,,0,,,1,2,2,2,2,amatjoof,,2
IN-M-518H,recruitment_arm_1,,,,1,18,3,2,0,0,3,2,0,1,0,0,0,0,0,1,0,0,0,0,0,0,,2,2,2,2,2,2,,0,,0,,,3,2,1,2,2,amatjoof,,2
IN-M-519J,recruitment_arm_1,,,,1,18,6,5,0,0,6,5,0,2,0,0,0,0,0,0,0,0,0,0,0,0,2,1,2,2,2,2,2,,0,,1,1,1,2,1,3,2,3,amatjoof,,2
IN-M-520B,recruitment_arm_1,,,,1,15,2,1,0,0,2,1,0,1,0,0,0,0,1,0,0,0,0,0,0,0,,2,2,2,2,2,2,,1,fefa,0,,,3,2,2,2,2,amatjoof,,2
IN-M-521K,recruitment_arm_1,,,,1,18,4,3,0,0,4,3,0,1,0,0,0,0,1,0,0,0,0,0,0,0,,2,2,2,2,2,2,,0,,0,,,2,2,2,2,2,amatjoof,,2
IN-M-522A,recruitment_arm_1,,,,0,,4,3,0,0,4,3,0,1,0,0,0,0,1,0,0,0,0,0,0,0,,2,2,2,2,2,2,,0,,0,,,2,2,1,2,2,safjarju,,2
IN-M-523A,recruitment_arm_1,,,,1,16,6,3,0,2,6,3,0,1,0,0,0,0,1,0,0,0,0,0,0,0,,2,2,2,2,2,2,,0,,0,,,2,2,1,2,2,amatjoof,,2
IN-M-524J,recruitment_arm_1,,,,1,14,1,,,,1,,,2,0,0,0,0,0,0,0,0,0,0,0,0,2,2,1,2,2,2,2,,0,,0,,,2,2,,,,safjarju,,2
IN-M-525G,recruitment_arm_1,,,,1,15,3,1,0,1,3,1,0,2,0,0,0,0,0,0,0,0,0,0,0,0,2,2,2,2,2,2,2,,1,cannot tell the type but given to her from a private pharmacy in Soma,1,3,1,2,2,2,2,2,amatjoof,,2
IN-M-526B,recruitment_arm_1,,,,1,18,6,4,0,1,6,4,0,1,0,0,0,0,1,0,0,0,0,0,0,0,,2,2,2,2,2,2,,0,,0,,,2,2,1,2,2,safjarju,,2
IN-M-527F,recruitment_arm_1,,,,1,13,1,,,,1,,,2,0,0,0,0,0,0,0,0,0,0,0,0,2,2,2,2,2,2,2,,0,,1,3,1,2,2,,,,safjarju,,2
IN-M-528J,recruitment_arm_1,,,,1,13,6,2,1,2,6,3,0,2,0,0,0,0,0,0,0,0,0,0,0,0,2,2,2,2,2,2,2,,0,,0,,,1,2,1,2,2,amatjoof,,2
IN-M-529C,recruitment_arm_1,,,,1,15,8,7,0,0,8,7,0,2,0,0,0,0,0,0,0,0,0,0,0,0,2,2,2,2,2,2,2,,0,,0,,,1,2,1,2,2,safjarju,,2
IN-M-530F,recruitment_arm_1,,,,1,18,3,0,0,0,3,0,0,2,0,0,0,0,0,0,0,0,0,0,0,0,2,2,1,2,2,2,2,,0,,1,3,1,1,2,1,2,2,safjarju,,2
IN-M-531E,recruitment_arm_1,,,,1,11,2,1,0,0,2,1,1,2,0,0,0,0,0,0,0,0,0,0,0,0,2,2,2,2,2,2,2,,0,,0,,,2,2,1,2,2,amatjoof,,2
IN-M-532F,recruitment_arm_1,,,,1,17,2,1,0,0,2,1,0,2,0,0,0,0,0,0,0,0,0,0,0,0,2,2,1,2,2,2,2,,0,,1,3,1,2,2,1,2,2,mujoof,,2
IN-M-533E,recruitment_arm_1,,,not yet obtain ,1,16,6,4,1,0,6,5,0,1,0,0,0,0,1,0,0,0,0,0,0,0,,2,2,2,2,2,2,,0,,0,,,1,2,1,1,2,mujoof,,2
IN-M-534J,recruitment_arm_1,,,,1,14,2,1,0,0,2,1,0,2,0,0,0,0,0,0,0,0,0,0,0,0,2,2,1,2,2,2,2,,1,fefa,1,3,1,2,2,2,2,2,amatjoof,,2
IN-M-535A,recruitment_arm_1,,,,0,,5,4,0,0,5,4,0,2,0,0,0,0,0,0,0,0,0,0,0,0,2,1,2,2,2,2,2,,0,,0,,,3,3,2,2,2,amatjoof,,2
IN-M-536D,recruitment_arm_1,,,,1,15,6,4,0,1,6,4,0,2,0,0,0,0,0,0,0,0,0,0,0,0,2,2,2,2,2,2,2,,0,,0,,,1,2,1,2,2,amatjoof,,2
IN-M-537A,recruitment_arm_1,,,not yet obtain ,1,15,6,4,0,1,6,4,0,1,0,0,0,0,1,0,0,0,0,0,0,0,,2,2,2,2,2,2,,0,,1,3,1,1,2,1,2,2,mujoof,,2
IN-M-538R,recruitment_arm_1,,,,1,15,3,2,0,0,3,2,0,2,0,0,0,0,0,0,0,0,0,0,0,0,2,2,2,2,2,2,2,,0,,0,,,2,2,2,2,2,amatjoof,,2
IN-M-539F,recruitment_arm_1,,,,0,,7,6,0,0,7,6,0,2,0,0,0,0,0,0,0,0,0,0,0,0,2,2,2,2,2,2,2,,0,,0,,,2,1,1,2,2,amatjoof,,2
IN-M-540Q,recruitment_arm_1,,,,0,,1,,,,1,,,2,0,0,0,0,0,0,0,0,0,0,0,0,2,2,2,2,2,2,2,,0,,0,,,2,2,,,,safjarju,,2
IN-M-541A,recruitment_arm_1,,,,0,,4,3,0,0,4,3,1,1,0,0,0,0,0,0,0,1,0,0,0,0,,2,2,2,2,2,2,,0,,0,,,2,2,1,2,2,sbeyai,,2
IN-M-542D,recruitment_arm_1,,,,1,18,7,6,0,0,7,6,0,2,0,0,0,0,0,0,0,0,0,0,0,0,2,2,2,2,2,2,2,,0,,0,,,3,2,2,2,1,sbeyai,,2
IN-M-543C,recruitment_arm_1,,,not yet ,0,,3,2,0,0,3,2,0,1,0,0,0,0,0,1,0,0,0,0,0,0,,2,2,2,2,2,2,,0,,0,,,3,2,1,2,2,mujoof,,2
IN-M-544H,recruitment_arm_1,,,,1,147,7,6,0,0,7,6,0,2,0,0,0,0,0,0,0,0,0,0,0,0,2,2,2,2,2,2,2,,0,,0,,,1,2,2,2,2,sbeyai,,2
IN-M-545G,recruitment_arm_1,,,not,0,,3,2,0,0,3,2,0,2,0,0,0,0,0,0,0,0,0,0,0,0,2,2,2,2,2,2,2,,0,,0,,,1,2,1,2,2,mujoof,,2
IN-M-546H,recruitment_arm_1,,,MN/24/24,0,,2,0,0,1,2,0,0,2,0,0,0,0,0,0,0,0,0,0,0,0,2,2,2,2,2,2,2,,0,,0,,,1,2,2,2,2,amatjoof,,2
IN-M-547E,recruitment_arm_1,,,,1,16,2,1,0,0,2,1,1,2,0,0,0,0,0,0,0,0,0,0,0,0,2,2,2,2,2,2,2,,0,,1,3,1,2,2,1,2,2,amatjoof,,2
IN-M-548A,recruitment_arm_1,,,,1,16,2,1,0,0,2,1,0,2,0,0,0,0,0,0,0,0,0,0,0,0,2,2,2,2,2,2,2,,0,,0,,,2,2,2,2,2,amatjoof,,2
IN-M-549T,recruitment_arm_1,,,nm/19/24,1,18,7,6,0,0,7,6,0,2,0,0,0,0,0,0,0,0,0,0,0,0,2,2,2,2,2,2,2,,0,,0,,,1,2,2,2,2,safjarju,,2
IN-M-550J,recruitment_arm_1,,,,0,,2,1,0,0,2,1,0,2,0,0,0,0,0,0,0,0,0,0,0,0,2,2,2,2,2,1,2,,0,,0,,,3,3,1,2,2,safjarju,,2
IN-M-551K,recruitment_arm_1,,,,1,14,2,1,0,0,2,1,0,2,0,0,0,0,0,0,0,0,0,0,0,0,2,2,2,2,2,2,2,,0,,0,,,1,2,2,2,2,safjarju,,2
IN-M-552E,recruitment_arm_1,,,sk/004/24,1,13,5,4,0,0,5,4,0,1,0,0,0,0,0,1,0,0,0,0,0,0,,2,2,2,2,2,2,,0,,0,,,1,2,2,2,2,amatjoof,,2
IN-M-553D,recruitment_arm_1,,,kk/Tk/026,0,,3,2,0,0,3,2,0,1,0,0,0,0,0,1,0,0,0,0,0,0,,2,2,2,2,2,2,,0,,0,,,3,2,1,2,2,mujoof,,2
IN-M-554A,recruitment_arm_1,,,not yet,0,,3,1,0,1,3,1,0,2,0,0,0,0,0,0,0,0,0,0,0,0,2,1,2,2,2,2,2,,0,,1,1,1,1,2,1,2,2,amatjoof,,2
IN-M-555A,recruitment_arm_1,,,,0,,6,4,0,0,6,4,0,2,0,0,0,0,0,0,0,0,0,0,0,0,2,2,2,2,2,2,2,,0,,1,3,1,1,2,3,2,2,amatjoof,,2
IN-M-556P,recruitment_arm_1,,,kw/60/24,0,,6,5,0,0,6,5,0,2,0,0,0,0,0,0,0,0,0,0,0,0,2,2,2,2,2,2,1,toothache ,1,fefa,1,3,1,3,2,3,2,2,amatjoof,,2
IN-M-557F,recruitment_arm_1,,,,0,,6,0,0,1,6,0,0,2,0,0,0,0,0,0,0,0,0,0,0,0,2,2,2,2,2,2,2,,0,,0,,,3,1,2,2,2,amatjoof,,2
IN-M-558A,recruitment_arm_1,,,,1,18,2,1,0,0,2,1,0,1,0,0,0,0,1,0,0,0,0,0,0,0,,2,2,2,2,2,2,,0,,0,,,2,2,2,2,2,amatjoof,,2
IN-M-559E,recruitment_arm_1,,,,1,14,8,7,0,1,8,7,0,2,0,0,0,0,0,0,0,0,0,0,0,0,2,2,2,2,2,2,2,,1,fefa,0,,,1,1,2,2,1,amatjoof,,2
IN-M-560K,recruitment_arm_1,,,,1,18,5,4,0,0,5,4,0,1,0,0,0,0,0,1,0,0,0,0,0,0,,2,2,2,2,2,2,,0,,0,,,1,1,2,2,2,amatjoof,,2
IN-M-561G,recruitment_arm_1,,,,1,15,2,1,0,0,2,1,1,1,0,0,0,0,0,1,0,0,0,0,0,0,,2,2,2,2,2,2,,0,,0,,,2,2,2,2,2,amatjoof,,2
IN-M-562J,recruitment_arm_1,,,,1,15,3,2,0,0,3,2,0,2,0,0,0,0,0,0,0,0,0,0,0,0,2,2,2,2,2,2,2,,0,,1,3,1,2,2,2,2,2,amatjoof,,2
IN-M-563B,recruitment_arm_1,,,,0,,2,0,0,1,2,0,0,2,0,0,0,0,0,0,0,0,0,0,0,0,2,2,2,2,2,2,2,,0,,0,,,2,2,2,2,2,amatjoof,,2
IN-M-564G,recruitment_arm_1,,,,0,,2,1,0,0,2,1,0,2,0,0,0,0,0,0,0,0,0,0,0,0,2,2,1,2,2,2,2,,0,,1,3,1,1,2,2,2,2,amatjoof,,2
IN-M-565F,recruitment_arm_1,,,,1,13,2,1,0,0,2,1,0,2,0,0,0,0,0,0,0,0,0,0,0,0,2,2,2,2,2,2,2,,0,,0,,,2,2,2,2,2,amatjoof,,2
IN-M-566K,recruitment_arm_1,,,,1,15,6,4,0,1,6,4,0,1,0,0,0,0,0,1,0,0,0,0,0,0,,2,2,2,2,2,2,,0,,0,,,1,2,2,2,2,amatjoof,,2
IN-M-567C,recruitment_arm_1,,,,1,13,7,6,0,0,7,6,0,2,0,0,0,0,0,0,0,0,0,0,0,0,2,2,2,2,2,2,2,,0,,0,,,2,2,2,2,2,amatjoof,,2
IN-M-568A,recruitment_arm_1,,,not yet ,0,,6,5,0,0,6,5,0,1,0,0,0,0,1,0,0,0,0,0,0,0,,2,2,2,2,2,2,,0,,1,1,1,3,2,1,2,1,mujoof,,2
IN-M-569D,recruitment_arm_1,,,not yet ,1,15,7,6,0,0,7,6,0,1,0,0,0,0,0,1,0,0,0,0,0,0,,1,2,2,2,2,2,,0,,1,3,1,2,2,1,1,2,mujoof,,2
IN-M-570H,recruitment_arm_1,,,,0,,5,4,0,0,5,4,0,1,0,0,0,0,1,0,0,0,0,0,0,0,,2,2,2,2,2,2,,1,fefa,0,,,3,2,3,3,2,amatjoof,,2
IN-M-571D,recruitment_arm_1,,,,1,15,4,1,0,2,4,1,0,2,0,0,0,0,0,0,0,0,0,0,0,0,2,2,2,2,2,2,2,,1,fefa,1,1,1,3,3,2,2,2,amatjoof,,2
IN-M-572F,recruitment_arm_1,,,,0,,4,2,0,1,4,2,0,2,0,0,0,0,0,0,0,0,0,0,0,0,2,2,2,2,2,2,2,,0,,0,,,3,2,2,2,2,amatjoof,,2
IN-M-573H,recruitment_arm_1,,,,1,13,6,4,0,0,6,4,0,1,0,0,0,0,0,1,0,0,0,0,0,0,,2,2,2,2,2,2,,1,fefa,0,,,1,2,2,2,2,amatjoof,,2
IN-M-574K,recruitment_arm_1,,,,0,,3,2,0,0,3,2,0,2,0,0,0,0,0,0,0,0,0,0,0,0,2,2,2,2,2,1,2,,0,,1,1,1,1,2,2,2,2,amatjoof,,2
IN-M-575J,recruitment_arm_1,,,,1,14,3,1,0,1,3,1,0,1,0,0,0,0,1,0,0,0,0,0,0,0,,2,2,2,2,2,2,,0,,0,,,1,2,2,2,2,amatjoof,,2
IN-M-576G,recruitment_arm_1,,,,0,,3,2,0,0,3,2,0,2,0,0,0,0,0,0,0,0,0,0,0,0,2,2,2,2,2,2,2,,0,,0,,,2,2,2,2,2,amatjoof,,2
IN-M-577D,recruitment_arm_1,,,,0,,3,2,0,0,3,2,0,2,0,0,0,0,0,0,0,0,0,0,0,0,2,1,2,2,2,2,2,,0,,0,,,3,2,1,2,2,amatjoof,,2
IN-M-578G,recruitment_arm_1,,,,1,17,7,6,0,0,7,6,0,2,0,0,0,0,0,0,0,0,0,0,0,0,2,1,2,2,2,2,2,,0,,0,,,2,1,2,2,1,amatjoof,,2
IN-M-579A,recruitment_arm_1,,,,0,,5,4,0,0,5,4,0,1,0,0,0,0,0,1,0,0,0,0,0,0,,2,2,2,2,2,2,,0,,0,,,3,2,2,2,2,amatjoof,,2
IN-M-580A,recruitment_arm_1,,,,1,13,5,3,0,1,5,3,0,1,0,0,0,0,1,0,0,0,0,0,0,0,,2,2,2,2,2,2,,0,,0,,,1,2,2,2,2,amatjoof,,2
IN-M-581A,recruitment_arm_1,,,,1,15,6,5,0,0,6,5,0,2,0,0,0,0,0,0,0,0,0,0,0,0,2,2,2,2,2,2,2,,0,,0,,,3,2,2,2,2,amatjoof,,2
IN-M-582H,recruitment_arm_1,,,,1,16,1,,,,1,,,2,0,0,0,0,0,0,0,0,0,0,0,0,2,1,2,2,2,1,1,quarried epilepsy ,1,local treatment for the seizures she encounter,0,,,1,2,,,,amatjoof,,2
IN-M-583B,recruitment_arm_1,,,,0,,1,,,,1,,,2,0,0,0,0,0,0,0,0,0,0,0,0,2,2,,2,2,2,2,,0,,0,,,1,2,,,,mujoof,,2
IN-M-584K,recruitment_arm_1,,,,0,,5,4,0,0,5,4,0,2,0,0,0,0,0,0,0,0,0,0,0,0,2,2,2,2,2,2,2,,0,,0,,,2,2,1,1,2,mujoof,,2
IN-M-585A,recruitment_arm_1,,,,0,,1,,,,1,,,2,0,0,0,0,0,0,0,0,0,0,0,0,2,2,2,2,2,2,2,,0,,0,,,2,2,,,,mujoof,,2
IN-M-586C,recruitment_arm_1,,,,1,15,3,2,0,0,3,2,0,2,0,0,0,0,0,0,0,0,0,0,0,0,2,1,2,2,2,2,2,,0,,1,3,2,2,2,1,2,2,mujoof,,2
IN-M-587B,recruitment_arm_1,,,wk/23/24,0,,6,4,0,1,6,4,0,1,0,0,0,0,1,0,0,0,0,0,0,0,,2,2,2,2,2,2,,1,fefa,1,3,1,3,2,3,3,2,amatjoof,,2
IN-M-588C,recruitment_arm_1,,,,0,,2,1,0,0,2,1,0,1,0,0,0,0,0,1,0,0,0,0,0,0,,2,2,2,2,2,2,,0,,0,,,1,2,2,2,2,amatjoof,,2
IN-M-589B,recruitment_arm_1,,,,1,15,2,0,0,0,2,0,0,2,0,0,0,0,0,0,0,0,0,0,0,0,2,2,2,,2,2,2,,0,,0,,,2,2,1,2,2,mujoof,,2
IN-M-590D,recruitment_arm_1,,,,1,15,3,2,0,0,3,2,0,2,0,0,0,0,0,0,0,0,0,0,0,0,2,2,2,2,2,2,2,,0,,0,,,1,2,2,2,2,amatjoof,,2
IN-M-591K,recruitment_arm_1,,,kw/53/24,0,,6,4,1,0,6,5,1,1,0,0,0,0,1,0,0,0,0,0,0,0,,2,2,2,2,1,2,,1,gefa,0,,,3,2,3,3,2,amatjoof,,2
IN-M-592K,recruitment_arm_1,,,,0,,4,3,0,0,4,3,0,2,0,0,0,0,0,0,0,0,0,0,0,0,2,2,2,2,2,2,2,,0,,0,,,2,2,1,2,2,mujoof,,2
IN-M-593B,recruitment_arm_1,,,kan:061/24,1,16,5,4,0,0,5,4,0,2,0,0,0,0,0,0,0,0,0,0,0,0,2,2,2,2,2,2,2,,0,,1,3,1,2,2,1,2,2,mujoof,,2
IN-M-594J,recruitment_arm_1,,,not yet ,1,14,6,5,0,0,6,5,0,1,0,0,0,0,1,0,0,0,0,0,0,0,,1,2,2,2,2,2,,0,,0,,,2,2,1,2,2,mujoof,,2
IN-M-595E,recruitment_arm_1,,,not yet ,0,,5,2,0,2,5,2,0,2,0,0,0,0,0,0,0,0,0,0,0,0,2,2,1,2,2,2,2,,0,,0,,,3,2,1,2,1,mujoof,,2
IN-M-596G,recruitment_arm_1,,,not yet ,0,,2,1,0,0,2,1,1,1,0,0,0,0,0,1,0,0,0,0,0,0,1,2,2,2,2,2,2,,0,,0,,,1,2,1,2,2,mujoof,,2
IN-M-597E,recruitment_arm_1,,,not yet ,1,15,5,4,0,0,5,4,0,1,0,0,0,0,0,1,0,0,0,0,0,0,,1,2,2,2,2,2,,0,,1,3,1,2,2,1,1,1,mujoof,,2
IN-M-598J,recruitment_arm_1,,,not yet ,0,,6,5,0,0,6,5,0,2,0,0,0,0,0,0,0,0,0,0,0,0,2,2,2,2,2,2,2,,0,,0,,,1,2,1,2,2,mujoof,,2
IN-M-599H,recruitment_arm_1,,,not yet ,1,15,2,1,0,0,2,1,0,2,0,0,0,0,0,0,0,0,0,0,0,0,2,2,1,2,2,2,2,,0,,0,,,2,2,1,2,2,mujoof,,2
IN-M-600J,recruitment_arm_1,,,not yet ,0,,5,4,0,0,5,4,0,2,0,0,0,0,0,0,0,0,0,0,0,0,2,2,2,2,2,2,2,,0,,0,,,3,2,1,1,1,mujoof,,2
IN-M-601B,recruitment_arm_1,,,,1,15,4,3,0,0,4,3,0,2,0,0,0,0,0,0,0,0,0,0,0,0,2,2,2,2,2,2,2,,0,,0,,,1,2,2,2,2,amatjoof,,2
IN-M-602K,recruitment_arm_1,,,JHC/005/24,1,15,6,5,0,0,6,5,0,1,0,0,0,0,0,1,0,0,0,0,0,0,,2,2,2,2,2,2,,0,,1,3,1,1,2,1,1,1,mujoof,,2
IN-M-603C,recruitment_arm_1,,,not yet ,1,15,4,2,1,0,4,3,0,2,0,0,0,0,0,0,0,0,0,0,0,0,2,2,2,2,2,1,2,,0,,0,,,2,2,1,2,2,mujoof,,2
IN-M-604C,recruitment_arm_1,,,kk/Bm/044/24,0,,4,3,0,0,4,3,0,2,0,0,0,0,0,0,0,0,0,0,0,0,2,1,2,2,2,2,2,,0,,0,,,3,2,1,2,2,mujoof,,2
IN-M-605F,recruitment_arm_1,,,sos/5008/24,0,,5,4,0,0,5,4,0,2,0,0,0,0,0,0,0,0,0,0,0,0,2,2,1,2,2,2,2,,0,,1,3,1,1,2,1,2,2,mujoof,,2
IN-M-606H,recruitment_arm_1,,,,0,,7,6,0,0,7,6,0,1,0,0,0,0,0,1,0,0,0,0,0,0,,1,2,2,2,2,1,antihypertensive drugs but did not know the name of the drug,0,,1,3,1,1,2,2,2,2,amatjoof,,2
IN-M-607A,recruitment_arm_1,,,,0,,4,2,0,1,4,2,0,2,0,0,0,0,0,0,0,0,0,0,0,0,2,2,2,2,2,2,2,,0,,0,,,2,2,3,2,2,amatjoof,,2
IN-M-608C,recruitment_arm_1,,,,1,18,6,3,2,0,6,5,0,2,0,0,0,0,0,0,0,0,0,0,0,0,2,2,2,2,2,2,2,,0,,0,,,1,2,2,2,2,amatjoof,,2
IN-M-609S,recruitment_arm_1,,,not yet ,1,16,2,1,0,0,2,1,0,2,0,0,0,0,0,0,0,0,0,0,0,0,2,2,2,2,2,2,2,,0,,0,,,1,2,1,2,2,mujoof,,2
IN-M-610B,recruitment_arm_1,,,kk/kg/025/24,1,15,2,1,0,0,2,1,0,1,0,0,0,0,1,0,0,0,0,0,0,0,,1,2,2,2,2,2,,1,fefa,0,,,1,2,2,2,2,amatjoof,,2
IN-M-611C,recruitment_arm_1,,,,0,,7,6,0,0,7,6,0,1,0,0,0,0,0,1,0,0,0,0,0,0,,2,2,2,2,2,2,,0,,1,1,1,3,2,2,2,2,amatjoof,,2
IN-M-612J,recruitment_arm_1,,,,0,,4,2,0,2,4,2,0,1,0,0,0,0,1,0,0,0,0,0,0,0,,2,2,2,2,2,2,,0,,1,3,1,1,2,2,2,2,amatjoof,,2
IN-M-613J,recruitment_arm_1,,,,1,17,5,4,0,0,5,4,1,2,0,0,0,0,0,0,0,0,0,0,0,0,2,2,1,2,2,2,2,,0,,0,,,2,2,2,2,2,amatjoof,,2
IN-M-614H,recruitment_arm_1,,,,1,16,5,4,0,0,5,4,0,2,0,0,0,0,0,0,0,0,0,0,0,0,2,1,2,2,2,2,2,,0,,1,3,1,1,2,2,2,2,amatjoof,,2
IN-M-615B,recruitment_arm_1,,,,1,13,5,3,0,1,5,3,0,2,0,0,0,0,0,0,0,0,0,0,0,0,1,2,2,2,2,2,2,,0,,0,,,1,2,2,2,2,amatjoof,,2
IN-M-616D,recruitment_arm_1,,,,0,,7,5,0,1,7,5,0,1,0,0,0,0,0,1,0,0,0,0,0,0,,2,2,2,2,2,2,,0,,1,1,1,1,2,2,2,2,amatjoof,,2
IN-M-617G,recruitment_arm_1,,,,1,15,7,6,0,1,7,6,0,2,0,0,0,0,0,0,0,0,0,0,0,0,2,2,2,2,2,2,2,,0,,0,,,1,2,2,2,2,amatjoof,,2
IN-M-618A,recruitment_arm_1,,,kk/kg/029/24,0,,5,4,0,0,5,4,0,2,0,0,0,0,0,0,0,0,0,0,0,0,2,2,2,2,2,2,2,,1,fefa,0,,,3,2,2,2,2,amatjoof,,2
IN-M-619F,recruitment_arm_1,,,,0,,4,3,0,0,4,3,1,1,0,0,0,0,1,0,0,0,0,0,0,0,,2,2,2,2,2,2,,0,,1,3,1,1,2,2,2,2,amatjoof,,2
IN-M-620A,recruitment_arm_1,,,,1,15,8,7,0,0,8,7,0,1,0,0,0,0,0,0,0,0,0,0,0,0,,2,2,2,2,2,2,,0,,0,,,1,2,2,2,2,amatjoof,,2
IN-M-621F,recruitment_arm_1,,,,1,15,5,4,0,0,5,4,0,1,0,0,0,0,1,0,0,0,0,0,0,0,,2,2,2,2,2,2,,0,,0,,,1,2,2,2,2,amatjoof,,2
IN-M-622E,recruitment_arm_1,,,,1,18,4,3,0,0,4,3,0,2,0,0,0,0,0,0,0,0,0,0,0,0,2,2,2,2,2,2,2,,0,,0,,,1,2,2,2,2,amatjoof,,2
IN-M-623G,recruitment_arm_1,,,,1,15,6,5,0,0,6,5,0,2,0,0,0,0,0,0,0,0,0,0,0,0,2,2,2,2,2,2,2,,0,,0,,,1,2,2,2,2,amatjoof,,2
IN-M-624D,recruitment_arm_1,,,,0,,6,4,0,1,6,4,0,2,0,0,0,0,0,0,0,0,0,0,0,0,2,2,2,2,2,1,2,,0,,0,,,3,2,2,2,2,amatjoof,,2
IN-M-625A,recruitment_arm_1,,,,1,15,4,3,0,0,4,3,0,2,0,0,0,0,0,0,0,0,0,0,0,0,2,2,2,2,2,2,2,,0,,0,,,1,2,2,2,2,amatjoof,,2
IN-M-626B,recruitment_arm_1,,,,1,17,3,2,0,0,3,2,0,2,0,0,0,0,0,0,0,0,0,0,0,0,2,2,2,2,2,2,2,,0,,0,,,1,2,2,2,2,amatjoof,,2
IN-M-627C,recruitment_arm_1,,,,1,13,4,3,0,0,4,3,0,1,0,0,0,0,0,1,0,0,0,0,0,0,,2,2,2,2,2,2,,0,,1,1,3,1,2,2,2,2,amatjoof,,2
IN-M-628G,recruitment_arm_1,,,,0,,6,4,0,1,6,4,0,2,0,0,0,0,0,0,0,0,0,0,0,0,2,2,1,2,2,2,2,,1,fefa,0,,,3,2,2,2,2,amatjoof,,2
IN-M-629A,recruitment_arm_1,,,,1,15,4,2,0,1,4,2,1,2,0,0,0,0,0,0,0,0,0,0,0,0,2,2,1,2,2,2,2,,0,,1,3,1,1,2,2,2,2,amatjoof,,2
IN-M-630A,recruitment_arm_1,,,,0,,3,2,0,0,3,2,0,2,0,0,0,0,0,0,0,0,0,0,0,0,2,2,2,2,2,2,2,,1,fefa,1,3,1,1,2,2,2,2,amatjoof,,2
IN-M-631A,recruitment_arm_1,,,,0,,2,0,1,0,2,1,0,2,0,0,0,0,0,0,0,0,0,0,0,0,2,2,2,2,2,2,2,,0,,0,,,2,2,2,1,2,amatjoof,,2
IN-M-632J,recruitment_arm_1,,,,1,13,1,,,,1,,,2,0,0,0,0,0,0,0,0,0,0,0,0,2,2,2,2,2,2,2,,0,,0,,,1,2,,,,amatjoof,,2
IN-M-633H,recruitment_arm_1,,,1,0,,1,,,,1,,,2,0,0,0,0,0,0,0,0,0,0,0,0,2,1,2,2,2,2,2,,0,,0,,,2,2,,,,sbeyai,,2
IN-M-634H,recruitment_arm_1,,,,1,15,8,5,1,1,8,6,0,1,0,0,0,0,1,0,0,0,0,0,0,0,,2,2,2,2,2,2,,1,"amox, m/v and folic acid",0,,,3,2,2,2,2,amatjoof,,2
IN-M-635G,recruitment_arm_1,,,,,,,,,,,,,,0,0,0,0,0,0,0,0,0,0,0,0,,,,,,,,,,,,,,,,,,,,,0
IN-M-636J,recruitment_arm_1,,,kk/kj/019/24,1,15,6,4,0,1,6,4,0,2,0,0,0,0,0,0,0,0,0,0,0,0,2,2,2,2,2,2,2,,1,fefa,0,,,2,2,2,2,2,amatjoof,,2
IN-M-637J,recruitment_arm_1,,,,0,,5,4,0,0,5,4,0,2,0,0,0,0,0,0,0,0,0,0,0,0,2,2,2,2,2,2,2,,1,fefa,,,,3,2,3,3,2,amatjoof,,2
IN-M-638H,recruitment_arm_1,,,,1,15,1,,,,1,,,2,0,0,0,0,0,0,0,0,0,0,0,0,2,2,2,2,2,2,1,asthma ,0,,1,3,1,2,2,,,,amatjoof,,2
IN-M-639G,recruitment_arm_1,,,,1,14,4,2,0,1,4,2,0,1,0,0,0,0,1,0,0,0,0,0,0,0,,2,2,2,2,2,2,,0,,1,3,1,1,2,2,2,2,amatjoof,,2
IN-M-640E,recruitment_arm_1,,,,0,,6,5,0,0,6,5,0,1,0,0,0,0,1,0,0,0,0,0,0,0,,2,2,2,2,2,2,,0,,0,,,3,3,2,2,2,amatjoof,,2
IN-M-641B,recruitment_arm_1,,,,0,,4,3,0,0,4,3,0,2,0,0,0,0,0,0,0,0,0,0,0,0,2,1,2,2,2,1,2,,0,,0,,,3,2,2,2,2,amatjoof,,2
IN-M-642N,recruitment_arm_1,,,,0,,6,5,0,0,6,5,0,2,0,0,0,0,0,0,0,0,0,0,0,0,2,2,2,2,2,2,2,,0,,0,,,1,2,3,3,3,amatjoof,,2
IN-M-643G,recruitment_arm_1,,,,0,,2,1,0,0,2,1,0,1,0,0,0,0,0,1,0,0,0,0,0,0,,2,2,2,2,2,2,,1,fefa and amox,0,,,3,2,2,1,2,amatjoof,,2
IN-M-644K,recruitment_arm_1,,,,1,15,4,3,0,0,4,3,0,1,0,0,0,0,0,1,0,0,0,0,0,0,,2,2,2,2,2,2,,0,,0,,,1,2,2,2,2,amatjoof,,2
IN-M-645K,recruitment_arm_1,,,,1,12,2,1,0,0,2,1,0,2,0,0,0,0,0,0,0,0,0,0,0,0,2,2,2,2,2,2,2,,0,,0,,,1,2,1,2,2,safjarju,,2
IN-M-646F,recruitment_arm_1,,,,1,17,8,8,0,0,8,8,0,1,0,0,0,0,1,0,0,0,0,0,0,0,,2,2,2,2,2,2,,0,,0,,,2,2,2,2,1,amatjoof,,2
IN-M-647G,recruitment_arm_1,,,,1,15,2,1,0,0,2,1,0,2,0,0,0,0,0,0,0,0,0,0,0,0,2,2,2,2,2,2,2,,0,,0,,,2,2,3,3,2,amatjoof,,2
IN-M-648G,recruitment_arm_1,,,,,,,,,,,,,,0,0,0,0,0,0,0,0,0,0,0,0,,,,,,,,,,,,,,,,,,,,,0
IN-M-649K,recruitment_arm_1,,,,,,,,,,,,,,0,0,0,0,0,0,0,0,0,0,0,0,,,,,,,,,,,,,,,,,,,,,0
IN-M-650E,recruitment_arm_1,,,,,,,,,,,,,,0,0,0,0,0,0,0,0,0,0,0,0,,,,,,,,,,,,,,,,,,,,,0
