con_participantid_q1,redcap_event_name,redcap_repeat_instrument,redcap_repeat_instance,ran_date,ran_time,rnd_arm,rnd_completeby,rnd_verifyby,randomization_complete
IN-M-001E,week_20_arm_1,,,2023-06-08,23:25,8,ojarjou,48,2
IN-M-002H,week_20_arm_1,,,2023-05-24,23:03,13,ojarjou,48,2
IN-M-003A,week_20_arm_1,,,,,,,,0
IN-M-004F,week_20_arm_1,,,2023-05-24,23:07,7,ojarjou,48,2
IN-M-005J,week_20_arm_1,,,2023-05-15,22:08,1,ojarjou,6,2
IN-M-007A,week_20_arm_1,,,2023-06-05,22:39,3,ojarjou,48,2
IN-M-008D,week_20_arm_1,,,,,,,,0
IN-M-009K,week_20_arm_1,,,2023-05-10,20:06,10,ojarjou,48,2
IN-M-011C,week_20_arm_1,,,2023-05-22,23:15,5,ojarjou,6,2
IN-M-012B,week_20_arm_1,,,2023-06-01,23:59,13,ojarjou,48,2
IN-M-013D,week_20_arm_1,,,2023-06-01,23:59,15,ojarjou,6,2
IN-M-014D,week_20_arm_1,,,2023-06-15,23:24,5,ojarjou,48,2
IN-M-016F,week_20_arm_1,,,2023-05-10,20:11,12,ojarjou,6,2
IN-M-018C,week_20_arm_1,,,2023-05-05,18:32,1,ojarjou,48,2
IN-M-019C,week_20_arm_1,,,,,,,,0
IN-M-020G,week_20_arm_1,,,2023-05-22,23:09,3,ojarjou,6,2
IN-M-021K,week_20_arm_1,,,2023-05-10,20:19,11,ojarjou,6,2
IN-M-022E,week_20_arm_1,,,2023-07-05,10:07,1,ojarjou,48,2
IN-M-023A,week_20_arm_1,,,2023-07-03,23:54,8,ojarjou,48,2
IN-M-024D,week_20_arm_1,,,,,,,,0
IN-M-025G,week_20_arm_1,,,2023-06-05,22:49,11,ojarjou,48,2
IN-M-026F,week_20_arm_1,,,2023-06-19,21:54,10,ojarjou,48,2
IN-M-027E,week_20_arm_1,,,2023-05-15,22:18,14,ojarjou,6,2
IN-M-028G,week_20_arm_1,,,2023-06-01,23:56,9,ojarjou,48,2
IN-M-029D,week_20_arm_1,,,2023-07-17,19:02,9,rsecka,6,2
IN-M-030C,week_20_arm_1,,,2023-07-06,20:09,12,rsecka,5,2
IN-M-031D,week_20_arm_1,,,2023-06-08,23:23,4,ojarjou,48,2
IN-M-033K,week_20_arm_1,,,2023-06-19,22:01,7,ojarjou,6,2
IN-M-036E,week_20_arm_1,,,,,,,,0
IN-M-037H,week_20_arm_1,,,2023-06-06,15:51,6,rsecka,5,2
IN-M-038A,week_20_arm_1,,,2023-06-05,17:30,12,ojarjou,48,2
IN-M-040F,week_20_arm_1,,,2023-07-27,17:57,4,ojarjou,48,2
IN-M-041B,week_20_arm_1,,,2023-08-01,08:30,8,rsecka,5,2
IN-M-042F,week_20_arm_1,,,2023-07-27,17:55,12,ojarjou,48,2
IN-M-043H,week_20_arm_1,,,2023-07-17,19:08,14,rsecka,6,2
IN-M-045B,week_20_arm_1,,,2023-06-05,22:53,10,ojarjou,48,2
IN-M-046J,week_20_arm_1,,,2023-06-22,23:59,10,ojarjou,6,2
IN-M-047B,week_20_arm_1,,,2023-07-25,10:49,5,rsecka,5,2
IN-M-048E,week_20_arm_1,,,2023-06-19,23:23,1,ojarjou,48,2
IN-M-050K,week_20_arm_1,,,,,,,,0
IN-M-053K,week_20_arm_1,,,2023-06-14,22:57,2,ojarjou,48,2
IN-M-055E,week_20_arm_1,,,,,,,,0
IN-M-056J,week_20_arm_1,,,2023-08-04,16:37,2,rsecka,5,2
IN-M-057J,week_20_arm_1,,,,,,,,0
IN-M-058J,week_20_arm_1,,,2023-06-22,23:57,6,ojarjou,6,2
IN-M-059G,week_20_arm_1,,,2023-09-11,21:10,4,ojarjou,48,2
IN-M-061B,week_20_arm_1,,,2023-08-25,17:59,1,rsecka,5,2
IN-M-062B,week_20_arm_1,,,2023-08-25,17:58,7,rsecka,5,2
IN-M-064D,week_20_arm_1,,,2023-08-07,14:57,7,rsecka,6,2
IN-M-065H,week_20_arm_1,,,2023-07-13,23:39,10,ojarjou,48,2
IN-M-066B,week_20_arm_1,,,2023-08-28,16:09,10,rsecka,6,2
IN-M-067H,week_20_arm_1,,,2023-09-19,10:47,7,rsecka,5,2
IN-M-069K,week_20_arm_1,,,2023-07-13,23:43,5,ojarjou,48,2
IN-M-070E,week_20_arm_1,,,2023-10-02,16:46,15,rsecka,5,2
IN-M-071F,week_20_arm_1,,,2023-08-25,18:01,11,rsecka,5,2
IN-M-072J,week_20_arm_1,,,2023-08-28,16:10,10,rsecka,6,2
IN-M-073A,week_20_arm_1,,,2023-07-17,19:15,1,rsecka,6,2
IN-M-074F,week_20_arm_1,,,2023-09-12,08:10,12,rsecka,5,2
IN-M-075A,week_20_arm_1,,,2023-09-25,16:58,5,rsecka,5,2
IN-M-076H,week_20_arm_1,,,2023-09-25,15:21,2,ojarjou,48,2
IN-M-077H,week_20_arm_1,,,2023-08-10,09:38,9,rsecka,5,2
IN-M-078F,week_20_arm_1,,,2023-08-25,18:01,2,rsecka,5,2
IN-M-079G,week_20_arm_1,,,2023-09-22,09:21,8,ojarjou,48,2
IN-M-081D,week_20_arm_1,,,2023-08-01,08:32,12,rsecka,5,2
IN-M-082E,week_20_arm_1,,,2023-10-05,21:07,9,ojarjou,,2
IN-M-083H,week_20_arm_1,,,2023-08-25,18:03,7,rsecka,5,2
IN-M-084C,week_20_arm_1,,,2023-09-19,15:35,12,rsecka,5,2
IN-M-085H,week_20_arm_1,,,2023-08-11,09:32,5,rsecka,5,2
IN-M-086J,week_20_arm_1,,,2023-08-07,14:58,7,rsecka,6,2
IN-M-087F,week_20_arm_1,,,2023-09-19,10:45,4,rsecka,5,2
IN-M-088J,week_20_arm_1,,,2023-09-22,00:30,9,ojarjou,48,2
IN-M-089F,week_20_arm_1,,,2023-08-09,13:21,5,ojarjou,48,2
IN-M-090C,week_20_arm_1,,,2023-10-02,16:53,5,rsecka,5,2
IN-M-091K,week_20_arm_1,,,2023-09-05,10:32,13,rsecka,5,2
IN-M-093E,week_20_arm_1,,,2023-10-05,21:09,5,ojarjou,,2
IN-M-095K,week_20_arm_1,,,2023-08-22,15:54,5,rsecka,5,2
IN-M-096C,week_20_arm_1,,,2023-10-02,16:50,15,ojarjou,48,2
IN-M-097K,week_20_arm_1,,,2023-08-22,15:55,1,rsecka,5,2
IN-M-098F,week_20_arm_1,,,2023-09-07,20:01,9,ojarjou,6,2
IN-M-099A,week_20_arm_1,,,2023-09-07,14:32,3,rsecka,5,2
IN-M-100G,week_20_arm_1,,,2023-10-20,23:23,6,ojarjou,,2
IN-M-101H,week_20_arm_1,,,2023-11-16,20:44,13,ojarjou,,2
IN-M-102H,week_20_arm_1,,,2023-11-16,20:43,4,ojarjou,,2
IN-M-103A,week_20_arm_1,,,,,,,,0
IN-M-104G,week_20_arm_1,,,2023-09-25,15:02,14,ojarjou,48,2
IN-M-105F,week_20_arm_1,,,2023-09-11,21:14,11,ojarjou,48,2
IN-M-106H,week_20_arm_1,,,,,,,,0
IN-M-107A,week_20_arm_1,,,2023-10-02,16:56,11,rsecka,5,2
IN-M-108D,week_20_arm_1,,,2023-09-19,16:36,1,ojarjou,48,2
IN-M-110C,week_20_arm_1,,,2023-09-22,00:13,10,ojarjou,48,2
IN-M-111D,week_20_arm_1,,,2023-09-19,10:50,3,rsecka,5,2
IN-M-112D,week_20_arm_1,,,2023-10-05,13:35,10,rsecka,48,2
IN-M-113G,week_20_arm_1,,,2023-10-19,23:34,10,ojarjou,,2
IN-M-114H,week_20_arm_1,,,2023-11-06,23:09,7,ojarjou,,2
IN-M-116D,week_20_arm_1,,,2023-09-19,08:59,6,ojarjou,6,2
IN-M-118E,week_20_arm_1,,,2023-10-31,08:26,5,ojarjou,,2
IN-M-123A,week_20_arm_1,,,2023-10-09,15:50,13,rsecka,48,2
IN-M-124E,week_20_arm_1,,,2023-11-16,20:39,15,ojarjou,,2
IN-M-125H,week_20_arm_1,,,2023-10-02,16:46,8,ojarjou,48,2
IN-M-126J,week_20_arm_1,,,2023-11-16,20:34,5,ojarjou,,2
IN-M-129E,week_20_arm_1,,,2023-12-21,13:11,15,rsecka,48,2
IN-M-130F,week_20_arm_1,,,2023-11-06,23:13,7,ojarjou,,2
IN-M-131H,week_20_arm_1,,,2023-10-02,16:54,8,ojarjou,48,2
IN-M-132C,week_20_arm_1,,,2023-11-27,13:26,6,rsecka,48,2
IN-M-133B,week_20_arm_1,,,2023-10-05,13:38,2,rsecka,48,2
IN-M-134C,week_20_arm_1,,,2023-11-13,19:31,9,ojarjou,,2
IN-M-136C,week_20_arm_1,,,2023-10-16,13:20,12,ojarjou,5,2
IN-M-138B,week_20_arm_1,,,2024-01-03,15:18,8,rsecka,48,2
IN-M-140D,week_20_arm_1,,,2023-10-23,16:04,14,ojarjou,,2
IN-M-142H,week_20_arm_1,,,2023-12-28,12:31,1,rsecka,48,2
IN-M-145E,week_20_arm_1,,,2023-10-31,08:28,12,ojarjou,,2
IN-M-146H,week_20_arm_1,,,2023-11-20,15:38,13,rsecka,48,2
IN-M-147K,week_20_arm_1,,,2023-10-19,23:37,7,ojarjou,,2
IN-M-148E,week_20_arm_1,,,2023-12-19,08:37,2,rsecka,48,2
IN-M-150H,week_20_arm_1,,,2023-11-13,19:30,2,ojarjou,,2
IN-M-151B,week_20_arm_1,,,2023-10-23,20:45,15,ojarjou,,2
IN-M-153G,week_20_arm_1,,,2024-01-03,15:15,11,rsecka,48,2
IN-M-156B,week_20_arm_1,,,2023-11-06,23:15,10,ojarjou,,2
IN-M-158A,week_20_arm_1,,,,,,,,0
IN-M-159C,week_20_arm_1,,,2023-11-06,23:10,1,ojarjou,,2
IN-M-160G,week_20_arm_1,,,2023-11-06,23:11,14,ojarjou,,2
IN-M-161D,week_20_arm_1,,,2023-12-11,13:34,4,rsecka,48,2
IN-M-162F,week_20_arm_1,,,2024-02-01,13:29,9,rsecka,48,2
IN-M-163H,week_20_arm_1,,,,,,,,0
IN-M-165G,week_20_arm_1,,,2024-01-22,14:48,8,rsecka,48,2
IN-M-166D,week_20_arm_1,,,2024-01-22,15:03,12,rsecka,48,2
IN-M-168K,week_20_arm_1,,,,,,,,0
IN-M-169A,week_20_arm_1,,,2024-02-01,13:27,6,rsecka,48,2
IN-M-170D,week_20_arm_1,,,,,,,,0
IN-M-171K,week_20_arm_1,,,,,,,,0
IN-M-173D,week_20_arm_1,,,2024-01-22,14:57,15,rsecka,48,2
IN-M-174J,week_20_arm_1,,,2024-02-08,14:57,2,rsecka,48,2
IN-M-177H,week_20_arm_1,,,2024-01-29,15:04,6,rsecka,48,2
IN-M-178B,week_20_arm_1,,,2023-12-07,14:35,10,rsecka,48,2
IN-M-179J,week_20_arm_1,,,2024-01-22,15:00,2,rsecka,48,2
IN-M-180J,week_20_arm_1,,,2024-02-22,16:15,3,rsecka,48,2
IN-M-181B,week_20_arm_1,,,2023-12-07,14:37,3,rsecka,48,2
IN-M-182K,week_20_arm_1,,,2024-01-22,15:09,6,rsecka,48,2
IN-M-183H,week_20_arm_1,,,2023-12-07,14:31,2,rsecka,48,2
IN-M-184A,week_20_arm_1,,,2023-12-27,15:47,5,rsecka,48,2
IN-M-186K,week_20_arm_1,,,2024-01-29,14:58,14,rsecka,48,2
IN-M-187B,week_20_arm_1,,,2024-02-20,23:52,14,rsecka,48,2
IN-M-188B,week_20_arm_1,,,2024-01-03,15:20,6,rsecka,48,2
IN-M-189C,week_20_arm_1,,,2024-01-08,12:42,1,ojarjou,5,2
IN-M-190C,week_20_arm_1,,,2024-03-27,16:22,13,rsecka,,2
IN-M-191D,week_20_arm_1,,,2024-01-29,15:00,8,rsecka,48,2
IN-M-192B,week_20_arm_1,,,2024-02-15,15:06,1,rsecka,48,2
IN-M-193D,week_20_arm_1,,,,,,,,0
IN-M-194D,week_20_arm_1,,,2024-02-22,16:47,9,rsecka,48,2
IN-M-195J,week_20_arm_1,,,2024-03-04,15:16,4,rsecka,48,2
IN-M-196C,week_20_arm_1,,,2024-03-04,15:18,8,rsecka,48,2
IN-M-201B,week_20_arm_1,,,2024-04-02,14:44,12,rsecka,,2
IN-M-205D,week_20_arm_1,,,2024-01-29,15:03,10,rsecka,48,2
IN-M-207C,week_20_arm_1,,,2024-02-01,13:34,8,rsecka,48,2
IN-M-212K,week_20_arm_1,,,2024-01-30,15:38,12,ojarjou,,2
IN-M-214F,week_20_arm_1,,,2024-02-12,13:28,8,rsecka,48,2
IN-M-215E,week_20_arm_1,,,2024-05-02,15:59,7,rsecka,,2
IN-M-217G,week_20_arm_1,,,2024-02-20,23:49,10,rsecka,48,2
IN-M-221E,week_20_arm_1,,,2024-02-15,15:08,14,rsecka,48,2
IN-M-222C,week_20_arm_1,,,2024-05-06,16:27,15,rsecka,,2
IN-M-223J,week_20_arm_1,,,2024-04-22,14:49,7,rsecka,,2
IN-M-224K,week_20_arm_1,,,2024-02-22,16:18,11,rsecka,48,2
IN-M-226E,week_20_arm_1,,,2024-03-04,15:20,2,rsecka,48,2
IN-M-227K,week_20_arm_1,,,2024-05-06,16:30,2,rsecka,,2
IN-M-228E,week_20_arm_1,,,2024-05-06,16:28,1,rsecka,,2
IN-M-229F,week_20_arm_1,,,2024-04-15,15:15,11,rsecka,,2
IN-M-232C,week_20_arm_1,,,2024-02-26,15:57,6,rsecka,48,2
IN-M-234D,week_20_arm_1,,,2024-05-02,15:56,14,rsecka,,2
IN-M-235D,week_20_arm_1,,,2024-04-29,14:44,5,rsecka,,2
IN-M-236J,week_20_arm_1,,,2024-04-15,15:35,3,rsecka,,2
IN-M-238C,week_20_arm_1,,,2024-04-15,15:20,5,rsecka,,2
IN-M-240B,week_20_arm_1,,,2024-04-16,12:36,11,rsecka,,2
IN-M-241F,week_20_arm_1,,,2024-05-09,14:36,5,rsecka,,2
IN-M-244E,week_20_arm_1,,,2024-03-11,15:02,7,rsecka,,2
IN-M-245J,week_20_arm_1,,,2024-04-18,15:54,7,rsecka,,2
IN-M-246G,week_20_arm_1,,,2024-05-16,14:43,2,ojarjou,5,2
IN-M-247K,week_20_arm_1,,,2024-05-16,14:37,9,rsecka,,2
IN-M-249K,week_20_arm_1,,,2024-03-27,16:26,4,rsecka,,2
IN-M-250J,week_20_arm_1,,,,,,,,0
IN-M-252B,week_20_arm_1,,,2024-05-16,14:36,12,rsecka,,2
IN-M-254E,week_20_arm_1,,,2024-04-29,14:42,10,rsecka,,2
IN-M-255D,week_20_arm_1,,,2024-05-09,14:41,4,rsecka,,2
IN-M-256K,week_20_arm_1,,,2024-03-11,15:06,1,rsecka,,2
IN-M-257E,week_20_arm_1,,,2024-05-02,15:54,9,rsecka,,2
IN-M-258C,week_20_arm_1,,,,,,,,0
IN-M-259H,week_20_arm_1,,,2024-04-18,15:56,13,rsecka,,2
IN-M-260K,week_20_arm_1,,,,,,,,0
IN-M-261J,week_20_arm_1,,,2024-05-16,14:40,14,rsecka,,2
IN-M-262E,week_20_arm_1,,,2024-06-25,15:29,11,rsecka,,2
IN-M-263A,week_20_arm_1,,,2024-03-18,15:27,5,rsecka,48,2
IN-M-264H,week_20_arm_1,,,2024-05-28,14:12,8,rsecka,,2
IN-M-265E,week_20_arm_1,,,2024-04-22,14:48,15,rsecka,,2
IN-M-266G,week_20_arm_1,,,2024-06-03,13:50,14,rsecka,,2
IN-M-267C,week_20_arm_1,,,2024-04-02,14:47,1,rsecka,,2
IN-M-268F,week_20_arm_1,,,2024-06-03,13:52,6,rsecka,,2
IN-M-270C,week_20_arm_1,,,2024-05-09,14:43,10,rsecka,,2
IN-M-271H,week_20_arm_1,,,2024-05-30,12:38,11,rsecka,,2
IN-M-272D,week_20_arm_1,,,2024-05-13,13:33,3,rsecka,,2
IN-M-273H,week_20_arm_1,,,2024-06-25,15:35,5,rsecka,,2
IN-M-274B,week_20_arm_1,,,2024-06-24,15:08,7,rsecka,,2
IN-M-275H,week_20_arm_1,,,2024-05-13,13:36,9,rsecka,,2
IN-M-276H,week_20_arm_1,,,2024-05-20,13:50,7,rsecka,,2
IN-M-279D,week_20_arm_1,,,,,,,,0
IN-M-280K,week_20_arm_1,,,2024-05-02,15:51,5,rsecka,,2
IN-M-281C,week_20_arm_1,,,2024-04-25,13:05,15,rsecka,,2
IN-M-282D,week_20_arm_1,,,2024-06-03,13:54,15,rsecka,,2
IN-M-283F,week_20_arm_1,,,2024-05-09,14:48,3,rsecka,,2
IN-M-284K,week_20_arm_1,,,2024-04-15,15:39,9,rsecka,,2
IN-M-285A,week_20_arm_1,,,2024-05-09,14:45,8,rsecka,,2
IN-M-287K,week_20_arm_1,,,2024-07-08,15:54,7,rsecka,,2
IN-M-288G,week_20_arm_1,,,2024-05-02,15:48,2,rsecka,,2
IN-M-290B,week_20_arm_1,,,2024-06-24,15:05,8,rsecka,,2
IN-M-291J,week_20_arm_1,,,2024-06-06,15:18,11,rsecka,,2
IN-M-292D,week_20_arm_1,,,2024-05-09,14:51,7,rsecka,,2
IN-M-293C,week_20_arm_1,,,2024-04-22,14:43,14,rsecka,,2
IN-M-295F,week_20_arm_1,,,2024-04-22,14:46,4,rsecka,,2
IN-M-296G,week_20_arm_1,,,2024-06-10,12:33,9,rsecka,,2
IN-M-297E,week_20_arm_1,,,2024-07-08,16:00,14,rsecka,,2
IN-M-298B,week_20_arm_1,,,2024-07-15,13:42,10,rsecka,,2
IN-M-299A,week_20_arm_1,,,2024-05-28,14:10,9,rsecka,,2
IN-M-302A,week_20_arm_1,,,2024-07-22,15:15,3,rsecka,,2
IN-M-305B,week_20_arm_1,,,2024-06-03,13:56,3,rsecka,,2
IN-M-306K,week_20_arm_1,,,2024-04-29,14:47,12,rsecka,,2
IN-M-307K,week_20_arm_1,,,2024-06-10,12:41,6,rsecka,,2
IN-M-308B,week_20_arm_1,,,2024-07-15,13:45,8,rsecka,,2
IN-M-309K,week_20_arm_1,,,,,,,,0
IN-M-310B,week_20_arm_1,,,2024-06-03,13:57,3,rsecka,,2
IN-M-312C,week_20_arm_1,,,2024-07-18,15:18,2,rsecka,,2
IN-M-313E,week_20_arm_1,,,2024-07-22,15:16,7,rsecka,,2
IN-M-314F,week_20_arm_1,,,2024-07-04,14:00,1,rsecka,,2
IN-M-315E,week_20_arm_1,,,2024-07-08,15:56,9,rsecka,,2
IN-M-316H,week_20_arm_1,,,2024-06-10,12:36,9,rsecka,,2
IN-M-317J,week_20_arm_1,,,2024-07-01,13:52,1,rsecka,,2
IN-M-318F,week_20_arm_1,,,2024-07-01,13:54,4,rsecka,,2
IN-M-321D,week_20_arm_1,,,2024-05-28,14:08,14,rsecka,,2
IN-M-322F,week_20_arm_1,,,2024-07-22,15:18,4,rsecka,,2
IN-M-323D,week_20_arm_1,,,2024-06-26,13:24,14,rsecka,,2
IN-M-324J,week_20_arm_1,,,2024-07-22,15:20,3,rsecka,,2
IN-M-326B,week_20_arm_1,,,2024-07-18,15:23,7,rsecka,,2
IN-M-327F,week_20_arm_1,,,2024-05-10,08:55,11,rsecka,,2
IN-M-328K,week_20_arm_1,,,2024-05-20,13:47,6,rsecka,,2
IN-M-329D,week_20_arm_1,,,2024-05-28,14:16,11,rsecka,,2
IN-M-331E,week_20_arm_1,,,,,,,,0
IN-M-332E,week_20_arm_1,,,2024-07-01,13:57,11,rsecka,,2
IN-M-333H,week_20_arm_1,,,2024-06-25,16:37,13,rsecka,,2
IN-M-334J,week_20_arm_1,,,,,,,,0
IN-M-335V,week_20_arm_1,,,2024-07-25,14:48,4,rsecka,,2
IN-M-336H,week_20_arm_1,,,2024-08-19,15:36,8,rsecka,,2
IN-M-337B,week_20_arm_1,,,2024-06-26,13:28,8,rsecka,,2
IN-M-339K,week_20_arm_1,,,2024-05-13,13:34,14,rsecka,,2
IN-M-340D,week_20_arm_1,,,2024-08-12,15:51,7,rsecka,,2
IN-M-341A,week_20_arm_1,,,2024-06-24,15:03,2,rsecka,,2
IN-M-342B,week_20_arm_1,,,2024-08-22,15:24,7,rsecka,,2
IN-M-346A,week_20_arm_1,,,2024-06-10,12:38,12,rsecka,,2
IN-M-348F,week_20_arm_1,,,2024-06-26,13:21,5,rsecka,,2
IN-M-351B,week_20_arm_1,,,2024-07-25,14:51,15,rsecka,,2
IN-M-352C,week_20_arm_1,,,2024-08-05,15:49,6,rsecka,,2
IN-M-354C,week_20_arm_1,,,2024-05-13,15:34,7,ojarjou,5,2
IN-M-355U,week_20_arm_1,,,2024-07-29,15:13,2,rsecka,,2
IN-M-356C,week_20_arm_1,,,2024-06-06,15:12,9,rsecka,,2
IN-M-359R,week_20_arm_1,,,2024-08-26,16:00,5,rsecka,,2
IN-M-361J,week_20_arm_1,,,2024-08-05,15:51,1,rsecka,,2
IN-M-362E,week_20_arm_1,,,2024-08-19,15:43,14,rsecka,,2
IN-M-363J,week_20_arm_1,,,2024-08-16,11:44,10,rsecka,,2
IN-M-364B,week_20_arm_1,,,2024-08-26,16:02,2,rsecka,,2
IN-M-365J,week_20_arm_1,,,2024-06-06,15:15,8,rsecka,,2
IN-M-366D,week_20_arm_1,,,2024-08-22,15:20,7,rsecka,,2
IN-M-367G,week_20_arm_1,,,2024-08-08,13:52,15,rsecka,,2
IN-M-368G,week_20_arm_1,,,2024-08-12,15:46,5,rsecka,,2
IN-M-369J,week_20_arm_1,,,2024-07-29,15:16,9,rsecka,,2
IN-M-370E,week_20_arm_1,,,2024-08-26,16:06,14,rsecka,,2
IN-M-372J,week_20_arm_1,,,2024-08-19,15:49,15,rsecka,,2
IN-M-373D,week_20_arm_1,,,2024-08-01,13:04,11,rsecka,,2
IN-M-374J,week_20_arm_1,,,2024-05-23,12:42,13,ojarjou,5,2
IN-M-375H,week_20_arm_1,,,2024-07-15,13:47,8,rsecka,,2
IN-M-377X,week_20_arm_1,,,2024-07-22,15:22,2,rsecka,,2
IN-M-378J,week_20_arm_1,,,2024-08-29,14:29,5,rsecka,,2
IN-M-379Q,week_20_arm_1,,,2024-08-19,15:31,2,rsecka,,2
IN-M-380A,week_20_arm_1,,,2024-08-19,15:38,3,rsecka,,2
IN-M-381H,week_20_arm_1,,,2024-07-08,16:02,11,rsecka,,2
IN-M-382C,week_20_arm_1,,,2024-07-11,15:12,11,rsecka,,2
IN-M-386K,week_20_arm_1,,,,,,,,0
IN-M-387B,week_20_arm_1,,,2024-07-08,15:58,3,rsecka,,2
IN-M-390A,week_20_arm_1,,,2024-08-26,15:55,1,rsecka,,2
IN-M-392J,week_20_arm_1,,,2024-08-26,15:53,7,rsecka,,2
IN-M-393H,week_20_arm_1,,,2024-08-12,15:44,8,rsecka,,2
IN-M-395J,week_20_arm_1,,,2024-08-22,15:09,14,rsecka,,2
IN-M-396F,week_20_arm_1,,,2024-09-05,16:15,5,ojarjou,5,2
IN-M-398A,week_20_arm_1,,,,,,,,0
IN-M-399C,week_20_arm_1,,,2024-07-18,15:22,1,rsecka,,2
IN-M-400D,week_20_arm_1,,,2024-08-19,15:42,13,rsecka,,2
IN-M-401A,week_20_arm_1,,,2024-07-29,15:18,10,rsecka,,2
IN-M-402K,week_20_arm_1,,,2024-09-09,14:43,1,ojarjou,5,2
IN-M-403C,week_20_arm_1,,,2024-08-05,15:53,14,rsecka,,2
IN-M-404B,week_20_arm_1,,,2024-08-19,15:34,15,rsecka,,2
IN-M-405C,week_20_arm_1,,,2024-06-05,09:41,10,ojarjou,5,2
IN-M-406K,week_20_arm_1,,,2024-06-24,16:12,14,ojarjou,5,2
IN-M-407C,week_20_arm_1,,,2024-06-24,16:52,14,ojarjou,5,2
IN-M-408B,week_20_arm_1,,,2024-08-26,16:04,10,rsecka,,2
IN-M-409B,week_20_arm_1,,,2024-09-02,15:00,6,ojarjou,5,2
IN-M-410J,week_20_arm_1,,,2024-09-17,21:55,6,ojarjou,5,2
IN-M-411Q,week_20_arm_1,,,2024-08-22,15:22,12,rsecka,,2
IN-M-412E,week_20_arm_1,,,2024-07-11,15:14,9,rsecka,,2
IN-M-413B,week_20_arm_1,,,2024-09-02,14:32,2,ojarjou,5,2
IN-M-414B,week_20_arm_1,,,2024-09-23,16:21,2,ojarjou,5,2
IN-M-415L,week_20_arm_1,,,2024-07-11,15:16,4,rsecka,,2
IN-M-416K,week_20_arm_1,,,2024-06-13,14:46,5,rsecka,,2
IN-M-417F,week_20_arm_1,,,2024-08-19,15:47,12,rsecka,,2
IN-M-418C,week_20_arm_1,,,2024-07-11,15:17,9,rsecka,,2
IN-M-419C,week_20_arm_1,,,2024-08-22,16:42,14,ojarjou,5,2
IN-M-421E,week_20_arm_1,,,2024-09-30,16:49,13,ojarjou,5,2
IN-M-422K,week_20_arm_1,,,2024-08-26,15:58,5,rsecka,,2
IN-M-423K,week_20_arm_1,,,2024-08-19,15:45,2,rsecka,,2
IN-M-424B,week_20_arm_1,,,2024-09-05,15:57,1,ojarjou,5,2
IN-M-425E,week_20_arm_1,,,2024-09-30,18:19,9,ojarjou,5,2
IN-M-426G,week_20_arm_1,,,2024-09-23,16:35,4,ojarjou,5,2
IN-M-427G,week_20_arm_1,,,2024-09-26,14:24,14,ojarjou,5,2
IN-M-428C,week_20_arm_1,,,2024-09-26,14:25,11,ojarjou,5,2
IN-M-429A,week_20_arm_1,,,2024-09-26,14:28,3,ojarjou,5,2
IN-M-431J,week_20_arm_1,,,2024-09-12,13:53,3,ojarjou,5,2
IN-M-432G,week_20_arm_1,,,2024-09-30,16:56,15,ojarjou,5,2
IN-M-433G,week_20_arm_1,,,2024-09-05,16:20,11,ojarjou,5,2
IN-M-434E,week_20_arm_1,,,2024-09-12,15:54,6,ojarjou,5,2
IN-M-435H,week_20_arm_1,,,2024-09-02,15:01,4,ojarjou,5,2
IN-M-436A,week_20_arm_1,,,,,,,,0
IN-M-439F,week_20_arm_1,,,2024-07-29,15:19,7,rsecka,,2
IN-M-440F,week_20_arm_1,,,2024-08-05,15:55,12,rsecka,,2
IN-M-441F,week_20_arm_1,,,2024-07-17,15:08,6,ojarjou,5,2
IN-M-442H,week_20_arm_1,,,2024-09-17,17:01,14,ojarjou,5,2
IN-M-443B,week_20_arm_1,,,2024-08-22,15:11,3,rsecka,,2
IN-M-444E,week_20_arm_1,,,2024-07-29,15:21,3,rsecka,,2
IN-M-448A,week_20_arm_1,,,,,,,,0
IN-M-449F,week_20_arm_1,,,2024-08-29,14:25,13,rsecka,,2
IN-M-451B,week_20_arm_1,,,2024-10-07,15:23,6,rsecka,,2
IN-M-452K,week_20_arm_1,,,2024-07-18,15:20,5,rsecka,,2
IN-M-453D,week_20_arm_1,,,,,,,,0
IN-M-454C,week_20_arm_1,,,2024-08-12,15:48,2,rsecka,,2
IN-M-455F,week_20_arm_1,,,2024-09-23,16:14,13,ojarjou,5,2
IN-M-456A,week_20_arm_1,,,2024-09-12,16:02,12,ojarjou,5,2
IN-M-457G,week_20_arm_1,,,,,,,,0
IN-M-458H,week_20_arm_1,,,,,,,,0
IN-M-460E,week_20_arm_1,,,2024-09-05,15:59,10,ojarjou,5,2
IN-M-462F,week_20_arm_1,,,2024-10-10,14:44,3,rsecka,,2
IN-M-464J,week_20_arm_1,,,2024-10-24,17:06,1,rsecka,,2
IN-M-468H,week_20_arm_1,,,2024-10-17,15:10,14,rsecka,,2
IN-M-471A,week_20_arm_1,,,2024-09-12,14:41,13,ojarjou,5,2
IN-M-472E,week_20_arm_1,,,2024-10-17,15:17,12,rsecka,,2
IN-M-473C,week_20_arm_1,,,2024-10-21,15:22,15,rsecka,,2
IN-M-474B,week_20_arm_1,,,2024-09-17,16:53,13,ojarjou,5,2
IN-M-475G,week_20_arm_1,,,2024-10-10,14:50,10,rsecka,,2
IN-M-476N,week_20_arm_1,,,2024-08-26,15:50,15,rsecka,,2
IN-M-478F,week_20_arm_1,,,2024-10-03,16:41,12,ojarjou,5,2
IN-M-481K,week_20_arm_1,,,2024-10-21,15:30,7,rsecka,,2
IN-M-483S,week_20_arm_1,,,2024-08-19,15:40,9,rsecka,,2
IN-M-485G,week_20_arm_1,,,2024-08-19,15:32,6,rsecka,,2
IN-M-486J,week_20_arm_1,,,2024-10-03,16:34,15,ojarjou,5,2
IN-M-487A,week_20_arm_1,,,2024-11-04,13:36,7,rsecka,,2
IN-M-489D,week_20_arm_1,,,2024-08-29,14:27,11,rsecka,,2
IN-M-491D,week_20_arm_1,,,2024-10-28,16:09,4,rsecka,,2
IN-M-492E,week_20_arm_1,,,2024-09-19,12:56,3,ojarjou,5,2
IN-M-493A,week_20_arm_1,,,2024-08-08,13:49,10,rsecka,,2
IN-M-494G,week_20_arm_1,,,2024-09-09,14:45,7,ojarjou,5,2
IN-M-495J,week_20_arm_1,,,2024-08-26,16:09,7,rsecka,,2
IN-M-496D,week_20_arm_1,,,2024-10-29,13:10,2,rsecka,,2
IN-M-497A,week_20_arm_1,,,2024-10-15,15:00,9,rsecka,,2
IN-M-502C,week_20_arm_1,,,2024-09-17,21:54,15,ojarjou,5,2
IN-M-503D,week_20_arm_1,,,2024-09-12,17:05,9,ojarjou,5,2
IN-M-507F,week_20_arm_1,,,2024-09-17,21:58,4,ojarjou,5,2
IN-M-510E,week_20_arm_1,,,2024-10-28,16:05,13,rsecka,,2
IN-M-511F,week_20_arm_1,,,2024-11-04,13:40,10,rsecka,,2
IN-M-517H,week_20_arm_1,,,2024-10-28,16:12,3,rsecka,,2
IN-M-518H,week_20_arm_1,,,2024-10-10,14:46,7,rsecka,,2
IN-M-519J,week_20_arm_1,,,2024-09-17,20:30,2,ojarjou,5,2
IN-M-520B,week_20_arm_1,,,2024-09-30,18:15,12,ojarjou,5,2
IN-M-521K,week_20_arm_1,,,2024-10-01,09:22,8,ojarjou,5,2
IN-M-522A,week_20_arm_1,,,2024-10-07,15:14,4,rsecka,,2
IN-M-523A,week_20_arm_1,,,2024-10-28,16:02,8,rsecka,,2
IN-M-524J,week_20_arm_1,,,2024-09-02,14:59,15,ojarjou,5,2
IN-M-525G,week_20_arm_1,,,2024-09-17,17:21,4,ojarjou,5,2
IN-M-526B,week_20_arm_1,,,2024-10-17,15:03,14,rsecka,,2
IN-M-527F,week_20_arm_1,,,2024-10-15,15:03,7,rsecka,,2
IN-M-528J,week_20_arm_1,,,2024-10-07,15:19,2,rsecka,,2
IN-M-529C,week_20_arm_1,,,2024-10-01,12:28,10,ojarjou,5,2
IN-M-530F,week_20_arm_1,,,2024-10-28,16:11,11,rsecka,,2
IN-M-531E,week_20_arm_1,,,2024-10-21,15:25,12,rsecka,,2
IN-M-536D,week_20_arm_1,,,2024-10-28,16:07,9,rsecka,,2
IN-M-537A,week_20_arm_1,,,2024-09-17,16:58,15,ojarjou,5,2
IN-M-541A,week_20_arm_1,,,2024-10-24,17:12,2,rsecka,,2
IN-M-542D,week_20_arm_1,,,2024-10-24,17:10,3,rsecka,,2
IN-M-543C,week_20_arm_1,,,2024-10-01,12:25,13,ojarjou,5,2
IN-M-545G,week_20_arm_1,,,2024-11-04,13:42,11,rsecka,,2
IN-M-546H,week_20_arm_1,,,2024-10-24,17:14,4,rsecka,,2
IN-M-551K,week_20_arm_1,,,2024-10-21,15:27,11,rsecka,,2
IN-M-553D,week_20_arm_1,,,2024-10-17,15:08,5,rsecka,,2
IN-M-558A,week_20_arm_1,,,2024-09-18,15:24,7,ojarjou,5,2
IN-M-559E,week_20_arm_1,,,2024-09-18,15:28,12,ojarjou,5,2
IN-M-564G,week_20_arm_1,,,2024-10-07,15:21,15,rsecka,,2
IN-M-567C,week_20_arm_1,,,,,,,,0
IN-M-569D,week_20_arm_1,,,2024-09-24,15:05,15,ojarjou,5,2
IN-M-570H,week_20_arm_1,,,,,,,,0
IN-M-575J,week_20_arm_1,,,2024-10-15,15:05,1,rsecka,,2
IN-M-576G,week_20_arm_1,,,2024-10-28,16:04,3,rsecka,,2
IN-M-577D,week_20_arm_1,,,2024-10-24,17:16,2,rsecka,,2
IN-M-578G,week_20_arm_1,,,,,,,,0
IN-M-586C,week_20_arm_1,,,2024-10-14,13:16,6,rsecka,,2
IN-M-588C,week_20_arm_1,,,2024-10-21,15:32,6,rsecka,,2
IN-M-589B,week_20_arm_1,,,2024-10-17,15:06,14,rsecka,,2
IN-M-593B,week_20_arm_1,,,2024-10-08,13:37,3,rsecka,,2
IN-M-599H,week_20_arm_1,,,2024-10-15,14:56,8,rsecka,,2
IN-M-602K,week_20_arm_1,,,2024-10-24,17:04,8,rsecka,,2
IN-M-605F,week_20_arm_1,,,2024-10-24,17:08,1,rsecka,,2
IN-M-613J,week_20_arm_1,,,2024-11-04,13:38,9,rsecka,,2
IN-M-618A,week_20_arm_1,,,,,,,,0
IN-M-622E,week_20_arm_1,,,2024-10-28,16:00,14,rsecka,,2
IN-M-630A,week_20_arm_1,,,2024-11-04,13:44,7,rsecka,,2
