con_participantid_q1,redcap_event_name,redcap_repeat_instrument,redcap_repeat_instance,rvdate,rage,ga_at_recruitment,pregnancyless20w,rsingleton_pregnancy,williness_daily_capsule,if_the_primary_language_of,mother_has_intention_to_re,history_chronic_disease,hb_result_from_lab,severe_anaemia,commentr,eligible,form_completed_by3,verifier,recruitment_complete
IN-M-001E,week_20_arm_1,,,2023-06-08,39.4,19,1,1,1,1,1,0,10.1,0,,1,rsecka,5,2
IN-M-002H,week_20_arm_1,,,2023-05-24,33,19.4,1,1,1,1,1,0,9.5,0,,1,ojarjou,48,2
IN-M-003A,week_20_arm_1,,,2023-05-18,36.3,19,1,1,1,1,1,0,7.8,0,She was referred to the CSD on account of Moderate Anemia in pregnancy for further management and was given 130mg of Fe daily as treatment.,0,rsecka,5,2
IN-M-004F,week_20_arm_1,,,2023-05-24,31.1,19.4,1,1,1,1,1,0,10.1,0,,1,rsecka,5,2
IN-M-005J,week_20_arm_1,,,2023-05-15,39.5,19.1,1,1,1,1,1,0,10.7,0,,1,ojarjou,48,2
IN-M-007A,week_20_arm_1,,,2023-06-05,31.4,19.4,1,1,1,1,1,0,8.8,0,,1,rsecka,5,2
IN-M-008D,week_20_arm_1,,,2023-05-05,31.4,20.9,1,1,1,0,,,11.4,0,,0,rsecka,6,2
IN-M-009K,week_20_arm_1,,,2023-05-10,19.7,20.6,1,1,1,1,1,0,12,0,,1,ojarjou,48,2
IN-M-011C,week_20_arm_1,,,2023-05-22,29.7,18.3,1,1,1,1,1,0,11.9,0,,1,ojarjou,6,2
IN-M-012B,week_20_arm_1,,,2023-06-01,35.1,19.1,1,1,1,1,1,0,10.2,0,,1,rsecka,5,2
IN-M-013D,week_20_arm_1,,,2023-06-01,30.4,19.1,1,1,1,1,1,0,10.6,0,NB: There was a delay in the uploading of the lab results.,1,rsecka,5,2
IN-M-014D,week_20_arm_1,,,2023-06-15,24.7,19.4,1,1,1,1,1,0,9,0,,1,ojarjou,48,2
IN-M-016F,week_20_arm_1,,,2023-05-10,26.9,20.6,1,1,1,1,1,0,10.6,0,,1,ojarjou,48,2
IN-M-018C,week_20_arm_1,,,2023-05-05,31.5,21,1,1,1,1,1,0,10.2,0,,1,ojarjou,48,2
IN-M-019C,week_20_arm_1,,,2023-05-15,28.6,20,1,1,1,1,1,0,9.8,0,She was referred to the clinic for further review. She was started on iron tablets today.,0,ojarjou,48,2
IN-M-020G,week_20_arm_1,,,2023-05-22,31.3,19.6,1,1,1,1,1,0,12,0,,1,ojarjou,6,2
IN-M-021K,week_20_arm_1,,,2023-05-10,38,20.7,1,1,1,1,1,0,12.8,0,,1,ojarjou,48,2
IN-M-022E,week_20_arm_1,,,2023-07-03,21.6,19.6,1,1,1,1,1,0,10.5,0,There was a delay in the uploading of lab results.,1,ojarjou,48,2
IN-M-023A,week_20_arm_1,,,2023-07-03,29.4,18.9,1,1,1,1,1,0,10.6,0,She was wrongly invited for week 20 visit ( invited a day earlier) and her blood sample already collected. However supplementation will be started within the specified window period. ,1,ojarjou,48,2
IN-M-024D,week_20_arm_1,,,2023-05-22,26.1,18.9,1,1,1,1,0,0,11.3,0,She's attending a school at Jarra Soma and only stays in Kiang during the weekends.,0,rsecka,6,2
IN-M-025G,week_20_arm_1,,,2023-06-05,32,19.4,1,1,1,1,1,0,9.4,0,,1,rsecka,5,2
IN-M-026F,week_20_arm_1,,,2023-06-19,31,19.7,1,1,1,1,1,0,11.2,0,,1,rsecka,5,2
IN-M-027E,week_20_arm_1,,,2023-05-15,26.6,19.3,1,1,1,1,1,0,11,0,,1,ojarjou,6,2
IN-M-028G,week_20_arm_1,,,2023-06-01,27.3,19.3,1,1,1,1,1,0,10.5,0,,1,ojarjou,48,2
IN-M-029D,week_20_arm_1,,,2023-07-17,31,19.3,1,1,1,1,1,0,10,0,,1,rsecka,5,2
IN-M-030C,week_20_arm_1,,,2023-07-06,35.5,19.3,1,1,1,1,1,0,11.8,0,,1,rsecka,5,2
IN-M-031D,week_20_arm_1,,,2023-06-08,28.8,19.1,1,1,1,1,1,0,11.6,0,,1,rsecka,5,2
IN-M-033K,week_20_arm_1,,,2023-06-19,20.5,19.1,1,1,1,1,1,0,9.9,0,,1,rsecka,5,2
IN-M-036E,week_20_arm_1,,,2023-07-13,27.2,19,1,1,1,1,1,,,,"High risk pregnancy ( ? recurrent episodes of postpartum eclampsia and post-partum haemorrhage). Therefore excluded. See clinical notes for details.


",0,ojarjou,48,2
IN-M-037H,week_20_arm_1,,,2023-06-05,31.3,19.3,1,1,1,1,1,0,11.2,0,,1,rsecka,5,2
IN-M-038A,week_20_arm_1,,,2023-06-05,25.1,19.1,1,1,1,1,1,0,10.4,0,,1,ojarjou,48,2
IN-M-040F,week_20_arm_1,,,2023-07-27,27.1,19,1,1,1,1,1,0,12.5,0,,1,ojarjou,48,2
IN-M-041B,week_20_arm_1,,,2023-07-31,23.9,19.3,1,1,1,1,1,0,11,0,,1,rsecka,5,2
IN-M-042F,week_20_arm_1,,,2023-07-27,28.5,19.6,1,1,1,1,1,0,11.2,0,,1,ojarjou,48,2
IN-M-043H,week_20_arm_1,,,2023-07-17,24.6,19.3,1,1,1,1,1,0,10.6,0,,1,rsecka,5,2
IN-M-045B,week_20_arm_1,,,2023-06-05,26.5,20.1,1,1,1,1,1,0,8.1,0,,1,rsecka,5,2
IN-M-046J,week_20_arm_1,,,2023-06-22,33.5,19.9,1,1,1,1,1,0,10.1,0,,1,rsecka,5,2
IN-M-047B,week_20_arm_1,,,2023-07-24,37.6,19.6,1,1,1,1,1,0,10.2,0,,1,rsecka,5,2
IN-M-048E,week_20_arm_1,,,2023-06-19,35.2,19.3,1,1,1,1,1,0,11.9,0,,1,rsecka,5,2
IN-M-050K,week_20_arm_1,,,2023-07-03,31,20.6,1,1,1,1,1,0,8.6,0,"She is excluded on account of medical reasons, details on the clinical notes.",0,ojarjou,48,2
IN-M-053K,week_20_arm_1,,,2023-06-14,34.3,19.4,1,1,1,1,1,0,11.5,0,,1,ojarjou,48,2
IN-M-055E,week_20_arm_1,,,2023-07-06,31.1,19.1,1,1,1,0,,,,,Her primary language is Wolof although Mandinka is also spoken but is less frequent.,0,ojarjou,48,2
IN-M-056J,week_20_arm_1,,,2023-08-03,21.3,19,1,1,1,1,1,0,10.9,0,,1,rsecka,5,2
IN-M-057J,week_20_arm_1,,,,,,,,,,,,,,,,,,0
IN-M-058J,week_20_arm_1,,,2023-06-22,22,19.9,1,1,1,1,1,0,11.3,0,,1,rsecka,5,2
IN-M-059G,week_20_arm_1,,,2023-09-11,38.2,21.7,1,1,1,1,1,0,8.2,0,"Reschedule visit, visit today is slightly off the visit range. Non-compliance form will be completed.",1,ojarjou,48,2
IN-M-061B,week_20_arm_1,,,2023-08-24,37.9,19.3,1,1,1,1,1,0,10,0,,1,rsecka,6,2
IN-M-062B,week_20_arm_1,,,2023-08-24,30,19.1,1,1,1,1,1,0,11.5,0,,1,rsecka,6,2
IN-M-064D,week_20_arm_1,,,2023-08-07,36.1,19.4,1,1,1,1,1,0,10.8,0,,1,rsecka,5,2
IN-M-065H,week_20_arm_1,,,2023-07-13,23.1,19.6,1,1,1,1,1,0,11.3,0,,1,ojarjou,48,2
IN-M-066B,week_20_arm_1,,,2023-08-28,27.8,19.3,1,1,1,1,1,0,11.3,0,,1,rsecka,5,2
IN-M-067H,week_20_arm_1,,,2023-09-18,29.2,19.3,1,1,1,1,1,0,10.7,0,,1,rsecka,5,2
IN-M-069K,week_20_arm_1,,,2023-07-13,20.3,19.6,1,1,1,1,1,0,11.2,0,,1,rsecka,5,2
IN-M-070E,week_20_arm_1,,,2023-10-02,25.9,19.7,1,1,1,1,1,0,9.2,0,,1,rsecka,48,2
IN-M-071F,week_20_arm_1,,,2023-08-24,23.1,19.1,1,1,1,1,1,0,11.1,0,,1,rsecka,6,2
IN-M-072J,week_20_arm_1,,,2023-08-28,31.7,19,1,1,1,1,1,0,11.2,0,,1,rsecka,5,2
IN-M-073A,week_20_arm_1,,,2023-07-17,29.2,19.7,1,1,1,1,1,0,11.6,0,,1,rsecka,5,2
IN-M-074F,week_20_arm_1,,,2023-09-11,25.6,19.1,1,1,1,1,1,0,9.1,0,,1,rsecka,5,2
IN-M-075A,week_20_arm_1,,,2023-09-25,31.8,19.1,1,1,1,1,1,0,11.1,0,,1,rsecka,48,2
IN-M-076H,week_20_arm_1,,,2023-09-25,26.9,19,1,1,1,1,1,0,10.9,0,,1,ojarjou,,2
IN-M-077H,week_20_arm_1,,,2023-08-09,32.3,20.7,1,1,1,1,1,0,10.5,0,,1,rsecka,5,2
IN-M-078F,week_20_arm_1,,,2023-08-24,23.8,19.6,1,1,1,1,1,0,10.8,0,,1,rsecka,5,2
IN-M-079G,week_20_arm_1,,,2023-09-21,34.2,19.1,1,1,1,1,1,0,11.1,0,,1,ojarjou,5,2
IN-M-081D,week_20_arm_1,,,2023-07-31,35.1,19.1,1,1,1,1,1,0,10,0,,1,rsecka,5,2
IN-M-082E,week_20_arm_1,,,2023-10-05,38.4,19.4,1,1,1,1,1,0,11.2,0,,1,ojarjou,5,2
IN-M-083H,week_20_arm_1,,,2023-08-24,32,19,1,1,1,1,1,0,10.9,0,,1,rsecka,5,2
IN-M-084C,week_20_arm_1,,,2023-09-18,39.2,19.7,1,1,1,1,1,0,8.6,0,,1,rsecka,5,2
IN-M-085H,week_20_arm_1,,,2023-08-10,36.1,19,1,1,1,1,1,0,8.9,0,,1,rsecka,5,2
IN-M-086J,week_20_arm_1,,,2023-08-07,23.7,19.7,1,1,1,1,1,0,10,0,,1,rsecka,5,2
IN-M-087F,week_20_arm_1,,,2023-09-18,30.9,20.4,1,1,1,1,1,0,9.5,0,,1,rsecka,5,2
IN-M-088J,week_20_arm_1,,,2023-09-21,39.6,19.3,1,1,1,1,1,0,10.3,0,,1,ojarjou,48,2
IN-M-089F,week_20_arm_1,,,2023-08-08,39.2,19.3,1,1,1,1,1,0,10.6,0,,1,ojarjou,48,2
IN-M-090C,week_20_arm_1,,,2023-10-02,23.6,19.6,1,1,1,1,1,0,10.4,0,,1,rsecka,48,2
IN-M-091K,week_20_arm_1,,,2023-09-04,37.7,19.1,1,1,1,1,1,0,8.8,0,,1,rsecka,5,2
IN-M-093E,week_20_arm_1,,,2023-10-05,27.7,19.3,1,1,1,1,1,0,12.3,0,,1,ojarjou,5,2
IN-M-095K,week_20_arm_1,,,2023-08-21,20.7,19.3,1,1,1,1,1,0,12.9,0,,1,rsecka,5,2
IN-M-096C,week_20_arm_1,,,2023-10-02,32.6,19.7,1,1,1,1,1,0,10.4,0,,1,ojarjou,48,2
IN-M-097K,week_20_arm_1,,,2023-08-21,28.1,20,1,1,1,1,1,0,11.6,0,,1,rsecka,5,2
IN-M-098F,week_20_arm_1,,,2023-09-07,39.5,19.3,1,1,1,1,1,0,10.5,0,,1,ojarjou,48,2
IN-M-099A,week_20_arm_1,,,2023-09-07,27.3,19.1,1,1,1,1,1,0,12,0,,1,rsecka,5,2
IN-M-100G,week_20_arm_1,,,2023-10-19,24.8,19,1,1,1,1,1,0,10.8,0,,1,ojarjou,,2
IN-M-101H,week_20_arm_1,,,2023-11-16,27.4,19.9,1,1,1,1,1,0,10.5,0,,1,ojarjou,,2
IN-M-102H,week_20_arm_1,,,2023-11-16,31.7,19.1,1,1,1,1,1,0,9.4,0,,1,ojarjou,,2
IN-M-103A,week_20_arm_1,,,2023-10-12,32.1,19,1,1,1,1,1,1,,,She was not bled. Excluded from the study due to medical reasons ( details records in her clinical notes),0,ojarjou,,2
IN-M-104G,week_20_arm_1,,,2023-09-25,35.4,19.1,1,1,1,1,1,0,7.9,0,Hb will be monitored monthly before she reaches week 28. Exclude if Hb is not improving.,1,ojarjou,5,2
IN-M-105F,week_20_arm_1,,,2023-09-11,37.2,21.6,1,1,1,1,1,0,11.7,0,She missed her previous appointment for this visit ( travelled to the coast ). This visit is conducted slightly beyond the range for this visit. Supplementation will be started with the window period for initiation of supplementation.,1,ojarjou,48,2
IN-M-106H,week_20_arm_1,,,,,,,,,,,,,,,,,,0
IN-M-107A,week_20_arm_1,,,2023-10-02,37.3,19.7,1,1,1,1,1,0,10.9,0,,1,rsecka,48,2
IN-M-108D,week_20_arm_1,,,2023-09-18,30.9,19.1,1,1,1,1,1,0,10.1,0,,1,ojarjou,48,2
IN-M-110C,week_20_arm_1,,,2023-09-21,35.2,19.3,1,1,1,1,1,0,11,0,,1,ojarjou,5,2
IN-M-111D,week_20_arm_1,,,2023-09-18,34.4,19,1,1,1,1,1,0,10.9,0,,1,rsecka,5,2
IN-M-112D,week_20_arm_1,,,2023-10-05,25.9,19.6,1,1,1,1,1,0,11.3,0,,1,rsecka,48,2
IN-M-113G,week_20_arm_1,,,2023-10-19,29.3,19.9,1,1,1,1,1,0,11.4,0,,1,ojarjou,,2
IN-M-114H,week_20_arm_1,,,2023-11-06,19.2,19.3,1,1,1,1,1,0,11.1,0,,1,ojarjou,,2
IN-M-116D,week_20_arm_1,,,2023-09-18,20.2,20.1,1,1,1,1,1,0,11.7,0,,1,ojarjou,48,2
IN-M-118E,week_20_arm_1,,,2023-10-30,27.8,19.3,1,1,1,1,1,0,12.2,0,,1,ojarjou,,2
IN-M-123A,week_20_arm_1,,,2023-10-09,26.4,19,1,1,1,1,1,0,10.2,0,,1,rsecka,48,2
IN-M-124E,week_20_arm_1,,,2023-11-16,25.8,19.3,1,1,1,1,1,0,8.4,0,,1,ojarjou,,2
IN-M-125H,week_20_arm_1,,,2023-10-02,28.8,20,1,1,1,1,1,0,11.8,0,Has intention to relocate to the coast in about 3 years time.,1,ojarjou,48,2
IN-M-126J,week_20_arm_1,,,2023-11-16,18.7,19.1,1,1,1,1,1,0,10.9,0,,1,ojarjou,,2
IN-M-129E,week_20_arm_1,,,2023-12-21,23,19.3,1,1,1,1,1,0,10.9,0,,1,rsecka,48,2
IN-M-130F,week_20_arm_1,,,2023-11-06,26.8,19.4,1,1,1,1,1,0,11.8,0,,1,ojarjou,,2
IN-M-131H,week_20_arm_1,,,2023-10-02,21.1,19.7,1,1,1,1,1,0,11.0,0,,1,ojarjou,,2
IN-M-132C,week_20_arm_1,,,2023-11-27,26.2,19.4,1,1,1,1,1,0,11.4,0,,1,rsecka,48,2
IN-M-133B,week_20_arm_1,,,2023-10-05,34.3,19.6,1,1,1,1,1,0,10.3,0,,1,rsecka,48,2
IN-M-134C,week_20_arm_1,,,2023-11-13,23.4,19.4,1,1,1,1,1,0,12.7,0,,1,ojarjou,,2
IN-M-136C,week_20_arm_1,,,2023-10-16,23.3,20.1,1,1,1,1,1,0,12.6,0,,1,ojarjou,,2
IN-M-138B,week_20_arm_1,,,2024-01-03,21.4,20,1,1,1,1,1,0,10.7,0,,1,rsecka,48,2
IN-M-140D,week_20_arm_1,,,2023-10-23,39.5,19.6,1,1,1,1,1,0,11.4,0,,1,ojarjou,,2
IN-M-142H,week_20_arm_1,,,2023-12-28,37.7,19,1,1,1,1,1,0,12.3,0,,1,rsecka,48,2
IN-M-145E,week_20_arm_1,,,2023-10-30,37.3,19.4,1,1,1,1,1,0,9.3,0,,1,ojarjou,,2
IN-M-146H,week_20_arm_1,,,2023-11-20,36.7,19.1,1,1,1,1,1,0,9.8,0,,1,rsecka,48,2
IN-M-147K,week_20_arm_1,,,2023-10-19,29.7,19.3,1,1,1,1,1,0,11.0,0,,1,ojarjou,,2
IN-M-148E,week_20_arm_1,,,2023-12-18,20.6,19.1,1,1,1,1,1,0,11.8,0,,1,rsecka,48,2
IN-M-150H,week_20_arm_1,,,2023-11-13,29.7,19.9,1,1,1,1,1,0,10.1,0,,1,ojarjou,,2
IN-M-151B,week_20_arm_1,,,2023-10-23,38.3,19.6,1,1,1,1,1,0,11.4,0,,1,ojarjou,,2
IN-M-153G,week_20_arm_1,,,2024-01-03,26.6,19,1,1,1,1,1,0,11.2,0,,1,rsecka,48,2
IN-M-156B,week_20_arm_1,,,2023-11-06,35.5,19.7,1,1,1,1,1,0,11.0,0,,1,ojarjou,,2
IN-M-158A,week_20_arm_1,,,2023-11-13,19.2,22,0,,,,,,,,,0,ojarjou,,2
IN-M-159C,week_20_arm_1,,,2023-11-06,19.5,19.4,1,1,1,1,1,0,10.7,0,,1,ojarjou,,2
IN-M-160G,week_20_arm_1,,,2023-11-06,33.1,19.7,1,1,1,1,1,0,11.6,0,,1,ojarjou,,2
IN-M-161D,week_20_arm_1,,,2023-12-11,26.8,19.3,1,1,1,1,1,0,11.5,0,,1,rsecka,48,2
IN-M-162F,week_20_arm_1,,,2024-02-01,33.6,19.3,1,1,1,1,1,0,8.8,0,,1,rsecka,48,2
IN-M-163H,week_20_arm_1,,,2023-11-30,37.8,19,1,1,1,1,1,1,,,Epileptic patient,0,rsecka,48,2
IN-M-165G,week_20_arm_1,,,2024-01-22,21.1,19.1,1,1,1,1,1,0,11.8,0,,1,rsecka,48,2
IN-M-166D,week_20_arm_1,,,2024-01-22,26.8,19.3,1,1,1,1,1,0,9.7,0,,1,rsecka,48,2
IN-M-168K,week_20_arm_1,,,2024-01-11,24.4,19.3,1,1,1,1,1,1,,,Seizure disorder for 5 years (?Epilepsy). ,0,rsecka,48,2
IN-M-169A,week_20_arm_1,,,2024-02-01,32.8,19.1,1,1,1,1,1,0,11.2,0,,1,rsecka,48,2
IN-M-170D,week_20_arm_1,,,,,,,,,,,,,,,,,,0
IN-M-171K,week_20_arm_1,,,2023-12-21,37.4,19.6,1,1,1,1,1,1,,,Withdrawn due to medical reason,0,rsecka,48,2
IN-M-173D,week_20_arm_1,,,2024-01-22,26.9,19,1,1,1,1,1,0,8.6,0,,1,rsecka,48,2
IN-M-174J,week_20_arm_1,,,2024-02-08,25.5,19,1,1,1,1,1,0,13.5,0,,1,rsecka,48,2
IN-M-177H,week_20_arm_1,,,2024-01-29,21.2,19.4,1,1,1,1,1,0,10.8,0,,1,rsecka,48,2
IN-M-178B,week_20_arm_1,,,2023-12-07,29.7,19.3,1,1,1,1,1,0,11.5,0,,1,rsecka,48,2
IN-M-179J,week_20_arm_1,,,2024-01-22,20.9,19,1,1,1,1,1,0,12.3,0,,1,rsecka,48,2
IN-M-180J,week_20_arm_1,,,2024-02-22,27.1,19,1,1,1,1,1,0,9.1,0,,1,rsecka,48,2
IN-M-181B,week_20_arm_1,,,2023-12-07,31.2,19.1,1,1,1,1,1,0,10.8,0,,1,rsecka,48,2
IN-M-182K,week_20_arm_1,,,2024-01-22,33.7,19.1,1,1,1,1,1,0,11.2,0,,1,rsecka,48,2
IN-M-183H,week_20_arm_1,,,2023-12-07,38.8,19.9,1,1,1,1,1,0,12.8,0,,1,rsecka,48,2
IN-M-184A,week_20_arm_1,,,2023-12-27,38.8,19.4,1,1,1,1,1,0,10.9,0,,1,rsecka,48,2
IN-M-186K,week_20_arm_1,,,2024-01-29,33.5,19.3,1,1,1,1,1,0,9.1,0,,1,rsecka,48,2
IN-M-187B,week_20_arm_1,,,2024-02-20,27.9,19.1,1,1,1,1,1,0,11.8,0,,1,rsecka,48,2
IN-M-188B,week_20_arm_1,,,2024-01-03,19.6,19.9,1,1,1,1,1,0,11.0,0,,1,rsecka,48,2
IN-M-189C,week_20_arm_1,,,2024-01-08,36.6,20,1,1,1,1,1,0,11.0,0,,1,ojarjou,5,2
IN-M-190C,week_20_arm_1,,,2024-03-27,31.4,19,1,1,1,1,1,0,10.3,0,,1,rsecka,,2
IN-M-191D,week_20_arm_1,,,2024-01-29,21.1,19.1,1,1,1,1,1,0,11.2,0,,1,rsecka,48,2
IN-M-192B,week_20_arm_1,,,2024-02-15,19.9,19.1,1,1,1,1,1,0,10.4,0,,1,rsecka,48,2
IN-M-193D,week_20_arm_1,,,2024-04-02,22.3,19.1,1,1,1,1,1,1,,,Asthmatic patient,0,rsecka,,2
IN-M-194D,week_20_arm_1,,,2024-02-22,26.9,19.3,1,1,1,1,1,0,12.0,0,,1,rsecka,48,2
IN-M-195J,week_20_arm_1,,,2024-03-04,22,19.3,1,1,1,1,1,0,12.6,0,,1,rsecka,48,2
IN-M-196C,week_20_arm_1,,,2024-03-04,34.2,19,1,1,1,1,1,0,12.2,0,,1,rsecka,48,2
IN-M-201B,week_20_arm_1,,,2024-04-02,28.6,19.6,1,1,1,1,1,0,10.6,0,,1,rsecka,,2
IN-M-205D,week_20_arm_1,,,2024-01-29,23,19.3,1,1,1,1,1,0,11.5,0,,1,rsecka,48,2
IN-M-207C,week_20_arm_1,,,2024-02-01,37.7,19.1,1,1,1,1,1,0,9.3,0,,1,rsecka,48,2
IN-M-212K,week_20_arm_1,,,2024-01-30,25.6,19.9,1,1,1,1,1,0,12.2,0,,1,ojarjou,,2
IN-M-214F,week_20_arm_1,,,2024-02-12,37.1,19.3,1,1,1,1,1,0,9.4,0,,1,rsecka,48,2
IN-M-215E,week_20_arm_1,,,2024-05-02,36.8,20.6,1,1,1,1,1,0,10.2,0,,1,rsecka,,2
IN-M-217G,week_20_arm_1,,,2024-02-20,28.6,20,1,1,1,1,1,0,8.1,0,,1,rsecka,48,2
IN-M-221E,week_20_arm_1,,,2024-02-15,33.3,19.6,1,1,1,1,1,0,10.4,0,,1,rsecka,48,2
IN-M-222C,week_20_arm_1,,,2024-05-06,26.3,19.3,1,1,1,1,1,0,11.6,0,,1,rsecka,,2
IN-M-223J,week_20_arm_1,,,2024-04-22,30.3,19,1,1,1,1,1,0,10.1,0,,1,rsecka,,2
IN-M-224K,week_20_arm_1,,,2024-02-22,34.6,19.3,1,1,1,1,1,0,8.8,0,,1,rsecka,48,2
IN-M-226E,week_20_arm_1,,,2024-03-04,36.8,19.3,1,1,1,1,1,0,9.3,0,,1,rsecka,48,2
IN-M-227K,week_20_arm_1,,,2024-05-06,29.4,19.6,1,1,1,1,1,0,10.3,0,,1,rsecka,,2
IN-M-228E,week_20_arm_1,,,2024-05-06,27.6,19.4,1,1,1,1,1,0,10.7,0,,1,rsecka,,2
IN-M-229F,week_20_arm_1,,,2024-04-15,21.1,19.9,1,1,1,1,1,0,9.5,0,,1,rsecka,,2
IN-M-232C,week_20_arm_1,,,2024-02-26,36.2,19.4,1,1,1,1,1,0,10.9,0,,1,rsecka,48,2
IN-M-234D,week_20_arm_1,,,2024-05-02,35.5,19.7,1,1,1,1,1,0,9.4,0,,1,rsecka,,2
IN-M-235D,week_20_arm_1,,,2024-04-29,31.5,19.4,1,1,1,1,1,0,10.8,0,,1,rsecka,,2
IN-M-236J,week_20_arm_1,,,2024-04-15,26.5,19.9,1,1,1,1,1,0,10.0,0,,1,rsecka,,2
IN-M-238C,week_20_arm_1,,,2024-04-15,31.1,19.7,1,1,1,1,1,0,10.6,0,,1,rsecka,,2
IN-M-240B,week_20_arm_1,,,2024-04-16,27.7,19.6,1,1,1,1,1,0,10.1,0,,1,rsecka,,2
IN-M-241F,week_20_arm_1,,,2024-05-09,22.8,19.1,1,1,1,1,1,0,11.0,0,,1,rsecka,,2
IN-M-244E,week_20_arm_1,,,2024-03-11,23.4,19.4,1,1,1,1,1,0,9.7,0,,1,rsecka,,2
IN-M-245J,week_20_arm_1,,,2024-04-18,35.4,19.1,1,1,1,1,1,0,10.9,0,,1,rsecka,,2
IN-M-246G,week_20_arm_1,,,2024-05-15,25.1,25.4,1,1,1,1,1,0,11.3,0,Study team agreed to recruit and complete a PDF  ( team failed to invite her for week 20 clinic visit until she is beyond the window period for this clinic visit),1,ojarjou,5,2
IN-M-247K,week_20_arm_1,,,2024-05-16,31,19,1,1,1,1,1,0,11.1,0,,1,rsecka,,2
IN-M-249K,week_20_arm_1,,,2024-03-27,19.5,19,1,1,1,1,1,0,9.8,0,,1,rsecka,,2
IN-M-250J,week_20_arm_1,,,2024-05-02,22.2,19.1,1,1,1,1,1,1,,,Epileptic patient,0,rsecka,,2
IN-M-252B,week_20_arm_1,,,2024-05-16,39.7,19,1,1,1,1,1,0,11.0,0,,1,rsecka,,2
IN-M-254E,week_20_arm_1,,,2024-04-29,22.8,19.4,1,1,1,1,1,0,10.8,0,,1,rsecka,,2
IN-M-255D,week_20_arm_1,,,2024-05-09,23.8,19.1,1,1,1,1,1,0,11.2,0,,1,rsecka,,2
IN-M-256K,week_20_arm_1,,,2024-03-11,27.4,19.6,1,1,1,1,1,0,12.6,0,,1,rsecka,,2
IN-M-257E,week_20_arm_1,,,2024-05-02,27.8,19,1,1,1,1,1,0,11.2,0,,1,rsecka,,2
IN-M-258C,week_20_arm_1,,,2024-06-24,29.5,21.6,1,1,1,1,1,1,,,,0,ojarjou,,2
IN-M-259H,week_20_arm_1,,,2024-04-18,24.4,19.3,1,1,1,1,1,0,11.5,0,,1,rsecka,,2
IN-M-260K,week_20_arm_1,,,2024-04-18,39.8,19.1,1,1,1,1,1,1,,,Thyroid disease,0,rsecka,,2
IN-M-261J,week_20_arm_1,,,2024-05-16,26.4,19.1,1,1,1,1,1,0,15.9,0,,1,rsecka,,2
IN-M-262E,week_20_arm_1,,,2024-06-25,21.4,20.7,1,1,1,1,1,0,11.6,0,,1,rsecka,,2
IN-M-263A,week_20_arm_1,,,2024-03-18,34.7,19.6,1,1,1,1,1,0,10.9,0,,1,ojarjou,48,2
IN-M-264H,week_20_arm_1,,,2024-05-28,27.5,19.4,1,1,1,1,1,0,10.8,0,,1,rsecka,,2
IN-M-265E,week_20_arm_1,,,2024-04-22,21.1,19.1,1,1,1,1,1,0,11.4,0,,1,rsecka,,2
IN-M-266G,week_20_arm_1,,,2024-06-03,31.9,19,1,1,1,1,1,0,9.6,0,,1,rsecka,,2
IN-M-267C,week_20_arm_1,,,2024-04-02,39.8,19.6,1,1,1,1,1,0,9.6,0,,1,rsecka,,2
IN-M-268F,week_20_arm_1,,,2024-06-03,31.6,19.3,1,1,1,1,1,0,9.4,0,,1,rsecka,,2
IN-M-270C,week_20_arm_1,,,2024-05-09,24.3,19.3,1,1,1,1,1,0,12.5,0,,1,rsecka,,2
IN-M-271H,week_20_arm_1,,,2024-05-30,27.1,19.1,1,1,1,1,1,0,12.3,0,,1,rsecka,,2
IN-M-272D,week_20_arm_1,,,2024-05-13,26.3,19,1,1,1,1,1,0,11.8,0,,1,rsecka,,2
IN-M-273H,week_20_arm_1,,,2024-06-24,39.7,20,1,1,1,1,1,0,10.5,0,,1,rsecka,,2
IN-M-274B,week_20_arm_1,,,2024-06-24,24.9,20.4,1,1,1,1,1,0,10.1,0,,1,rsecka,,2
IN-M-275H,week_20_arm_1,,,2024-05-13,29.2,19,1,1,1,1,1,0,8.8,0,,1,rsecka,,2
IN-M-276H,week_20_arm_1,,,2024-05-20,22.5,19.1,1,1,1,1,1,0,9.5,0,,1,rsecka,,2
IN-M-279D,week_20_arm_1,,,2024-03-25,26.9,21,0,,,,,,,,,0,rsecka,,2
IN-M-280K,week_20_arm_1,,,2024-05-02,32.8,19.1,1,1,1,1,1,0,9.4,0,,1,rsecka,,2
IN-M-281C,week_20_arm_1,,,2024-04-25,26.3,19.3,1,1,1,1,1,0,11.5,0,,1,rsecka,,2
IN-M-282D,week_20_arm_1,,,2024-06-03,30.3,19.1,1,1,1,1,1,0,11.0,0,,1,rsecka,,2
IN-M-283F,week_20_arm_1,,,2024-05-09,36.8,19.3,1,1,1,1,1,0,11.8,0,,1,rsecka,,2
IN-M-284K,week_20_arm_1,,,2024-04-15,30.9,19.7,1,1,1,1,1,0,10.7,0,,1,rsecka,,2
IN-M-285A,week_20_arm_1,,,2024-05-09,22.8,19.1,1,1,1,1,1,0,10.3,0,,1,rsecka,,2
IN-M-287K,week_20_arm_1,,,2024-07-08,20.5,20.7,1,1,1,1,1,0,10.2,0,,1,rsecka,,2
IN-M-288G,week_20_arm_1,,,2024-05-02,25.6,19,1,1,1,1,1,0,11.3,0,,1,rsecka,,2
IN-M-290B,week_20_arm_1,,,2024-06-24,30.7,20.4,1,1,1,1,1,0,10.2,0,,1,rsecka,,2
IN-M-291J,week_20_arm_1,,,2024-06-06,33.5,19,1,1,1,1,1,0,10.7,0,,1,rsecka,,2
IN-M-292D,week_20_arm_1,,,2024-05-09,32.2,19.3,1,1,1,1,1,0,9.0,0,,1,rsecka,,2
IN-M-293C,week_20_arm_1,,,2024-04-22,28,19.3,1,1,1,1,1,0,10.3,0,,1,rsecka,,2
IN-M-295F,week_20_arm_1,,,2024-04-22,31.4,19.9,1,1,1,1,1,0,10.7,0,,1,rsecka,,2
IN-M-296G,week_20_arm_1,,,2024-06-10,33.3,19.1,1,1,1,1,1,0,13.1,0,,1,rsecka,,2
IN-M-297E,week_20_arm_1,,,2024-07-08,28.3,20.1,1,1,1,1,1,0,11.3,0,,1,rsecka,,2
IN-M-298B,week_20_arm_1,,,2024-07-15,22.9,20.4,1,1,1,1,1,0,11.6,0,,1,rsecka,,2
IN-M-299A,week_20_arm_1,,,2024-05-28,18.2,19.4,1,1,1,1,1,0,10.6,0,,1,rsecka,,2
IN-M-302A,week_20_arm_1,,,2024-07-22,24.7,20.1,1,1,1,1,1,0,12.7,0,,1,rsecka,,2
IN-M-305B,week_20_arm_1,,,2024-06-03,27.2,19.1,1,1,1,1,1,0,10.9,0,,1,rsecka,,2
IN-M-306K,week_20_arm_1,,,2024-04-29,38.8,20.4,1,1,1,1,1,0,10.2,0,,1,rsecka,,2
IN-M-307K,week_20_arm_1,,,2024-06-10,25,19.3,1,1,1,1,1,0,9.3,0,,1,rsecka,,2
IN-M-308B,week_20_arm_1,,,2024-07-15,34.7,20.3,1,1,1,1,1,0,10.3,0,,1,rsecka,,2
IN-M-309K,week_20_arm_1,,,2024-05-30,19.9,19.3,1,1,1,1,1,1,,,Seizure disorder,0,rsecka,,2
IN-M-310B,week_20_arm_1,,,2024-06-03,28.4,19.1,1,1,1,1,1,0,10.6,0,,1,rsecka,,2
IN-M-312C,week_20_arm_1,,,2024-07-18,28.2,20.3,1,1,1,1,1,0,10.2,0,,1,rsecka,,2
IN-M-313E,week_20_arm_1,,,2024-07-22,23.1,20.4,1,1,1,1,1,0,10.1,0,,1,rsecka,,2
IN-M-314F,week_20_arm_1,,,2024-07-04,24.2,20,1,1,1,1,1,0,10.6,0,,1,rsecka,,2
IN-M-315E,week_20_arm_1,,,2024-07-08,28.1,20.3,1,1,1,1,1,0,9.9,0,,1,rsecka,,2
IN-M-316H,week_20_arm_1,,,2024-06-10,35.9,19.3,1,1,1,1,1,0,10.7,0,,1,rsecka,,2
IN-M-317J,week_20_arm_1,,,2024-07-01,24.2,20,1,1,1,1,1,0,9.7,0,,1,rsecka,,2
IN-M-318F,week_20_arm_1,,,2024-07-01,32.2,20,1,1,1,1,1,0,11.1,0,,1,rsecka,,2
IN-M-321D,week_20_arm_1,,,2024-05-28,19.7,19.1,1,1,1,1,1,0,9.5,0,,1,rsecka,,2
IN-M-322F,week_20_arm_1,,,2024-07-22,25,20.3,1,1,1,1,1,0,10.2,0,,1,rsecka,,2
IN-M-323D,week_20_arm_1,,,2024-06-26,31.6,20.4,1,1,1,1,1,0,9.2,0,,1,rsecka,,2
IN-M-324J,week_20_arm_1,,,2024-07-22,28.8,20,1,1,1,1,1,0,8.6,0,,1,rsecka,,2
IN-M-326B,week_20_arm_1,,,2024-07-18,31,20,1,1,1,1,1,0,9.8,0,,1,rsecka,,2
IN-M-327F,week_20_arm_1,,,2024-05-09,24.9,20,1,1,1,1,1,0,12.6,0,,1,rsecka,,2
IN-M-328K,week_20_arm_1,,,2024-05-20,23.3,19.1,1,1,1,1,1,0,10.8,0,,1,rsecka,,2
IN-M-329D,week_20_arm_1,,,2024-05-28,24.5,19.4,1,1,1,1,1,0,11.4,0,,1,rsecka,,2
IN-M-331E,week_20_arm_1,,,2024-06-24,21.9,23.1,1,1,1,1,0,,,,"She is already in the process of moving permanently to the West Coast region. She is going back tomorrow and does not play to come back anytime soon as her family is relocating to their new compound at the coast. She was all along at the coast, returned a week ago.",0,ojarjou,5,2
IN-M-332E,week_20_arm_1,,,2024-07-01,25.1,20.3,1,1,1,1,1,0,11.7,0,,1,rsecka,,2
IN-M-333H,week_20_arm_1,,,2024-06-25,19.3,19.3,1,1,1,1,1,0,12.4,0,,1,rsecka,,2
IN-M-334J,week_20_arm_1,,,2024-07-04,28.7,20.3,1,1,1,1,1,0,,,"Had pregnancy induced hypertension in first, second and third pregnancy and was on antihypertensive therapy. High risk pregnancy",0,rsecka,,2
IN-M-335V,week_20_arm_1,,,2024-07-25,38.5,20.3,1,1,1,1,1,0,8.0,0,,1,rsecka,,2
IN-M-336H,week_20_arm_1,,,2024-08-19,23,20.3,1,1,1,1,1,0,11.8,0,,1,rsecka,,2
IN-M-337B,week_20_arm_1,,,2024-06-26,33.7,19.6,1,1,1,1,1,0,8.6,0,,1,rsecka,,2
IN-M-339K,week_20_arm_1,,,2024-05-13,21,20.7,1,1,1,1,1,0,11.0,0,,1,rsecka,,2
IN-M-340D,week_20_arm_1,,,2024-08-12,19.2,20.3,1,1,1,1,1,0,12.2,0,,1,rsecka,,2
IN-M-341A,week_20_arm_1,,,2024-06-24,30.2,20.4,1,1,1,1,1,0,10.2,0,,1,rsecka,,2
IN-M-342B,week_20_arm_1,,,2024-08-22,27.4,20.3,1,1,1,1,1,0,10.0,0,,1,rsecka,,2
IN-M-346A,week_20_arm_1,,,2024-06-10,32.5,19.4,1,1,1,1,1,0,9.4,0,,1,rsecka,,2
IN-M-348F,week_20_arm_1,,,2024-06-26,24.5,20.3,1,1,1,1,1,0,10.7,0,,1,rsecka,,2
IN-M-351B,week_20_arm_1,,,2024-07-25,36.9,20.1,1,1,1,1,1,0,10.0,0,,1,rsecka,,2
IN-M-352C,week_20_arm_1,,,2024-08-05,25.3,21,1,1,1,1,1,0,11.2,0,,1,rsecka,,2
IN-M-354C,week_20_arm_1,,,2024-05-13,18,19.6,1,1,1,1,1,0,10.1,0,,1,ojarjou,5,2
IN-M-355U,week_20_arm_1,,,2024-07-29,19.7,20.1,1,1,1,1,1,0,10.0,0,,1,rsecka,,2
IN-M-356C,week_20_arm_1,,,2024-06-06,18.2,19.4,1,1,1,1,1,0,11.2,0,,1,rsecka,,2
IN-M-359R,week_20_arm_1,,,2024-08-26,21.8,20.4,1,1,1,1,1,0,11.4,0,,1,rsecka,,2
IN-M-361J,week_20_arm_1,,,2024-08-05,26,20,1,1,1,1,1,0,9.9,0,,1,rsecka,,2
IN-M-362E,week_20_arm_1,,,2024-08-19,28.6,20.1,1,1,1,1,1,0,8.8,0,,1,rsecka,,2
IN-M-363J,week_20_arm_1,,,2024-08-12,23.7,20.3,1,1,1,1,1,0,10.1,0,,1,rsecka,,2
IN-M-364B,week_20_arm_1,,,2024-08-26,31.9,20.7,1,1,1,1,1,0,9.9,0,,1,rsecka,,2
IN-M-365J,week_20_arm_1,,,2024-06-06,34.1,19,1,1,1,1,1,0,10.4,0,,1,rsecka,,2
IN-M-366D,week_20_arm_1,,,2024-08-22,26.4,20,1,1,1,1,1,0,12.2,0,,1,rsecka,,2
IN-M-367G,week_20_arm_1,,,2024-08-08,32.5,20.3,1,1,1,1,1,0,10.2,0,,1,rsecka,,2
IN-M-368G,week_20_arm_1,,,2024-08-12,33,20,1,1,1,1,1,0,9.9,0,,1,rsecka,,2
IN-M-369J,week_20_arm_1,,,2024-07-29,22.2,20.1,1,1,1,1,1,0,9.4,0,,1,rsecka,,2
IN-M-370E,week_20_arm_1,,,2024-08-26,27.1,20.7,1,1,1,1,1,0,10.6,0,,1,rsecka,,2
IN-M-372J,week_20_arm_1,,,2024-08-19,36.2,20.1,1,1,1,1,1,0,10.2,0,,1,rsecka,,2
IN-M-373D,week_20_arm_1,,,2024-08-01,31.3,20,1,1,1,1,1,0,11.7,0,,1,rsecka,,2
IN-M-374J,week_20_arm_1,,,2024-05-23,27.1,20.3,1,1,1,1,1,0,10.8,0,Considering to move to the coast after delivery. Ask to keep research team in the loop.,1,ojarjou,5,2
IN-M-375H,week_20_arm_1,,,2024-07-15,20.7,20.4,1,1,1,1,1,0,11.2,0,,1,rsecka,,2
IN-M-377X,week_20_arm_1,,,2024-07-15,24.2,19.9,1,1,1,1,1,0,8.9,0,,1,rsecka,,2
IN-M-378J,week_20_arm_1,,,2024-08-29,24,20,1,1,1,1,1,0,10.8,0,,1,rsecka,,2
IN-M-379Q,week_20_arm_1,,,2024-08-19,30.3,20.3,1,1,1,1,1,0,7.5,0,,1,rsecka,,2
IN-M-380A,week_20_arm_1,,,2024-08-19,27.4,20.3,1,1,1,1,1,0,9.5,0,,1,rsecka,,2
IN-M-381H,week_20_arm_1,,,2024-07-08,19.9,20.4,1,1,1,1,1,0,11.0,0,,1,rsecka,,2
IN-M-382C,week_20_arm_1,,,2024-07-11,38.3,20,1,1,1,1,1,0,10.2,0,,1,rsecka,,2
IN-M-386K,week_20_arm_1,,,2024-08-26,31.9,20.4,1,1,1,1,1,0,8.1,0,Withdrawn due to medical reason,0,rsecka,,2
IN-M-387B,week_20_arm_1,,,2024-07-08,34.4,20.1,1,1,1,1,1,0,11.1,0,,1,rsecka,,2
IN-M-390A,week_20_arm_1,,,2024-08-26,32.2,20.3,1,1,1,1,1,0,11.7,0,,1,rsecka,,2
IN-M-392J,week_20_arm_1,,,2024-08-26,22,20.4,1,1,1,1,1,0,10.9,0,,1,rsecka,,2
IN-M-393H,week_20_arm_1,,,2024-08-12,30.1,20.3,1,1,1,1,1,0,11.2,0,,1,rsecka,,2
IN-M-395J,week_20_arm_1,,,2024-08-22,28.2,20,1,1,1,1,1,0,9.6,0,,1,rsecka,,2
IN-M-396F,week_20_arm_1,,,2024-09-05,25.7,20.1,1,1,1,1,1,0,8.8,0,,1,ojarjou,5,2
IN-M-398A,week_20_arm_1,,,2024-08-08,36.3,20.6,1,1,1,1,1,1,,,,,rsecka,,2
IN-M-399C,week_20_arm_1,,,2024-07-18,33.7,20,1,1,1,1,1,0,9.8,0,,1,rsecka,,2
IN-M-400D,week_20_arm_1,,,2024-08-19,25.2,20.4,1,1,1,1,1,0,9.3,0,,1,rsecka,,2
IN-M-401A,week_20_arm_1,,,2024-07-29,26.8,19.4,1,1,1,1,1,0,10.0,0,,1,rsecka,,2
IN-M-402K,week_20_arm_1,,,2024-09-09,28.6,20,1,1,1,1,1,0,10.5,0,,1,ojarjou,5,2
IN-M-403C,week_20_arm_1,,,2024-08-05,20.9,21.4,1,1,1,1,1,0,10.8,0,,1,rsecka,,2
IN-M-404B,week_20_arm_1,,,2024-08-19,21.5,20.7,1,1,1,1,1,0,7.7,0,,1,rsecka,,2
IN-M-405C,week_20_arm_1,,,2024-06-04,29.1,19,1,1,1,1,1,0,11.5,0,,1,ojarjou,5,2
IN-M-406K,week_20_arm_1,,,2024-06-24,22.7,19.6,1,1,1,1,1,0,11.5,0,,1,ojarjou,5,2
IN-M-407C,week_20_arm_1,,,2024-06-24,31.5,20.9,1,1,1,1,1,0,13.0,0,,1,ojarjou,5,2
IN-M-408B,week_20_arm_1,,,2024-08-26,30.2,20.1,1,1,1,1,1,0,11.1,0,,1,rsecka,,2
IN-M-409B,week_20_arm_1,,,2024-09-02,20.8,20.3,1,1,1,1,1,0,10.8,0,,1,ojarjou,5,2
IN-M-410J,week_20_arm_1,,,2024-09-17,23.2,20.1,1,1,1,1,1,0,10.0,0,,1,ojarjou,5,2
IN-M-411Q,week_20_arm_1,,,2024-08-22,33.4,20.3,1,1,1,1,1,0,11.9,0,,1,rsecka,,2
IN-M-412E,week_20_arm_1,,,2024-07-11,25.5,20,1,1,1,1,1,0,12.1,0,,1,rsecka,,2
IN-M-413B,week_20_arm_1,,,2024-09-02,36.9,20.4,1,1,1,1,1,0,9.4,0,,1,ojarjou,5,2
IN-M-414B,week_20_arm_1,,,2024-09-23,31.9,19.7,1,1,1,1,1,0,9.6,0,,1,ojarjou,5,2
IN-M-415L,week_20_arm_1,,,2024-07-11,24.4,20.3,1,1,1,1,1,0,10.6,0,,1,rsecka,,2
IN-M-416K,week_20_arm_1,,,2024-06-13,28.1,19.6,1,1,1,1,1,0,11.6,0,,1,rsecka,,2
IN-M-417F,week_20_arm_1,,,2024-08-19,38,20.3,1,1,1,1,1,0,10.3,0,,1,rsecka,,2
IN-M-418C,week_20_arm_1,,,2024-07-11,29.3,20.1,1,1,1,1,1,0,10.1,0,,1,rsecka,,2
IN-M-419C,week_20_arm_1,,,2024-08-22,25.4,20.3,1,1,1,1,1,0,11.10,0,Initially sent for some screening test.,1,ojarjou,5,2
IN-M-421E,week_20_arm_1,,,2024-09-30,36,20.9,1,1,1,1,1,0,10.4,0,,1,ojarjou,5,2
IN-M-422K,week_20_arm_1,,,2024-08-26,22.6,20.4,1,1,1,1,1,0,10.8,0,,1,rsecka,,2
IN-M-423K,week_20_arm_1,,,2024-08-19,22.3,20.6,1,1,1,1,1,0,9.8,0,,1,rsecka,,2
IN-M-424B,week_20_arm_1,,,2024-09-05,24.5,20,1,1,1,1,1,0,11.8,0,,1,ojarjou,5,2
IN-M-425E,week_20_arm_1,,,2024-09-30,38.5,20,1,1,1,1,1,0,9.5,0,,1,ojarjou,5,2
IN-M-426G,week_20_arm_1,,,2024-09-23,29.5,19.6,1,1,1,1,1,0,8.7,0,Exclude if no improvement in Hb.,1,ojarjou,5,2
IN-M-427G,week_20_arm_1,,,2024-09-26,39,19.7,1,1,1,1,1,0,10.2,0,,1,ojarjou,5,2
IN-M-428C,week_20_arm_1,,,2024-09-26,36,19.6,1,1,1,1,1,0,9.7,0,,1,ojarjou,5,2
IN-M-429A,week_20_arm_1,,,2024-09-26,30,19.7,1,1,1,1,1,0,10.6,0,,1,ojarjou,5,2
IN-M-431J,week_20_arm_1,,,2024-09-12,38.4,20.1,1,1,1,1,1,0,11.1,0,,1,ojarjou,5,2
IN-M-432G,week_20_arm_1,,,2024-09-30,21.2,19.6,1,1,1,1,1,0,9.1,0,,1,ojarjou,5,2
IN-M-433G,week_20_arm_1,,,2024-09-05,27.2,20,1,1,1,1,1,0,9.3,0,Needs close monitoring,1,ojarjou,5,2
IN-M-434E,week_20_arm_1,,,2024-09-12,28.1,20.3,1,1,1,1,1,0,8.9,0,,1,ojarjou,5,2
IN-M-435H,week_20_arm_1,,,2024-09-02,35.7,20.1,1,1,1,1,1,0,10.3,0,,1,ojarjou,5,2
IN-M-436A,week_20_arm_1,,,2024-09-17,29.9,20,1,1,,,,,,,"Excluded for clinical reasons.Q5  Could not be assessed, inappropriate response given.",0,ojarjou,5,2
IN-M-439F,week_20_arm_1,,,2024-07-29,20.5,20.3,1,1,1,1,1,0,11.0,0,,1,rsecka,,2
IN-M-440F,week_20_arm_1,,,2024-08-05,32.4,20,1,1,1,1,1,0,9.5,0,,1,rsecka,,2
IN-M-441F,week_20_arm_1,,,2024-07-17,24.4,20,1,1,1,1,1,0,11.9,0,,1,ojarjou,5,2
IN-M-442H,week_20_arm_1,,,2024-09-17,23.6,19.7,1,1,1,1,1,0,11.1,0,,1,ojarjou,5,2
IN-M-443B,week_20_arm_1,,,2024-08-22,37.3,20.1,1,1,1,1,1,0,8.5,0,,1,rsecka,,2
IN-M-444E,week_20_arm_1,,,2024-07-29,37.1,20.7,1,1,1,1,1,0,10.1,0,,1,rsecka,,2
IN-M-448A,week_20_arm_1,,,2024-09-30,31,19.6,1,1,1,1,1,0,,,Excluded on medical ground. Details in clinical notes.,0,ojarjou,5,2
IN-M-449F,week_20_arm_1,,,2024-08-29,26.3,20.3,1,1,1,1,1,0,9.9,0,,1,rsecka,,2
IN-M-451B,week_20_arm_1,,,2024-10-07,34.1,19.7,1,1,1,1,1,0,10.8,0,,1,rsecka,,2
IN-M-452K,week_20_arm_1,,,2024-07-18,28.6,20,1,1,1,1,1,0,12.6,0,,1,rsecka,,2
IN-M-453D,week_20_arm_1,,,2024-10-10,22.5,19.7,1,1,1,1,1,0,,,"High risk pregnancy, participant excluded",0,rsecka,,2
IN-M-454C,week_20_arm_1,,,2024-08-12,28.7,20.3,1,1,1,1,1,0,10.6,0,,1,rsecka,,2
IN-M-455F,week_20_arm_1,,,2024-09-23,25.5,20,1,1,1,1,1,0,9.9,0,,1,ojarjou,5,2
IN-M-456A,week_20_arm_1,,,2024-09-12,18.5,20,1,1,1,1,1,0,9.9,0,,1,ojarjou,5,2
IN-M-457G,week_20_arm_1,,,2024-09-17,28.4,20,1,1,1,1,1,0,5.7,,,0,ojarjou,,0
IN-M-458H,week_20_arm_1,,,2024-09-09,32.2,20.3,1,1,1,1,1,1,,,,0,ojarjou,5,2
IN-M-460E,week_20_arm_1,,,2024-09-05,39.4,20.1,1,1,1,1,1,0,10.6,0,,1,ojarjou,5,2
IN-M-462F,week_20_arm_1,,,2024-10-10,24,19.9,1,1,1,1,1,0,10.7,0,,1,rsecka,,2
IN-M-464J,week_20_arm_1,,,2024-10-24,21.6,19.9,1,1,1,1,1,0,12.0,0,,1,rsecka,,2
IN-M-468H,week_20_arm_1,,,2024-10-17,25.4,19.9,1,1,1,1,1,0,11.3,0,,1,rsecka,,2
IN-M-471A,week_20_arm_1,,,2024-09-12,29.9,20.3,1,1,1,1,1,0,9.2,0,,1,ojarjou,5,2
IN-M-472E,week_20_arm_1,,,2024-10-17,28.7,19.7,1,1,1,1,1,0,11.3,0,,1,rsecka,,2
IN-M-473C,week_20_arm_1,,,2024-10-21,22.3,19.7,1,1,1,1,1,0,11.0,0,,1,rsecka,,2
IN-M-474B,week_20_arm_1,,,2024-09-17,25.8,20.3,1,1,1,1,1,0,11.2,0,,1,ojarjou,5,2
IN-M-475G,week_20_arm_1,,,2024-10-10,39.3,19.7,1,1,1,1,1,0,10.3,0,,1,rsecka,,2
IN-M-476N,week_20_arm_1,,,2024-08-26,32.1,20.4,1,1,1,1,1,0,7.7,0,,1,rsecka,,2
IN-M-478F,week_20_arm_1,,,2024-10-03,23.2,19.7,1,1,1,1,1,0,10.1,0,,1,ojarjou,5,2
IN-M-481K,week_20_arm_1,,,2024-10-21,26.6,21,1,1,1,1,1,0,8.8,0,,1,rsecka,,2
IN-M-483S,week_20_arm_1,,,2024-08-19,25.3,20,1,1,1,1,1,0,9.1,0,,1,rsecka,,2
IN-M-485G,week_20_arm_1,,,2024-08-19,34.6,20.1,1,1,1,1,1,0,10.1,0,,1,rsecka,,2
IN-M-486J,week_20_arm_1,,,2024-10-03,18.5,19.7,1,1,1,1,1,0,11.7,0,,1,ojarjou,5,2
IN-M-487A,week_20_arm_1,,,2024-11-04,36.6,20,1,1,1,1,1,0,9.6,0,,1,rsecka,,2
IN-M-489D,week_20_arm_1,,,2024-08-29,22.4,20.1,1,1,1,1,1,0,10.7,0,,1,rsecka,,2
IN-M-491D,week_20_arm_1,,,2024-10-28,24.1,19.9,1,1,1,1,1,0,11.0,0,,1,rsecka,,2
IN-M-492E,week_20_arm_1,,,2024-09-19,36.1,19.6,1,1,1,1,1,0,9.2,0,,1,ojarjou,5,2
IN-M-493A,week_20_arm_1,,,2024-08-08,24.1,19.9,1,1,1,1,1,0,10.3,0,,1,rsecka,,2
IN-M-494G,week_20_arm_1,,,2024-09-09,35.1,20.4,1,1,1,1,1,0,12.1,0,,1,ojarjou,5,2
IN-M-495J,week_20_arm_1,,,2024-08-26,22.4,20.3,1,1,1,1,1,0,10.4,0,,1,rsecka,,2
IN-M-496D,week_20_arm_1,,,2024-10-29,30.1,20.1,1,1,1,1,1,0,11.3,0,,1,rsecka,,2
IN-M-497A,week_20_arm_1,,,2024-10-15,21.5,19.9,1,1,1,1,1,0,10.7,0,,1,rsecka,,2
IN-M-502C,week_20_arm_1,,,2024-09-17,31.6,19.6,1,1,1,1,1,0,11.9,0,,1,ojarjou,5,2
IN-M-503D,week_20_arm_1,,,2024-09-12,24.4,20,1,1,1,1,1,0,9.6,0,,1,ojarjou,5,2
IN-M-507F,week_20_arm_1,,,2024-09-17,36.3,19.7,1,1,1,1,1,0,10.8,0,,1,ojarjou,5,2
IN-M-510E,week_20_arm_1,,,2024-10-28,26.6,19.4,1,1,1,1,1,0,11.7,0,,1,rsecka,,2
IN-M-511F,week_20_arm_1,,,2024-11-04,39.6,19.7,1,1,1,1,1,0,11.3,0,,1,rsecka,,2
IN-M-517H,week_20_arm_1,,,2024-10-28,32.5,19.9,1,1,1,1,1,0,8.7,0,,1,rsecka,,2
IN-M-518H,week_20_arm_1,,,2024-10-10,33.7,19.7,1,1,1,1,1,0,11.6,0,,1,rsecka,,2
IN-M-519J,week_20_arm_1,,,2024-09-17,38.7,19.6,1,1,1,1,1,0,9.7,0,,1,ojarjou,5,2
IN-M-520B,week_20_arm_1,,,2024-09-30,26.7,19.7,1,1,1,1,1,0,11.1,0,,1,ojarjou,5,2
IN-M-521K,week_20_arm_1,,,2024-09-30,30.9,19.6,1,1,1,1,1,0,10.8,0,"Both Fula and Mandinka are spoken at home. Mum is a Mandinka , she speaks Mandinka to her children. ",1,ojarjou,5,2
IN-M-522A,week_20_arm_1,,,2024-10-07,27.6,19.9,1,1,1,1,1,0,10.3,0,,1,rsecka,,2
IN-M-523A,week_20_arm_1,,,2024-10-28,31,19.9,1,1,1,1,1,0,13.2,0,,1,rsecka,,2
IN-M-524J,week_20_arm_1,,,2024-09-02,31.5,20.3,1,1,1,1,1,0,10.6,0,,1,ojarjou,5,2
IN-M-525G,week_20_arm_1,,,2024-09-17,32.5,20,1,1,1,1,1,0,11.10,0,She is Jola but her husband is a Mandingka. ,1,ojarjou,5,2
IN-M-526B,week_20_arm_1,,,2024-10-17,34.7,19.6,1,1,1,1,1,0,10.0,0,,1,rsecka,,2
IN-M-527F,week_20_arm_1,,,2024-10-15,24.2,19.7,1,1,1,1,1,0,12.2,0,,1,rsecka,,2
IN-M-528J,week_20_arm_1,,,2024-10-07,28.7,20,1,1,1,1,1,0,11.9,0,,1,rsecka,,2
IN-M-529C,week_20_arm_1,,,2024-10-01,35.1,19.6,1,1,1,1,1,0,11.0,0,,1,ojarjou,5,2
IN-M-530F,week_20_arm_1,,,2024-10-28,24.8,20.4,1,1,1,1,1,0,11.1,0,,1,rsecka,,2
IN-M-531E,week_20_arm_1,,,2024-10-21,28.7,20,1,1,1,1,1,0,11.6,0,,1,rsecka,,2
IN-M-536D,week_20_arm_1,,,2024-10-28,39.2,20,1,1,1,1,1,0,10.2,0,,1,rsecka,,2
IN-M-537A,week_20_arm_1,,,2024-09-17,39.4,19.6,1,1,1,1,1,0,10.7,0,,1,ojarjou,5,2
IN-M-541A,week_20_arm_1,,,2024-10-24,35.8,20,1,1,1,1,1,0,10.8,0,,1,rsecka,,2
IN-M-542D,week_20_arm_1,,,2024-10-24,35.1,19.7,1,1,1,1,1,0,11.6,0,,1,rsecka,,2
IN-M-543C,week_20_arm_1,,,2024-10-01,33.4,19.9,1,1,1,1,1,0,11.0,0,,1,ojarjou,5,2
IN-M-545G,week_20_arm_1,,,2024-11-04,27.5,19.6,1,1,1,1,1,0,9.9,0,,1,rsecka,,2
IN-M-546H,week_20_arm_1,,,2024-10-24,18.9,19.7,1,1,1,1,1,0,10.9,0,,1,rsecka,,2
IN-M-551K,week_20_arm_1,,,2024-10-21,23.7,19.6,1,1,1,1,1,0,11.9,0,,1,rsecka,,2
IN-M-553D,week_20_arm_1,,,2024-10-17,25.3,19.9,1,1,1,1,1,0,10.8,0,,1,rsecka,,2
IN-M-558A,week_20_arm_1,,,2024-09-18,23.3,19.4,1,1,1,1,1,0,10.5,0,,1,ojarjou,5,2
IN-M-559E,week_20_arm_1,,,2024-09-18,32.2,19.7,1,1,1,1,1,0,9.8,0,,1,ojarjou,5,2
IN-M-564G,week_20_arm_1,,,2024-10-07,20.4,20,1,1,1,1,1,0,12.0,0,,1,rsecka,,2
IN-M-567C,week_20_arm_1,,,2024-10-14,30.7,21.3,1,1,1,1,1,1,,,,0,rsecka,,2
IN-M-569D,week_20_arm_1,,,2024-09-24,36.7,19.3,1,1,1,1,1,0,11.6,0,,1,ojarjou,5,2
IN-M-570H,week_20_arm_1,,,,,,,,,,,,,,,,,,0
IN-M-575J,week_20_arm_1,,,2024-10-15,24.8,19.7,1,1,1,1,1,0,10.0,0,,1,rsecka,,2
IN-M-576G,week_20_arm_1,,,2024-10-28,29.9,19.4,1,1,1,1,1,0,10.8,0,,1,rsecka,,2
IN-M-577D,week_20_arm_1,,,2024-10-24,33,19.9,1,1,1,1,1,0,9.1,0,,1,rsecka,,2
IN-M-578G,week_20_arm_1,,,2024-10-03,35.6,19.7,1,1,1,1,1,0,,,Excluded on clinical grounds. ,0,ojarjou,5,2
IN-M-586C,week_20_arm_1,,,2024-10-14,36.5,20.6,1,1,1,1,1,0,9.7,0,,1,rsecka,,2
IN-M-588C,week_20_arm_1,,,2024-10-21,22.6,19.9,1,1,1,1,1,0,9.2,0,,1,rsecka,,2
IN-M-589B,week_20_arm_1,,,2024-10-17,28.5,19.9,1,1,1,1,1,0,10.8,0,,1,rsecka,,2
IN-M-593B,week_20_arm_1,,,2024-10-08,30.1,19.3,1,1,1,1,1,0,12.0,0,,1,rsecka,,2
IN-M-599H,week_20_arm_1,,,2024-10-15,22.7,20.1,1,1,1,1,1,0,11.9,0,,1,rsecka,,2
IN-M-602K,week_20_arm_1,,,2024-10-24,29.8,19.9,1,1,1,1,1,0,11.7,0,,1,rsecka,,2
IN-M-605F,week_20_arm_1,,,2024-10-24,32.8,19.7,1,1,1,1,1,0,11.1,0,,1,rsecka,,2
IN-M-613J,week_20_arm_1,,,2024-11-04,28.3,19.7,1,1,1,1,1,0,9.9,0,,1,rsecka,,2
IN-M-618A,week_20_arm_1,,,2024-10-24,38.9,19.6,1,1,1,0,,,,,Primary language of mother is Jola,0,rsecka,,2
IN-M-622E,week_20_arm_1,,,2024-10-28,26.2,19.6,1,1,1,1,1,0,10.9,0,,1,rsecka,,2
IN-M-630A,week_20_arm_1,,,2024-11-04,31.1,19.9,1,1,1,1,1,0,12.6,0,,1,rsecka,,2
