con_participantid_q1,redcap_event_name,redcap_repeat_instrument,redcap_repeat_instance,dethinicity,spe_ethinicity,sed_maritalstatus,how_many_co_wives_do_you_h,d_family_size_amt,dconstuction_material,dfuel_source,dprimary_lightsource,dprimariy_watersource,spec_other,dsource_water_otherpurpose,spec_other_2,dminutes_togetwater,dtoilet_facility_used,dtoilet_facility_9a,dflush_pourflush_to,dtoilet_location,dshare_toilet,dwash_hand_where,dwash_hand_where13b,dsoap_detergent,dhabitable_room,dmaterial_home_floor,dradio_stereo_cassatte,dmosquitornet_num,dbed_in_household,dbicycle,dmotorcycle,dcar,dfridge_household,dtelevision,does_household_head_has_a,dfan,does_your_household_has_el,sed_profession,socio_other_employ,sed_spouseprofession,socio_other_spouse,if_in_a_full_time_or_part,how_many_heads_of_small_ru,how_many_heads_of_cattle_d,from_all_sources_how_much,sed_edulevel,sed_otheredu,choose_all_that_applie___1,choose_all_that_applie___2,sed_language,what_is_the_highest_level2,in_total_how_years_di,sed_spouseedulev,sed_spouseedulanguage,sed_spousehighedulevel,sed_spouseschyears,dread_write,completed_byq45,verified_byq47,socioeconomic_and_demographic_complete
IN-M-001E,recruitment_arm_1,,,1,,1,0,6,3,2,6,3,,4,,1,4,,,1,0,3,,1,2,5,2,2,3,1,1,1,0,1,1,1,1,,,,,,8,0,6000,1,1,1,0,2,1,3,1,1,1,5,,,21,2
IN-M-002H,recruitment_arm_1,,,1,,1,2,15,2,2,5,5,,4,,1,4,,,2,0,1,,1,4,5,2,2,3,1,1,0,1,1,1,1,1,,,,,1,7,1,7000,1,0,0,0,1,1,3,1,1,3,12,0,,19,2
IN-M-003A,recruitment_arm_1,,,,,,,,,,,,,,,,,,,,,,,,,,,,,,,,,,,,,,,,,,,,,,,0,0,,,,,,,,,,,0
IN-M-004F,recruitment_arm_1,,,1,,1,1,7,3,2,6,3,,3,,2,1,,4,1,0,3,,1,4,5,0,2,3,1,0,0,0,0,1,0,0,2,,5,,1,0,0,7000,1,0,0,0,1,3,10,1,1,3,12,1,tdrammeh,39,2
IN-M-005J,recruitment_arm_1,,,1,,1,0,10,2,2,6,2,,2,,1,3,,,2,0,3,,1,3,5,1,0,3,1,0,0,1,1,1,0,1,,,,,1,17,10,8000,0,0,0,0,,,,1,2,4,15,,,6,2
IN-M-006H,recruitment_arm_1,,,1,,1,0,11,2,2,6,3,,4,,2,3,,,2,0,3,,0,1,5,0,2,3,0,0,0,0,0,1,0,1,,,,,7,5,0,3000,1,1,1,0,2,1,5,0,,,,,,19,2
IN-M-007A,recruitment_arm_1,,,5,,1,0,20,3,2,5,1,,1,,1,4,,,2,1,3,,1,1,5,0,2,3,0,0,0,1,0,1,0,1,,,,,,4,0,1500,0,0,0,0,,,,0,,,,,,19,2
IN-M-008D,recruitment_arm_1,,,4,,1,1,8,4,2,6,7,,7,,1,5,,,2,1,3,,1,3,6,0,2,3,0,1,0,0,0,1,0,0,2,,5,,1,13,22,8000,1,0,0,0,1,3,10,1,1,3,12,1,fnjai,6,2
IN-M-009K,recruitment_arm_1,,,1,,1,0,12,4,2,11,5,,4,,5,4,,,2,0,3,,1,3,5,1,2,3,1,0,0,0,0,1,0,0,2,,5,,1,5,2,4000,1,1,0,1,1,2,9,1,1,4,12,1,asejatta,,2
IN-M-010F,recruitment_arm_1,,,,,,,,,,,,,,,,,,,,,,,,,,,,,,,,,,,,,,,,,,,,,,,0,0,,,,,,,,,,,0
IN-M-011C,recruitment_arm_1,,,1,,1,0,20,2,2,9,3,,4,,3,3,,,2,1,2,,1,2,5,0,1,2,1,0,0,0,0,1,0,0,,,,,,20,0,9000,1,1,1,0,2,3,10,1,2,1,5,,,6,2
IN-M-012B,recruitment_arm_1,,,5,,1,0,11,3,2,9,3,,4,,3,4,,,2,1,1,,1,3,2,1,2,3,1,1,0,0,0,1,0,0,,,,,,9,0,4500,0,1,1,0,,,,0,,,,,,6,2
IN-M-013D,recruitment_arm_1,,,1,,1,1,8,4,2,6,3,,4,,2,3,,,2,1,3,,1,3,6,2,2,3,1,0,1,0,1,1,0,0,1,,8,Leather worker,1,9,0,3000,1,0,0,0,1,1,4,1,1,3,11,0,embye,6,2
IN-M-014D,recruitment_arm_1,,,5,,1,1,14,3,2,4,5,,5,,4,5,,,2,1,4,,1,4,5,0,0,3,0,0,0,0,0,1,0,0,1,,1,,3,5,3,3000,1,1,0,1,2,1,5,1,1,2,8,1,otbah,6,2
IN-M-015H,recruitment_arm_1,,,1,,1,0,10,3,2,5,3,,4,,10,3,,,1,0,4,,0,4,5,2,2,3,1,0,0,0,1,1,0,1,1,,5,,1,5,0,6000,1,1,1,0,1,2,9,1,2,4,15,1,lamceesay,6,2
IN-M-016F,recruitment_arm_1,,,1,,1,0,6,3,2,5,3,,4,,1,1,,2,1,0,3,,1,4,6,2,2,3,1,0,1,1,1,1,1,1,2,,5,,1,0,0,4000,1,1,0,1,1,1,10,1,1,3,12,0,embye,6,2
IN-M-017E,recruitment_arm_1,,,1,,1,0,16,3,2,6,2,,2,,1,1,,2,1,1,2,,1,4,6,2,2,3,1,0,1,0,0,1,0,0,2,,8,Driving ,7,2,0,4500,1,0,0,0,1,1,6,0,,,,0,embye,6,2
IN-M-018C,recruitment_arm_1,,,1,,1,0,18,4,2,9,3,,4,,2,4,,,2,0,3,,1,4,5,2,2,3,1,1,1,0,0,1,0,0,1,,5,,1,7,2,5000,1,1,0,1,1,1,8,1,1,4,14,0,embye,6,2
IN-M-019C,recruitment_arm_1,,,1,,1,1,10,4,2,5,3,,4,,2,4,,,2,1,3,,1,4,5,2,2,3,0,0,0,1,0,1,0,1,1,,5,,1,1,0,5000,1,0,0,0,1,3,12,1,1,3,17,1,embye,6,2
IN-M-020G,recruitment_arm_1,,,1,,1,1,3,4,2,6,5,,5,,1,3,,,2,1,3,,1,2,5,0,1,2,1,0,1,1,0,1,1,1,1,,1,,5,7,8,2000,1,0,0,0,2,2,7,0,,,,0,embye,6,2
IN-M-021K,recruitment_arm_1,,,5,,1,1,14,4,2,6,5,,5,,1,5,,,2,1,4,,0,4,5,1,2,2,1,1,0,0,0,1,0,0,1,,1,,3,20,30,6000,0,0,0,0,,,,0,,,,0,otbah,6,2
IN-M-022E,recruitment_arm_1,,,1,,1,0,16,4,2,6,5,,5,,2,3,,,2,1,3,,1,2,5,1,2,3,0,0,1,0,0,1,0,0,2,,8,The spouse's profession is teaching,1,1,0,3000,1,1,1,0,2,1,6,1,2,5,14,1,dembaajallow,6,2
IN-M-023A,recruitment_arm_1,,,1,,1,1,15,4,2,9,3,,5,,2,4,,,2,0,3,,1,3,1,0,2,3,0,1,0,0,0,1,0,0,2,,1,,7,0,0,4500,1,0,0,0,1,1,4,0,,,,0,msumbunu,6,2
IN-M-024D,recruitment_arm_1,,,1,,1,1,26,4,2,10,5,,1,,1,5,,,2,1,4,,0,4,5,2,0,3,1,1,0,1,1,1,1,1,5,Tailor ,8,Store keeper ,4,7,3,5000,1,1,0,1,2,2,9,1,1,3,12,1,otbah,6,2
IN-M-025G,recruitment_arm_1,,,1,,1,1,30,3,2,6,3,,4,,3,1,,2,1,0,3,,1,3,5,1,1,2,1,1,0,1,0,0,0,0,2,,8,Travelled ,7,4,1,4000,1,1,1,0,1,1,6,1,1,2,9,1,msumbunu,6,2
IN-M-026F,recruitment_arm_1,,,3,,1,0,12,4,2,5,3,,5,,4,3,,,2,0,3,,1,2,5,0,2,3,0,0,0,1,1,1,1,1,1,,1,,5,2,0,4000,0,1,1,0,2,1,2,1,1,1,5,1,msumbunu,6,2
IN-M-027E,recruitment_arm_1,,,1,,1,1,8,4,2,5,5,,5,,2,5,,,2,1,4,,0,3,5,1,2,3,1,1,1,1,1,1,1,1,2,,8,Salon ,5,4,0,5000,1,0,0,0,1,3,12,1,1,1,5,1,otbah,6,2
IN-M-028G,recruitment_arm_1,,,1,,1,1,18,3,2,5,3,,4,,8,3,,,1,0,3,,1,4,5,2,2,3,1,0,0,1,1,1,1,1,5,petty trading ,5,,6,1,0,5000,0,1,1,0,2,,0,0,,,,0,kyceesay,6,2
IN-M-029D,recruitment_arm_1,,,5,,1,1,12,3,2,5,5,,2,,1,5,,,2,1,4,,0,2,5,0,2,3,0,0,0,1,1,1,1,1,2,,1,,5,4,0,6000,1,0,0,0,1,3,10,1,1,1,3,1,otbah,6,2
IN-M-030C,recruitment_arm_1,,,5,,1,0,8,4,2,9,3,,5,,4,4,,,2,1,3,,1,1,1,0,2,2,0,0,0,0,0,1,0,0,1,,1,,5,1,1,4500,0,1,1,0,2,1,2,1,2,2,7,1,msumbunu,6,2
IN-M-031D,recruitment_arm_1,,,1,,1,0,12,3,2,6,3,,4,,3,2,,,1,0,3,,1,4,6,2,0,3,0,0,1,1,1,1,1,1,2,,8,commercial driver ,7,7,0,7000,0,0,0,0,,,,1,1,2,11,1,kyceesay,6,2
IN-M-032D,recruitment_arm_1,,,1,,1,0,30,3,2,6,3,,4,,2,1,,2,1,0,4,,0,2,6,0,2,3,0,0,0,0,0,1,0,0,1,,5,,1,1,0,5000,1,1,0,1,2,1,6,0,,,,1,msumbunu,19,2
IN-M-033K,recruitment_arm_1,,,1,,1,0,20,2,2,5,3,,4,,15,1,,2,2,0,3,,0,4,5,2,2,3,1,0,0,1,1,1,1,1,3,,5,,1,22,0,10000,0,0,0,0,,,,0,,,,0,kyceesay,6,2
IN-M-034A,recruitment_arm_1,,,1,,1,2,16,2,2,6,1,,1,,4,3,,,1,0,2,,1,4,5,1,2,3,1,0,1,0,0,1,0,0,1,,5,,1,4,0,6000,1,1,1,0,2,2,7,1,2,2,10,1,msumbunu,19,2
IN-M-035J,recruitment_arm_1,,,5,,1,0,9,4,2,6,3,,4,,5,3,,,2,0,1,,1,4,5,2,2,3,1,0,1,0,0,1,0,1,1,,8,commercial driver ,7,10,4,6500,0,0,0,0,,,,1,1,2,11,0,kyceesay,6,2
IN-M-036E,recruitment_arm_1,,,1,,1,1,7,3,2,6,2,,2,,2,1,,2,1,0,2,,1,4,6,2,2,3,1,1,1,0,1,1,1,1,2,,5,,2,12,2,700,1,0,0,0,1,2,8,1,1,3,12,1,kyceesay,6,2
IN-M-037H,recruitment_arm_1,,,5,,1,0,8,4,2,9,3,,4,,6,3,,,2,1,3,,1,2,5,2,2,3,1,0,1,0,0,1,0,0,5,Petty trading,8,Commercial driver,7,4,0,7000,1,0,0,0,1,2,11,0,,,,1,kyceesay,6,2
IN-M-038A,recruitment_arm_1,,,5,,1,1,14,3,2,6,3,,4,,5,3,,,2,1,3,,1,4,5,0,2,3,1,0,1,0,1,1,1,0,2,,1,,4,7,0,7500,0,0,0,0,,,,0,,,,0,kyceesay,6,2
IN-M-039J,recruitment_arm_1,,,1,,1,1,6,3,2,6,2,,2,,2,3,,,2,1,3,,1,3,5,2,2,3,0,0,0,0,1,1,1,1,2,,4,,5,0,0,5000,0,1,0,1,2,,0,,,,,0,kyceesay,6,2
IN-M-040F,recruitment_arm_1,,,1,,1,0,8,4,2,5,3,,4,,6,2,,,1,0,3,,1,4,5,2,2,3,0,1,0,1,1,1,1,1,2,,5,,1,2,0,7000,0,0,0,0,,,,1,1,4,15,0,kyceesay,6,2
IN-M-041B,recruitment_arm_1,,,1,,1,0,2,4,2,6,2,,2,,2,2,,,2,0,3,,1,3,5,2,1,2,1,0,0,0,0,1,0,1,2,,5,,1,0,0,6000,0,1,0,1,2,,0,1,1,4,18,0,kyceesay,6,2
IN-M-042F,recruitment_arm_1,,,1,,1,0,18,3,2,9,3,,4,,5,3,,,2,1,2,,1,4,5,1,2,3,1,0,0,0,0,1,0,0,2,,8,Business,4,8,0,8000,1,1,0,1,1,1,5,1,1,3,11,0,kyceesay,6,2
IN-M-043H,recruitment_arm_1,,,1,,1,1,14,4,2,5,2,,2,,1,3,,,2,1,3,,1,3,5,2,2,3,1,0,0,1,1,1,1,1,4,,2,,2,6,0,13500,1,1,1,0,2,1,2,1,1,3,12,0,kkora,6,2
IN-M-044H,recruitment_arm_1,,,1,,1,0,15,3,2,6,5,,5,,1,1,,1,2,0,1,,1,2,6,2,2,3,1,0,1,1,1,1,1,1,4,,8,Institution Driver,2,5,3,10000,1,1,1,0,1,4,14,1,1,4,15,1,kkora,6,2
IN-M-045B,recruitment_arm_1,,,1,,1,1,25,4,2,5,5,,5,,1,4,,,2,0,3,,1,4,5,2,2,3,1,1,0,1,1,1,1,1,2,,5,,1,3,4,15000,1,1,1,0,1,2,7,1,1,3,12,0,kkora,6,2
IN-M-046J,recruitment_arm_1,,,1,,1,1,14,4,2,5,5,,5,,5,3,,,2,0,1,,1,4,6,2,2,3,1,1,0,1,1,1,1,1,4,,8,Institution Driver,1,5,3,10000,1,1,1,0,2,3,12,0,,,,1,kyceesay,6,2
IN-M-047B,recruitment_arm_1,,,1,,1,2,20,3,2,6,5,,5,,5,1,,1,2,0,1,,1,3,6,0,2,3,1,1,0,0,0,1,0,1,1,,5,,1,15,0,10000,1,0,0,0,2,2,7,1,2,4,14,0,kkora,6,2
IN-M-048E,recruitment_arm_1,,,1,,1,0,7,3,2,5,6,,6,,1,3,,,2,0,1,,0,4,6,2,2,3,1,0,1,1,1,1,1,1,2,,2,,2,3,0,10000,1,1,1,0,2,1,6,1,1,2,9,1,kkora,6,2
IN-M-049G,recruitment_arm_1,,,1,,1,0,10,4,2,6,2,,2,,1,3,,,2,0,1,,1,3,5,2,2,3,0,1,0,0,0,1,1,1,1,,1,,5,7,2,10000,0,1,1,0,1,3,10,0,,,,0,msumbunu,6,2
IN-M-050K,recruitment_arm_1,,,5,,1,0,20,4,2,5,6,,6,,3,3,,,1,0,3,,1,2,5,0,2,3,1,0,1,1,0,1,0,1,1,,1,,5,4,0,4000,1,0,0,0,1,1,6,1,1,2,9,0,msumbunu,6,2
IN-M-051E,recruitment_arm_1,,,1,,1,0,7,3,2,5,5,,5,,1,1,,1,2,0,2,,1,4,5,2,2,3,1,0,0,0,0,1,1,1,2,,2,,2,3,1,15000,1,1,1,0,1,3,11,1,2,2,9,1,kyceesay,19,2
IN-M-052C,recruitment_arm_1,,,4,,1,0,15,3,2,6,4,,5,,1,3,,,2,0,3,,1,4,5,2,2,3,1,0,1,0,0,1,1,1,5,Tailoring,8,Commercial driver,7,9,3,15000,1,1,1,0,1,2,9,0,,,,1,kyceesay,6,2
IN-M-053K,recruitment_arm_1,,,1,,1,0,09,4,2,5,3,,4,,5,4,,,2,0,3,,0,4,5,2,2,3,1,0,0,1,1,1,0,1,2,,8,Mason (Brick layer) ,5,5,1,3500,0,0,0,0,,,,1,2,3,20,0,kyceesay,5,2
IN-M-054E,recruitment_arm_1,,,1,,1,1,9,4,2,6,3,,4,,25,3,,,2,0,3,,0,4,5,2,2,3,1,1,0,0,1,1,0,1,2,,5,,1,3,5,6500,0,1,0,1,2,2,9,1,1,5,16,0,kyceesay,19,2
IN-M-055E,recruitment_arm_1,,,2,,,,5,4,2,6,5,,5,,5,5,,,1,0,4,,0,2,5,2,2,3,0,0,0,0,0,1,0,0,1,,1,,3,10,2,6000,1,0,0,0,1,1,4,,,,,0,otbah,6,2
IN-M-056J,recruitment_arm_1,,,1,,1,1,13,3,2,5,1,,1,,1,1,,2,1,0,4,,0,3,6,2,0,3,0,0,1,1,1,1,1,1,3,,8,Travelled ,7,0,0,6000,1,1,1,0,1,3,12,1,1,3,12,0,msumbunu,6,2
IN-M-057J,recruitment_arm_1,,,5,,1,0,22,3,2,5,3,,4,,5,3,,,2,0,2,,1,4,5,2,2,3,1,1,0,1,1,1,1,1,2,,1,,7,20,4,15000,0,1,0,1,2,1,1,1,1,2,9,0,kkora,6,2
IN-M-058J,recruitment_arm_1,,,5,,1,0,14,4,2,6,5,,6,,5,3,,,2,1,4,,0,2,5,0,1,3,0,0,0,0,0,1,0,0,2,,8,Quaranic teacher ,7,2,0,4500,0,1,1,0,2,1,4,1,2,4,10,1,msumbunu,19,2
IN-M-059G,recruitment_arm_1,,,1,,1,2,10,3,2,9,5,,5,,1,3,,,2,0,2,,1,4,5,2,2,3,1,0,0,0,0,1,0,0,2,,8,Chef,7,8,1,10000,1,0,0,0,1,2,9,1,1,3,12,0,kkora,22,2
IN-M-060G,recruitment_arm_1,,,1,,1,0,18,3,2,9,2,,2,,2,3,,,1,0,1,,1,3,6,0,1,3,0,0,0,0,0,1,0,0,2,,8,Travelled,7,6,0,6000,1,0,0,0,1,3,11,1,1,3,12,1,msumbunu,22,2
IN-M-061B,recruitment_arm_1,,,1,,1,0,4,3,1,5,3,,3,,2,3,,,1,0,4,,0,3,1,2,2,2,1,0,0,1,0,1,1,1,5,Seller,5,,1,0,0,5000,1,0,0,0,2,2,9,0,,,,1,msumbunu,22,2
IN-M-062B,recruitment_arm_1,,,1,,1,0,9,3,2,5,5,,5,,2,3,,,2,0,2,,1,3,5,2,2,3,1,1,0,1,0,1,1,1,2,,2,,3,12,0,10000,1,0,0,0,2,2,10,1,2,2,8,1,kkora,22,2
IN-M-063E,recruitment_arm_1,,,1,,1,0,10,3,2,5,5,,5,,5,3,,,2,1,2,,1,2,5,2,2,3,1,0,0,0,0,1,0,1,3,,5,,1,0,0,10000,1,0,0,0,2,2,9,1,1,4,14,1,kyceesay,19,2
IN-M-064D,recruitment_arm_1,,,1,,1,0,2,4,2,6,3,,4,,4,3,,,2,1,1,,1,2,5,2,1,2,1,0,0,0,0,1,0,0,1,,1,,,0,0,9000,1,0,0,0,1,3,10,1,2,3,12,1,msumbunu,19,2
IN-M-065H,recruitment_arm_1,,,1,,1,0,2,4,2,5,3,,4,,3,3,,,2,1,4,,0,2,5,2,1,2,1,1,0,1,0,1,1,1,2,,5,,1,7,0,5000,1,0,0,0,1,2,9,1,1,3,10,1,msumbunu,22,2
IN-M-066B,recruitment_arm_1,,,1,,1,0,7,3,2,6,3,,4,,5,3,,,2,0,3,,1,2,5,1,2,3,0,0,0,0,0,1,0,0,1,,1,,1,1,0,4500,1,0,0,0,2,1,5,0,,,,0,msumbunu,22,2
IN-M-067H,recruitment_arm_1,,,1,,1,0,10,3,2,6,5,,5,,10,3,,,2,0,2,,1,4,5,2,2,3,1,1,1,0,0,1,0,1,2,,8,Business,4,2,0,10000,1,1,1,0,1,2,9,1,2,3,12,1,kkora,22,2
IN-M-068B,recruitment_arm_1,,,1,,1,1,20,4,2,5,5,,5,,1,4,,,2,1,3,,0,4,5,2,2,3,0,0,0,1,0,1,1,1,2,,2,,2,5,0,15000,1,0,0,0,1,2,9,0,,,,0,kkora,22,2
IN-M-069K,recruitment_arm_1,,,1,,1,0,2,3,2,9,2,,2,,32,3,,,2,1,3,,1,4,5,1,1,2,1,0,0,0,0,1,1,0,2,,5,,2,5,0,7000,1,1,1,0,1,2,8,0,,,,1,msumbunu,22,2
IN-M-070E,recruitment_arm_1,,,1,,1,0,7,2,2,5,3,,4,,2,4,,,2,1,3,,1,4,5,2,1,3,1,1,0,1,1,1,1,1,2,,4,,5,20,0,10000,1,1,1,0,2,2,6,1,2,2,8,0,msumbunu,22,2
IN-M-071F,recruitment_arm_1,,,1,,1,0,15,3,2,6,5,,5,,1,1,,1,2,0,2,,1,4,6,2,2,3,1,0,0,0,1,1,1,1,4,,6,,7,16,0,20000,1,1,1,0,1,3,12,1,2,3,12,1,kkora,22,2
IN-M-072J,recruitment_arm_1,,,1,,1,1,6,4,2,6,6,,6,,50,4,,,2,0,2,,1,4,5,2,2,3,1,0,0,1,1,1,1,1,2,,3,,7,5,2,6500,1,0,0,0,1,2,8,0,,,,1,kyceesay,6,2
IN-M-073A,recruitment_arm_1,,,1,,1,0,13,3,2,5,5,,5,,1,3,,,2,0,2,,1,4,5,2,2,3,1,0,0,1,1,1,1,1,4,,2,,2,5,0,15000,1,1,1,0,2,3,12,1,1,2,9,1,kkora,22,2
IN-M-074F,recruitment_arm_1,,,1,,1,0,11,3,2,9,5,,5,,1,4,,,2,0,3,,1,4,5,2,2,3,1,1,0,0,0,1,0,0,2,,1,,7,2,0,15000,1,0,0,0,1,1,6,0,,,,0,kkora,19,2
IN-M-075A,recruitment_arm_1,,,1,,1,0,12,4,2,6,3,,4,,2,3,,,1,1,4,,1,4,5,1,2,3,1,0,0,0,1,1,1,0,1,,1,,5,21,3,1000,1,1,1,0,2,2,7,1,1,1,5,0,bceesay,19,2
IN-M-076H,recruitment_arm_1,,,1,,1,0,14,4,2,9,2,,2,,2,3,,,2,0,3,,1,4,5,1,2,3,1,0,0,0,0,1,0,0,1,,1,,7,7,40,2000,1,0,0,0,1,3,10,1,1,3,12,1,msumbunu,19,2
IN-M-077H,recruitment_arm_1,,,1,,1,0,7,3,2,6,3,,4,,1,3,,,2,1,3,,1,3,5,1,2,3,1,0,0,0,0,1,0,1,1,,5,,1,8,0,5000,1,0,0,0,2,1,4,1,2,2,7,1,msumbunu,22,2
IN-M-078F,recruitment_arm_1,,,1,,1,1,9,4,2,6,3,,4,,2,1,,3,1,0,1,,1,3,5,1,2,3,1,1,0,1,0,1,0,0,1,,1,,7,5,9,10000,1,1,1,0,1,2,11,1,1,3,12,1,bceesay,22,2
IN-M-079G,recruitment_arm_1,,,1,,1,1,9,3,2,6,5,,5,,2,4,,,2,0,2,,1,4,5,2,2,3,1,0,0,0,1,1,0,1,2,,1,,7,4,2,10000,1,1,1,0,2,1,6,0,,,,0,kkora,22,2
IN-M-080D,recruitment_arm_1,,,1,,1,3,25,4,2,6,3,,4,,5,3,,,1,1,4,,0,4,5,2,2,3,1,0,0,0,0,1,0,1,1,,1,,7,20,0,6000,0,0,0,0,,,,0,,,,0,msumbunu,22,2
IN-M-081D,recruitment_arm_1,,,1,,1,1,10,4,2,5,3,,4,,1,3,,,2,0,1,,1,4,1,1,2,3,1,0,0,0,0,1,0,1,1,,8,Mason,1,14,0,10000,1,1,1,0,2,1,5,0,,,,0,bceesay,22,2
IN-M-082E,recruitment_arm_1,,,1,,1,1,15,4,2,9,3,,4,,3,4,,,2,0,3,,1,4,2,1,2,3,1,0,0,0,0,1,0,0,2,,1,,4,6,2,10000,0,1,1,0,2,3,15,0,,,,0,kyceesay,6,2
IN-M-083H,recruitment_arm_1,,,1,,1,0,15,4,2,5,3,,4,,5,1,,3,2,1,2,,1,2,5,0,1,2,1,0,0,1,0,1,1,1,1,,8,carpenter ,1,3,0,15000,1,1,1,0,2,3,13,1,1,2,9,1,bceesay,6,2
IN-M-084C,recruitment_arm_1,,,1,,1,0,6,4,2,5,5,,5,,1,4,,,2,0,2,,1,3,5,2,2,3,1,0,0,0,1,1,1,1,2,,8,Mason,7,3,0,10000,1,1,1,0,2,1,3,1,1,1,6,0,kkora,22,2
IN-M-085H,recruitment_arm_1,,,5,,1,0,15,4,2,6,3,,4,,5,3,,,2,1,3,,1,4,1,1,2,3,1,1,0,0,0,0,0,1,1,,1,,7,15,20,4000,1,1,1,0,2,1,5,0,,,,0,msumbunu,22,2
IN-M-086J,recruitment_arm_1,,,1,,1,0,20,3,2,5,3,,4,,1,4,,,2,0,2,,1,4,5,2,2,3,1,1,0,1,1,1,1,1,2,,1,,7,2,0,15000,1,0,0,0,1,2,8,1,2,3,12,0,kkora,22,2
IN-M-087F,recruitment_arm_1,,,1,,1,0,18,4,2,9,3,,4,,5,3,,,2,0,4,,0,4,5,1,2,3,1,1,0,0,0,1,0,0,2,,8,wealderman ,1,7,0,13000,1,0,0,0,1,2,9,1,1,2,9,1,bceesay,22,2
IN-M-088J,recruitment_arm_1,,,1,,1,2,7,3,2,6,3,,4,,5,3,,,2,0,3,,1,4,5,1,2,3,0,0,0,0,0,1,0,1,1,,1,,7,2,0,6000,1,1,1,0,2,1,4,0,,,,0,bceesay,22,2
IN-M-089F,recruitment_arm_1,,,1,,1,0,8,4,2,9,5,,5,,1,3,,,2,1,3,,1,2,5,2,2,3,1,0,0,0,0,1,0,0,2,,1,,7,9,0,10000,1,0,0,0,1,2,9,0,,,,1,kkora,22,2
IN-M-090C,recruitment_arm_1,,,1,,1,0,7,4,2,5,3,,4,,5,3,,,2,0,3,,1,4,5,2,0,3,0,0,0,1,1,1,1,1,2,,5,,2,0,0,10500,1,0,0,0,1,3,12,1,1,3,12,1,kyceesay,6,2
IN-M-091K,recruitment_arm_1,,,1,,1,1,20,3,2,5,2,,2,,2,1,,2,1,0,4,,0,4,5,1,2,3,1,0,0,1,1,1,0,1,1,,1,,5,6,0,6000,0,1,1,0,2,1,2,1,1,2,12,0,msumbunu,6,2
IN-M-092F,recruitment_arm_1,,,5,,1,1,15,3,2,5,3,,4,,5,3,,,2,1,3,,1,4,5,0,2,3,0,0,0,0,0,1,0,1,2,,1,,5,0,0,8000,0,0,0,0,,,,1,2,2,8,0,msumbunu,6,2
IN-M-093E,recruitment_arm_1,,,1,,1,1,15,4,2,6,3,,4,,10,3,,,2,0,3,,1,4,6,1,2,3,1,1,0,0,0,1,1,1,2,,8,teaching ,1,5,0,15000,0,1,1,0,2,1,4,1,2,4,15,1,bceesay,22,2
IN-M-094C,recruitment_arm_1,,,1,,1,0,20,4,2,5,5,,5,,10,3,,,2,0,2,,1,4,2,0,2,3,1,0,0,0,0,1,0,1,2,,4,,5,0,0,10000,1,0,0,0,1,2,8,0,,,,1,kkora,22,2
IN-M-095K,recruitment_arm_1,,,1,,1,0,9,3,2,6,2,,2,,1,1,,2,1,0,1,,1,4,6,2,2,3,1,0,0,0,0,1,1,1,2,,5,,1,4,0,3500,1,1,0,1,1,3,11,1,1,3,12,1,msumbunu,22,2
IN-M-096C,recruitment_arm_1,,,1,,1,1,20,4,2,5,3,,4,,10,4,,,2,0,2,,1,4,5,0,2,3,1,1,0,1,1,1,0,1,2,,8,carpenter ,1,3,0,15000,0,1,1,0,2,1,2,1,2,2,9,1,bceesay,22,2
IN-M-097K,recruitment_arm_1,,,1,,1,0,8,4,2,5,3,,4,,4,3,,,2,0,2,,1,4,5,2,2,3,1,0,0,1,1,1,1,1,1,,1,,5,12,2,7000,1,1,1,0,2,2,9,1,1,1,6,1,bceesay,6,2
IN-M-098F,recruitment_arm_1,,,1,,1,1,25,4,2,6,3,,4,,15,3,,,2,0,2,,1,4,5,0,2,3,0,1,1,0,0,1,0,1,1,,1,,7,8,4,18000,1,1,1,0,2,2,7,1,2,2,8,1,bceesay,6,2
IN-M-099A,recruitment_arm_1,,,1,,1,0,7,4,2,9,3,,4,,2,3,,,2,1,2,,1,4,5,1,2,3,0,0,0,0,0,1,0,0,1,,1,,7,10,0,5000,1,1,1,0,2,2,8,1,2,1,5,1,bceesay,6,2
IN-M-100G,recruitment_arm_1,,,1,,1,0,10,4,2,6,3,,4,,2,3,,,2,0,2,,1,4,5,1,2,3,1,0,0,0,0,1,0,0,1,,8,carpenter ,5,0,1,7000,1,1,1,1,2,1,3,1,1,2,9,0,bceesay,6,2
IN-M-101H,recruitment_arm_1,,,1,,1,0,15,4,2,5,2,,2,,1,3,,,2,1,2,,1,4,5,1,2,3,1,0,0,1,1,1,1,1,2,,4,,5,3,0,7000,1,1,1,0,2,2,7,0,,,,0,msumbunu,22,2
IN-M-102H,recruitment_arm_1,,,1,,1,1,15,4,2,9,3,,4,,3,4,,,2,0,2,,1,4,5,0,2,3,0,0,0,0,0,1,0,0,2,,1,,5,10,0,10000,1,1,1,0,2,1,5,1,2,1,6,0,bceesay,22,2
IN-M-103A,recruitment_arm_1,,,1,,1,2,4,4,2,5,3,,4,,1,4,,,2,0,2,,1,2,5,1,0,3,0,0,1,1,0,1,1,1,2,,8,driving ,1,0,0,5000,0,0,0,0,,,,1,1,4,18,0,bceesay,22,2
IN-M-104G,recruitment_arm_1,,,1,,1,1,40,4,2,6,5,,5,,1,4,,,2,0,2,,1,4,5,2,2,3,1,0,0,0,0,1,0,1,2,,8,teaching ,1,5,0,20000,0,0,0,0,,,,1,2,4,18,0,bceesay,22,2
IN-M-105F,recruitment_arm_1,,,1,,1,1,20,3,2,5,3,,4,,2,2,,,2,0,2,,1,4,5,1,2,3,1,1,0,1,1,1,1,1,1,,1,,5,5,5,8000,1,0,0,0,2,1,4,1,1,1,6,0,bceesay,22,2
IN-M-106H,recruitment_arm_1,,,5,,1,1,30,4,2,5,5,,5,,1,3,,,2,0,2,,1,4,5,2,2,3,0,0,0,0,1,1,0,1,2,,1,,7,4,0,15000,0,1,1,0,2,1,2,0,,,,0,bceesay,22,2
IN-M-107A,recruitment_arm_1,,,1,,1,1,13,4,2,5,5,,5,,1,4,,,2,0,2,,1,3,5,2,2,3,1,1,0,0,0,1,1,1,1,,1,,7,5,0,10000,1,0,0,0,1,1,3,1,1,3,12,0,kkora,22,2
IN-M-108D,recruitment_arm_1,,,1,,1,0,8,4,2,5,5,,5,,2,4,,,2,0,2,,1,4,5,2,2,3,1,0,0,1,1,1,1,1,2,,5,,1,6,0,10000,1,0,0,0,2,1,6,1,2,3,12,0,kkora,22,2
IN-M-109D,recruitment_arm_1,,,5,,1,0,6,2,2,5,2,,2,,2,3,,,1,1,3,,1,4,5,0,2,3,0,0,0,1,1,1,1,1,2,,5,,1,11,20,3000,1,1,1,0,1,3,12,0,,,,1,msumbunu,6,2
IN-M-110C,recruitment_arm_1,,,5,,1,0,20,4,2,5,3,,4,,5,3,,,2,1,3,,1,4,5,0,2,3,1,0,0,1,1,1,1,1,1,,5,,1,6,0,3000,1,1,1,0,2,4,16,0,,,,0,msumbunu,6,2
IN-M-111D,recruitment_arm_1,,,1,,1,0,6,4,2,5,3,,4,,2,1,,3,2,0,2,,1,4,5,1,2,3,1,0,0,1,1,1,1,1,2,,8,Bird watcher ,1,2,0,7000,1,1,1,0,1,1,4,1,1,3,11,1,msumbunu,6,2
IN-M-112D,recruitment_arm_1,,,1,,1,1,10,3,2,5,2,,2,,1,1,,3,2,0,3,,0,2,5,1,2,3,1,0,0,1,1,1,1,1,2,,8,MILLING MACHINE OPERATOR,3,10,0,6000,1,1,1,0,1,2,9,1,1,2,9,1,bceesay,6,2
IN-M-113G,recruitment_arm_1,,,5,,1,0,10,1,2,9,3,,4,,5,3,,,2,1,3,,1,4,1,1,2,3,0,0,0,0,0,0,0,0,1,,1,,5,3,0,5000,0,1,1,0,2,3,10,1,1,3,10,0,msumbunu,6,2
IN-M-114H,recruitment_arm_1,,,1,,1,0,20,4,2,6,3,,4,,10,4,,,2,1,3,,0,4,5,1,2,3,0,0,0,0,0,1,0,0,2,,8,MANSON,1,16,1,15000,1,1,1,1,2,2,9,1,2,2,7,1,bceesay,6,2
IN-M-115E,recruitment_arm_1,,,5,,1,0,4,4,2,5,6,,6,,4,3,,,2,1,3,,1,3,5,2,1,3,1,1,0,0,1,1,1,1,2,,5,,2,12,0,9000,0,1,1,0,2,1,1,1,1,2,8,0,msumbunu,6,2
IN-M-116D,recruitment_arm_1,,,5,,1,1,14,3,2,5,3,,4,,10,3,,,1,0,3,,0,4,5,0,2,3,0,1,0,1,1,1,1,1,2,,1,,5,12,40,5000,0,0,0,0,,,,1,1,3,12,0,msumbunu,6,2
IN-M-117F,recruitment_arm_1,,,5,,1,0,15,4,2,6,5,,5,,2,3,,,2,1,3,,1,4,5,2,2,3,1,1,0,0,1,1,0,1,2,,8,Business,4,15,20,10000,1,1,1,0,1,1,5,1,1,1,6,1,bceesay,6,2
IN-M-118E,recruitment_arm_1,,,1,,1,0,4,4,2,5,2,,2,,2,3,,,2,1,3,,1,3,5,2,2,3,1,0,0,0,0,1,0,1,2,,5,,1,1,0,3000,0,0,0,0,,,,1,1,4,17,0,msumbunu,6,2
IN-M-119A,recruitment_arm_1,,,1,,1,0,9,4,2,5,3,,4,,5,4,,,2,0,3,,0,4,5,1,2,3,1,0,1,1,1,1,1,1,2,,8,tailor,1,7,0,15000,1,1,1,0,1,3,12,1,1,2,9,1,bceesay,22,2
IN-M-120C,recruitment_arm_1,,,1,,1,0,18,3,2,5,5,,5,,1,3,,,2,0,2,,1,4,5,2,2,3,1,0,0,1,1,1,1,1,2,,5,,1,2,0,15000,1,0,0,0,1,3,12,1,1,5,14,1,kkora,22,2
IN-M-121C,recruitment_arm_1,,,1,,1,0,9,4,2,9,5,,4,,2,4,,,2,1,2,,1,3,5,1,2,3,1,1,0,0,0,1,0,0,2,,3,,3,1,0,7000,1,1,1,0,2,2,9,1,1,1,6,1,bceesay,22,2
IN-M-122F,recruitment_arm_1,,,5,,2,,4,4,2,9,5,,5,,2,3,,,2,1,2,,1,3,5,1,2,3,1,0,0,0,0,1,0,0,3,,8,Technical,2,10,0,10000,1,0,0,0,1,2,9,,,,,1,kkora,22,2
IN-M-123A,recruitment_arm_1,,,1,,1,0,13,4,2,6,5,,5,,2,3,,,2,0,3,,1,4,5,2,2,3,1,0,0,0,0,1,0,1,2,,1,,7,1,0,5000,1,1,1,0,1,2,9,1,1,1,6,1,kkora,22,2
IN-M-124E,recruitment_arm_1,,,1,,1,0,10,4,2,6,2,,2,,1,4,,,2,0,2,,1,4,5,1,2,3,0,0,0,0,0,1,0,1,1,,8,TEACHING,1,10,0,10000,1,1,1,0,2,1,5,1,2,4,15,0,bceesay,22,2
IN-M-125H,recruitment_arm_1,,,1,,1,0,5,4,2,5,5,,2,,2,4,,,2,0,2,,1,4,6,0,2,3,1,0,0,1,1,1,1,1,2,,8,ELECTRICIAN,2,0,6,12000,1,1,1,0,2,3,12,1,2,2,7,1,bceesay,22,2
IN-M-126J,recruitment_arm_1,,,5,,1,0,10,4,2,5,3,,4,,3,3,,,2,1,3,,0,4,5,1,2,3,1,1,0,0,1,1,0,1,2,,4,,5,9,30,6500,0,0,0,0,,,,0,,,,0,kkora,,2
IN-M-127B,recruitment_arm_1,,,1,,1,0,7,4,2,5,5,,5,,3,3,,,2,0,2,,1,2,5,2,2,3,1,0,0,1,1,1,1,1,2,,8,Driver,1,0,0,1,1,0,0,0,2,2,8,1,1,2,9,0,kkora,6,2
IN-M-128D,recruitment_arm_1,,,1,,1,3,7,3,2,5,5,,5,,1,1,,1,2,0,2,,1,3,6,0,2,3,0,1,0,1,1,1,1,1,2,,8,Business,4,10,10,15000,1,1,1,0,1,3,11,1,1,3,12,0,kkora,6,2
IN-M-129E,recruitment_arm_1,,,1,,1,0,38,4,2,5,5,,2,,2,4,,,2,0,3,,1,4,6,1,2,3,1,1,0,1,0,1,0,1,3,,8,TEACHING,1,10,2,15000,1,1,1,1,2,2,9,1,2,3,12,1,bceesay,6,2
IN-M-130F,recruitment_arm_1,,,1,,1,0,9,4,2,5,3,,4,,5,4,,,2,0,2,,1,4,5,0,2,3,1,0,0,0,0,1,0,1,2,,4,,5,5,0,6000,1,1,1,0,2,2,8,1,1,2,9,1,bceesay,6,2
IN-M-131H,recruitment_arm_1,,,5,,1,0,30,4,2,6,6,,6,,1,6,,,3,0,3,,0,4,2,0,2,3,0,1,1,0,0,1,0,0,2,,5,,1,13,7,3000,1,0,0,0,1,2,8,1,1,4,15,1,msumbunu,6,2
IN-M-132C,recruitment_arm_1,,,1,,1,0,10,4,2,5,3,,4,,5,4,,,2,1,2,,1,3,5,0,2,3,1,0,0,1,0,1,1,1,2,,5,,1,0,0,8000,1,1,0,1,2,3,12,1,2,5,20,1,bceesay,6,2
IN-M-133B,recruitment_arm_1,,,1,,1,0,25,4,2,5,2,,1,,3,3,,,1,0,3,,1,4,6,2,2,3,0,1,0,1,0,1,0,1,1,,4,,5,2,2,15000,1,1,1,0,1,2,7,0,,,,0,msumbunu,,2
IN-M-134C,recruitment_arm_1,,,1,,1,0,40,4,2,5,5,,2,,1,4,,,2,0,2,,1,4,5,1,2,3,1,0,0,1,1,1,1,1,2,,8,teaching,1,10,15,17000,1,1,1,0,1,1,4,1,2,3,12,0,bceesay,22,2
IN-M-135G,recruitment_arm_1,,,5,,1,1,2,4,2,9,3,,4,,3,3,,,3,1,3,,0,2,1,0,2,3,0,0,0,0,0,0,0,0,1,,1,,5,1,0,2500,0,1,1,0,1,2,5,0,,,,0,msumbunu,6,2
IN-M-136C,recruitment_arm_1,,,1,,1,0,6,4,2,5,2,,2,,3,3,,,2,0,3,,0,4,5,0,2,3,0,1,0,1,1,1,1,1,2,,5,,1,4,0,10000,1,1,1,0,1,1,3,0,,,,0,msumbunu,6,2
IN-M-137B,recruitment_arm_1,,,5,,1,0,20,4,2,6,3,,4,,2,3,,,2,1,3,,0,4,2,0,2,3,0,0,0,0,0,0,0,1,2,,7,,7,0,0,7000,1,1,1,0,1,2,8,1,2,2,8,1,msumbunu,6,2
IN-M-138B,recruitment_arm_1,,,1,,1,0,20,3,2,5,3,,4,,5,4,,,2,0,3,,1,4,5,2,2,3,1,0,1,1,1,1,1,1,2,,8,Masonry ,7,22,0,15000,0,1,1,0,2,1,3,1,1,2,8,0,bceesay,,2
IN-M-139H,recruitment_arm_1,,,1,,1,0,10,4,2,6,5,,2,,1,4,,,2,1,2,,1,4,5,1,2,3,1,1,0,0,0,1,0,0,5,teaching ,8,teaching ,1,6,0,8000,1,0,0,0,1,4,14,1,1,4,17,1,bceesay,,2
IN-M-140D,recruitment_arm_1,,,1,,1,0,9,4,2,9,3,,4,,10,3,,,2,0,3,,1,4,2,1,2,3,1,0,0,0,0,1,0,0,1,,4,,5,5,0,5000,1,0,0,0,2,2,9,0,,,,1,msumbunu,,2
IN-M-141D,recruitment_arm_1,,,1,,1,0,6,4,2,9,3,,4,,10,4,,,2,0,2,,1,2,2,0,2,3,0,0,0,0,0,1,0,0,1,,3,,3,1,0,6000,1,1,1,0,1,2,7,1,2,3,12,0,bceesay,,2
IN-M-142H,recruitment_arm_1,,,1,,1,0,4,4,2,5,3,,4,,5,3,,,2,0,3,,1,2,5,2,2,3,1,0,0,1,1,1,0,1,4,,5,,1,1,0,7000,1,0,0,0,1,3,12,0,,,,1,kyceesay,6,2
IN-M-143B,recruitment_arm_1,,,1,,1,0,5,4,2,9,3,,4,,3,4,,,2,1,3,,0,4,5,2,2,3,1,1,0,0,0,1,0,0,2,,1,,5,5,0,6000,0,1,1,0,2,1,4,0,,,,0,kyceesay,6,2
IN-M-144A,recruitment_arm_1,,,1,,2,,6,4,2,6,5,,2,,4,4,,,2,0,3,,0,4,2,2,2,3,1,1,0,0,0,1,0,0,5,Domestic works only,8,Not married,7,10,30,7000,1,0,0,0,1,1,5,,,,,0,kyceesay,6,2
IN-M-145E,recruitment_arm_1,,,5,,1,0,10,4,2,9,5,,2,,2,4,,,2,0,2,,1,2,5,1,2,3,1,0,0,0,0,1,0,0,2,,1,,5,7,0,8000,0,1,1,0,2,1,2,0,,,,0,bceesay,6,2
IN-M-146H,recruitment_arm_1,,,1,,1,0,8,3,2,5,5,,2,,2,4,,,2,1,2,,1,2,5,1,2,3,0,0,0,1,0,1,0,1,1,,8,carpenter,2,11,0,7000,1,1,1,0,2,1,5,1,2,1,4,0,bceesay,6,2
IN-M-147K,recruitment_arm_1,,,1,,1,0,9,3,2,5,3,,4,,2,2,,,1,0,4,,0,4,6,2,2,3,0,1,0,1,1,1,1,1,1,,1,,5,10,0,10000,1,0,0,0,1,2,9,0,,,,1,msumbunu,,2
IN-M-148E,recruitment_arm_1,,,1,,1,0,7,4,2,5,3,,4,,20,3,,,2,0,4,,0,4,5,1,2,3,0,1,0,0,0,1,1,1,1,,5,,1,3,0,5000,1,0,0,0,2,2,8,1,1,3,12,0,msumbunu,,2
IN-M-149K,recruitment_arm_1,,,1,,1,0,7,4,2,,3,,1,,5,3,,,1,1,2,,1,4,,2,,3,1,0,0,0,0,1,0,0,2,,4,,5,1,1,6000,1,1,0,1,2,2,7,1,2,3,12,1,bceesay,,2
IN-M-150H,recruitment_arm_1,,,1,,1,0,8,4,2,9,5,,4,,5,3,,,2,0,4,,0,3,5,2,2,3,1,1,1,0,0,0,0,0,2,,4,,5,3,0,7000,1,0,0,0,2,1,5,0,,,,1,bceesay,6,2
IN-M-151B,recruitment_arm_1,,,1,,1,2,30,4,2,6,2,,2,,2,3,,,1,0,2,,1,4,5,2,2,3,1,0,0,0,1,1,0,1,1,,1,,5,10,10,8000,1,1,1,0,1,1,3,0,,,,0,msumbunu,,2
IN-M-152C,recruitment_arm_1,,,1,,1,0,10,4,2,5,5,,2,,3,4,,,2,1,2,,0,4,5,1,2,3,1,0,1,1,1,1,1,1,2,,8,MANSON,2,3,0,6500,1,1,1,0,1,1,5,1,1,2,9,0,bceesay,,2
IN-M-153G,recruitment_arm_1,,,1,,1,0,7,3,2,5,5,,5,,1,3,,,2,0,2,,1,4,5,2,2,3,1,0,0,0,0,1,0,1,2,,4,,5,0,0,5000,1,1,1,0,1,1,5,0,,,,0,kkora,,2
IN-M-154D,recruitment_arm_1,,,5,,1,2,10,3,2,6,5,,2,,2,5,,,2,0,4,,0,2,5,0,2,3,1,1,0,1,1,1,1,1,2,,8,BUSINESS,7,0,0,5000,0,0,0,0,,,,0,,,,0,otbah,6,2
IN-M-155K,recruitment_arm_1,,,1,,1,0,25,4,2,9,5,,5,,1,1,,3,2,0,3,,1,4,5,2,2,3,1,0,1,0,0,1,0,0,5,Teaching,8,Business man,4,4,4,14500,1,0,0,0,1,3,11,1,2,3,12,1,bceesay,,2
IN-M-156B,recruitment_arm_1,,,1,,1,2,12,4,2,5,5,,5,,10,4,,,2,0,2,,1,4,5,2,2,3,1,1,0,1,1,1,1,1,1,,5,,1,4,0,8000,1,0,0,0,2,2,9,1,2,3,12,1,kkora,,2
IN-M-157F,recruitment_arm_1,,,5,,1,1,7,4,2,5,5,,4,,3,4,,,2,0,2,,1,4,5,1,2,3,1,1,0,1,0,1,0,1,1,,4,,5,3,0,3500,1,1,1,0,2,1,6,1,2,2,8,1,bceesay,,2
IN-M-158A,recruitment_arm_1,,,1,,1,0,6,4,2,5,5,,5,,2,3,,,2,0,3,,1,3,5,0,2,3,0,0,0,1,0,1,1,1,3,,2,,2,10,0,8000,1,1,1,0,1,2,10,1,1,3,12,1,kkora,,2
IN-M-159C,recruitment_arm_1,,,5,,1,0,6,4,2,6,5,,5,,1,3,,,2,0,3,,1,3,5,1,2,3,0,0,0,0,0,1,0,1,1,,1,,7,17,1,10000,0,0,0,0,,,,1,1,2,9,0,kkora,,2
IN-M-160G,recruitment_arm_1,,,1,,1,2,14,4,2,5,5,,4,,20,2,,,2,0,2,,1,4,5,1,2,3,1,0,0,1,1,1,1,1,1,,8,businessman ,4,18,0,9000,1,1,1,0,2,2,7,0,,,,1,bceesay,,2
IN-M-161D,recruitment_arm_1,,,5,,1,0,10,4,2,5,3,,4,,2,3,,,2,1,3,,0,4,5,0,2,3,0,0,0,0,0,1,0,1,2,,1,,5,0,0,5000,1,0,0,0,3,3,10,0,,,,1,msumbunu,,2
IN-M-162F,recruitment_arm_1,,,5,,1,1,15,4,2,5,3,,4,,6,3,,,2,1,3,,0,4,5,2,2,3,0,0,0,1,1,1,1,1,2,,5,,1,5,0,15000,0,0,0,0,,,,1,1,4,15,0,msumbunu,,2
IN-M-163H,recruitment_arm_1,,,1,,1,1,7,4,2,6,3,,4,,5,4,,,2,0,1,,1,2,5,1,2,3,1,0,0,0,0,1,0,0,2,,8,Masson and a carpenter,2,4,0,10000,1,0,0,0,1,3,12,1,1,1,5,1,bceesay,,2
IN-M-164K,recruitment_arm_1,,,1,,1,0,20,4,2,5,5,,2,,2,3,,,2,0,2,,1,4,5,1,2,3,1,1,0,1,0,1,1,1,5,seller ,8,teaching ,1,1,0,15000,1,1,1,0,2,1,6,1,2,4,15,0,bceesay,,2
IN-M-165G,recruitment_arm_1,,,1,,1,0,4,3,2,5,2,,2,,2,3,,,2,1,3,,1,4,6,0,2,3,1,0,1,1,0,1,1,1,2,,5,,1,0,0,5000,1,0,0,0,1,2,9,1,3,3,10,1,msumbunu,,2
IN-M-166D,recruitment_arm_1,,,1,,1,0,32,4,2,5,5,,4,,5,4,,,2,0,2,,1,4,5,2,2,3,1,0,0,1,0,1,1,1,5,vendor ,4,,5,2,0,10000,1,1,1,0,1,3,11,1,1,3,12,1,bceesay,,2
IN-M-167G,recruitment_arm_1,,,1,,1,1,4,4,2,9,2,,2,,1,3,,,2,0,2,,1,3,5,1,1,3,1,0,1,0,0,1,0,0,2,,5,,1,4,0,5000,1,0,0,0,2,2,7,1,1,3,10,1,msumbunu,,2
IN-M-168K,recruitment_arm_1,,,1,,1,0,6,4,2,5,5,,4,,3,3,,,2,1,2,,1,3,5,2,0,3,0,0,0,1,1,1,1,1,5,vendor ,1,,5,0,0,5000,1,1,0,1,1,3,10,1,1,4,14,0,bceesay,,2
IN-M-169A,recruitment_arm_1,,,1,,1,0,24,4,2,5,5,,4,,2,4,,,2,0,2,,1,4,5,2,2,3,1,0,0,1,0,1,1,1,5,teaching,8,teaching,1,25,30,17000,1,0,0,0,1,4,15,1,1,3,12,1,bceesay,,2
IN-M-170D,recruitment_arm_1,,,1,,1,0,11,4,2,6,5,,2,,1,3,,,2,0,2,,1,4,5,1,2,3,0,1,0,0,0,1,0,0,5,PETTY TRADING,8,TEACHING,1,5,3,8000,1,1,1,0,1,2,9,1,1,4,15,1,bceesay,,2
IN-M-171K,recruitment_arm_1,,,1,,1,1,20,4,2,6,5,,5,,1,3,,,2,0,3,,0,4,5,2,2,3,1,1,0,0,0,1,0,1,4,,1,,7,6,0,10000,1,0,0,0,1,1,6,1,1,3,12,0,kkora,,2
IN-M-172G,recruitment_arm_1,,,1,,1,0,9,4,2,5,5,,2,,1,4,,,2,1,2,,1,4,5,1,2,3,1,0,1,1,1,1,0,1,2,,8,teaching,1,25,0,9000,0,1,1,0,2,1,3,1,1,4,15,0,bceesay,,2
IN-M-173D,recruitment_arm_1,,,1,,1,1,5,4,2,6,5,,5,,2,3,,,2,0,2,,1,2,5,2,2,3,1,0,0,0,0,1,0,1,2,,5,,1,0,0,7000,0,1,1,0,2,1,3,1,2,3,12,1,kkora,,2
IN-M-174J,recruitment_arm_1,,,1,,1,0,15,3,2,6,5,,5,,2,1,,2,2,0,2,,1,4,5,2,2,3,1,1,0,0,1,1,0,1,2,,1,,7,4,0,10000,1,0,0,0,2,1,4,0,,,,0,kkora,,2
IN-M-175B,recruitment_arm_1,,,1,,1,2,13,4,2,6,5,,5,,10,3,,,2,0,3,,1,4,5,0,2,3,1,0,0,0,0,1,0,0,1,,1,,5,5,10,60000,0,1,1,0,2,1,3,0,,,,0,bceesay,,2
IN-M-176A,recruitment_arm_1,,,1,,1,0,9,3,2,5,5,,5,,2,3,,,2,0,3,,1,3,5,1,2,3,1,1,0,1,1,1,1,1,2,,1,,7,4,2,10000,1,0,0,0,2,1,2,1,2,1,5,0,bceesay,,2
IN-M-177H,recruitment_arm_1,,,1,,1,1,15,4,2,6,5,,4,,5,3,,,2,0,3,,1,4,5,2,2,3,0,1,0,0,0,1,0,1,5,shopkeeper,1,,7,11,40,10000,1,1,0,1,1,3,12,1,1,2,9,1,bceesay,,2
IN-M-178B,recruitment_arm_1,,,1,,1,0,13,3,2,6,5,,4,,5,1,,3,2,0,2,,1,4,6,2,2,3,1,0,0,0,1,1,1,1,2,,8,mansion ,7,5,0,8000,1,1,1,0,1,2,9,1,2,2,8,1,bceesay,,2
IN-M-179J,recruitment_arm_1,,,1,,1,0,15,4,2,6,5,,2,,5,4,,,2,0,2,,0,4,5,1,2,3,1,0,0,0,1,1,0,1,1,,1,,7,6,2,8000,0,1,0,1,2,2,10,1,1,2,9,0,bceesay,,2
IN-M-180J,recruitment_arm_1,,,1,,1,0,9,4,2,5,5,,5,,5,3,,,2,0,3,,1,4,5,2,2,3,0,0,0,1,1,1,1,1,2,,5,,1,1,0,10000,1,0,0,0,1,2,9,1,1,4,15,1,kkora,,2
IN-M-181B,recruitment_arm_1,,,1,,1,0,18,4,2,5,5,,5,,1,3,,,2,0,3,,1,4,5,0,2,3,1,0,1,1,0,1,0,1,1,,5,,1,3,0,10000,1,0,0,0,1,1,5,1,1,3,12,0,kkora,,2
IN-M-182K,recruitment_arm_1,,,1,,1,0,5,4,2,6,5,,5,,1,3,,,2,0,2,,1,2,5,1,2,3,1,0,1,0,0,1,1,1,2,,2,,2,3,1,8000,0,1,1,0,2,1,5,1,2,2,9,0,kkora,,2
IN-M-183H,recruitment_arm_1,,,1,,1,2,190,4,2,6,2,,2,,2,4,,,1,0,4,,1,2,3,0,0,3,1,1,1,1,0,1,1,1,2,,1,,1,9,7,100000,0,1,1,0,2,1,6,0,,,,0,bceesay,,2
IN-M-184A,recruitment_arm_1,,,1,,1,1,7,3,2,5,5,,5,,2,3,,,2,0,3,,1,3,5,2,2,3,1,1,0,1,1,1,1,1,1,,5,,1,15,40,8000,1,0,0,0,2,1,6,0,,,,0,kkora,,2
IN-M-185E,recruitment_arm_1,,,1,,1,0,7,4,2,6,5,,5,,1,3,,,2,0,2,,1,3,5,1,2,3,1,1,0,0,0,1,0,1,2,,5,,1,8,0,7000,1,0,0,0,1,3,12,1,1,3,12,1,kkora,,2
IN-M-186K,recruitment_arm_1,,,1,,1,0,11,3,2,6,5,,5,,2,3,,,2,0,2,,1,3,5,2,2,3,1,1,0,1,1,1,1,1,2,,5,,1,1,0,10000,1,0,0,0,1,3,12,1,1,3,12,1,kkora,,2
IN-M-187B,recruitment_arm_1,,,1,,1,0,8,3,2,5,5,,5,,2,1,,1,2,0,2,,1,4,5,2,2,3,1,0,0,0,1,1,1,1,2,,2,,2,10,0,8000,0,1,1,0,2,1,2,1,1,2,7,0,kkora,,2
IN-M-188B,recruitment_arm_1,,,1,,1,0,20,3,2,5,5,,5,,2,4,,,2,0,2,,1,4,5,1,1,3,1,0,0,1,1,1,1,1,3,,2,,2,0,0,10000,1,0,0,0,2,3,11,1,1,2,9,1,kkora,,2
IN-M-189C,recruitment_arm_1,,,1,,1,1,9,3,2,5,5,,5,,3,3,,,2,0,2,,0,3,6,2,2,3,1,1,1,1,0,1,1,1,1,,1,,7,3,0,10000,1,0,0,0,2,2,7,1,2,1,5,0,kkora,,2
IN-M-190C,recruitment_arm_1,,,1,,1,0,13,4,2,5,5,,5,,5,3,,,2,0,3,,1,4,5,2,2,3,1,0,0,1,0,1,1,1,1,,5,,1,2,0,10000,1,0,0,0,1,3,10,1,1,3,12,1,kkora,,2
IN-M-191D,recruitment_arm_1,,,1,,1,0,39,4,2,6,5,,5,,2,3,,,2,0,2,,1,4,5,2,2,3,1,0,0,1,1,1,1,1,2,,1,,7,39,3,15000,1,0,0,0,2,1,4,1,2,1,5,0,kkora,,2
IN-M-192B,recruitment_arm_1,,,6,Serer,1,0,39,4,2,5,5,,5,,1,3,,,2,0,2,,1,4,5,2,2,3,1,0,0,1,1,1,1,1,2,,2,,2,10,4,10000,1,0,0,0,1,1,6,1,1,3,11,1,kkora,,2
IN-M-193D,recruitment_arm_1,,,1,,1,0,5,3,2,5,5,,5,,4,3,,,2,0,2,,1,3,5,2,2,3,1,1,1,1,1,1,1,1,2,,2,,2,7,0,10000,1,0,0,0,1,3,11,1,1,3,12,1,kkora,,2
IN-M-194D,recruitment_arm_1,,,1,,1,0,8,3,2,5,5,,5,,3,3,,,2,0,2,,0,3,5,2,2,3,1,1,0,1,1,1,1,1,2,,2,,2,10,0,8000,0,1,1,0,2,,3,0,,,,0,kkora,,2
IN-M-195J,recruitment_arm_1,,,1,,1,0,6,4,2,5,5,,5,,1,3,,,2,0,2,,1,2,5,1,0,3,1,0,0,1,1,1,1,1,2,,5,,1,0,0,10000,1,0,0,0,1,2,8,1,1,3,12,1,kkora,,2
IN-M-196C,recruitment_arm_1,,,1,,1,0,7,4,2,6,6,,6,,1,3,,,2,1,2,,1,4,5,1,2,3,1,0,0,0,0,1,0,1,2,,2,,2,6,2,7000,0,1,1,0,2,,1,1,1,1,6,0,kkora,,2
IN-M-197H,recruitment_arm_1,,,1,,1,2,10,4,2,4,5,,2,,2,5,,,2,1,4,,1,4,5,1,2,3,1,0,1,1,1,1,1,1,1,,1,,7,8,0,5000,0,0,0,0,,,,0,,,,0,otbah,,2
IN-M-198J,recruitment_arm_1,,,1,,1,2,18,4,2,6,5,,5,,3,5,,,2,1,4,,0,4,5,1,2,3,1,0,0,0,1,1,1,0,1,,8,MARABOU,7,7,4,5000,0,0,0,0,,,,1,2,2,9,0,otbah,,2
IN-M-199G,recruitment_arm_1,,,1,,1,1,16,3,2,4,5,,5,,3,5,,,2,0,4,,0,4,5,1,2,3,1,0,0,1,1,1,1,1,3,,8,Salon/barba ,1,0,0,7000,1,0,0,0,1,3,10,1,2,3,11,0,otbah,,2
IN-M-200H,recruitment_arm_1,,,1,,1,0,7,3,2,5,2,,2,,1,3,,,2,0,3,,0,4,6,1,0,3,1,0,0,1,1,1,1,1,4,,5,,1,0,0,10000,1,0,0,0,1,4,14,1,1,3,12,1,kkora,,2
IN-M-201B,recruitment_arm_1,,,1,,1,0,8,4,2,5,5,,5,,20,4,,,2,0,2,,1,4,5,1,2,3,1,0,0,1,1,1,1,1,2,,8,Carpenter,2,3,4,4000,1,0,0,0,2,1,5,0,,,,0,kyceesay,,2
IN-M-202C,recruitment_arm_1,,,1,,1,1,11,4,2,6,5,,5,,2,5,,,1,0,4,,0,2,5,1,1,2,0,0,0,0,0,1,0,0,2,,4,,5,6,7,6000,1,0,0,0,1,1,5,0,,,,0,otbah,,2
IN-M-203C,recruitment_arm_1,,,4,,1,0,8,4,2,5,2,,2,,3,3,,,2,0,2,,1,3,5,1,1,3,0,0,1,1,1,1,1,1,4,,5,,1,1,0,8000,1,0,0,0,1,4,14,1,1,4,14,1,kkora,,2
IN-M-204C,recruitment_arm_1,,,1,,1,1,15,4,2,6,5,,5,,2,1,,2,2,0,2,,1,3,5,2,2,3,1,0,0,0,0,1,0,1,2,,8,Marabout,7,0,0,9000,0,0,0,0,,,,0,,,,0,kkora,,2
IN-M-205D,recruitment_arm_1,,,1,,1,0,15,4,2,5,5,,5,,1,1,,3,2,0,2,,1,4,6,1,2,3,1,0,0,1,1,1,1,1,2,,5,,1,4,0,10000,1,1,1,0,1,3,12,1,1,4,14,1,kkora,,2
IN-M-206F,recruitment_arm_1,,,5,,1,3,6,4,2,6,5,,5,,2,5,,,1,0,4,,0,4,5,0,2,3,1,1,0,0,1,1,1,0,1,,8,Security guard ,7,4,2,4000,1,0,0,0,1,2,7,1,1,2,9,0,otbah,,2
IN-M-207C,recruitment_arm_1,,,1,,1,1,10,4,2,5,3,,4,,4,4,,,2,1,3,,1,4,5,2,2,3,1,0,0,0,0,1,1,1,2,,4,,5,6,0,14500,0,1,1,0,2,,2,0,,,,0,kyceesay,,2
IN-M-208A,recruitment_arm_1,,,5,,1,1,5,2,2,6,5,,5,,2,5,,,2,0,4,,0,2,5,1,1,3,1,0,1,0,1,1,1,0,1,,4,,5,0,0,5000,1,0,0,0,1,3,12,1,1,3,12,0,otbah,,2
IN-M-209D,recruitment_arm_1,,,1,,1,0,30,3,2,5,3,,4,,6,3,,,2,0,3,,0,4,6,2,2,3,0,0,0,1,1,1,1,1,2,,8,Mason,7,2,0,15000,0,1,0,1,2,,6,0,,,,0,kyceesay,,2
IN-M-210A,recruitment_arm_1,,,1,,1,0,8,4,2,6,2,,2,,2,4,,,2,0,3,,0,4,5,0,2,3,0,0,0,0,0,1,0,0,2,,1,,7,6,0,6500,0,1,0,1,2,,6,0,,,,0,kyceesay,,2
IN-M-211D,recruitment_arm_1,,,1,,1,1,5,4,2,4,5,,5,,3,5,,,1,0,4,,0,4,5,1,2,3,1,0,0,0,0,1,1,1,1,,8,Security guide ,7,5,0,3000,1,0,0,0,2,2,7,1,1,2,9,0,otbah,,2
IN-M-212K,recruitment_arm_1,,,1,,1,0,15,4,2,5,5,,5,,3,1,,2,2,0,2,,1,3,6,2,2,3,1,1,0,1,1,1,1,1,2,,5,,1,3,0,10000,1,0,0,0,2,1,3,1,1,3,12,0,kkora,,2
IN-M-213G,recruitment_arm_1,,,1,,1,0,20,4,2,5,5,,5,,4,3,,,2,0,2,,1,4,5,0,2,3,1,0,0,1,0,1,1,1,2,,1,,3,5,0,8000,1,0,0,0,1,2,7,1,1,4,14,1,kkora,,2
IN-M-214F,recruitment_arm_1,,,1,,1,0,11,4,2,5,5,,5,,5,3,,,2,0,2,,1,4,5,1,2,3,1,0,0,0,0,1,0,1,2,,1,,7,6,0,15000,1,0,0,0,2,1,5,0,,,,0,kkora,,2
IN-M-215E,recruitment_arm_1,,,1,,1,0,11,4,2,6,5,,5,,2,3,,,2,1,2,,1,4,5,2,2,3,1,1,0,0,0,1,0,1,2,,5,,1,7,0,7000,1,0,0,0,2,1,6,1,1,2,9,0,kkora,,2
IN-M-216F,recruitment_arm_1,,,1,,1,0,18,4,2,9,5,,5,,1,3,,,2,0,2,,1,4,5,1,2,3,1,1,0,0,0,1,0,0,2,,8,Mason,2,12,0,11000,1,0,0,0,1,1,3,0,,,,0,otbah,,2
IN-M-217G,recruitment_arm_1,,,6,Bambara(Bosso),1,3,7,3,2,5,5,,5,,5,3,,,2,1,2,,1,2,5,0,0,1,0,1,0,0,0,1,1,1,2,,3,,7,0,0,10000,0,0,0,0,,,,0,,,,0,kkora,,2
IN-M-218F,recruitment_arm_1,,,1,,1,0,7,3,2,5,5,,5,,1,3,,,2,0,2,,1,2,5,2,0,3,1,0,0,1,1,1,1,1,2,,5,,2,10,0,8000,1,0,0,0,2,2,9,1,1,3,12,1,kkora,,2
IN-M-219H,recruitment_arm_1,,,1,,1,2,17,3,2,5,5,,5,,7,3,,,2,0,2,,1,4,5,1,2,3,1,0,0,0,1,1,0,1,2,,1,,7,1,0,10000,1,0,0,0,2,1,2,0,,,,0,kkora,,2
IN-M-220H,recruitment_arm_1,,,1,,1,0,9,4,2,6,5,,5,,2,3,,,2,0,2,,1,3,5,0,2,3,0,0,0,0,0,1,0,1,2,,5,,2,0,0,8000,1,0,0,0,1,1,5,0,,,,0,kkora,,2
IN-M-221E,recruitment_arm_1,,,1,,1,0,11,3,2,6,3,,4,,10,4,,,2,1,3,,0,4,5,0,2,3,0,0,0,0,0,1,0,0,1,,8,TRADER,4,3,0,8500,1,0,0,0,1,3,12,1,1,2,9,1,kyceesay,,2
IN-M-222C,recruitment_arm_1,,,1,,1,0,10,4,2,5,5,,5,,4,4,,,2,0,3,,0,4,5,2,0,3,1,0,0,1,1,1,1,1,2,,5,,2,5,0,10000,1,0,0,0,1,2,11,1,1,2,10,1,kyceesay,,2
IN-M-223J,recruitment_arm_1,,,5,,1,0,6,4,2,6,4,,5,,40,6,,,3,1,4,,0,3,2,2,2,3,0,0,0,0,0,1,0,0,2,,4,,5,3,0,6500,1,0,0,0,1,1,6,0,,,,0,kyceesay,,2
IN-M-224K,recruitment_arm_1,,,5,,1,1,15,4,2,4,5,,5,,2,5,,,2,0,3,,1,4,5,0,2,3,1,0,0,1,1,1,1,1,2,,4,,5,5,0,5000,0,0,0,0,,,,0,,,,0,otbah,,2
IN-M-225D,recruitment_arm_1,,,1,,1,0,5,3,2,5,5,,5,,1,3,,,2,0,2,,1,3,5,2,2,3,1,1,0,1,1,1,1,1,2,,5,,1,3,5,6000,1,1,1,0,1,2,9,0,,,,1,kkora,,2
IN-M-226E,recruitment_arm_1,,,1,,1,3,8,4,2,5,5,,5,,2,3,,,2,0,2,,1,3,5,1,2,3,1,0,0,1,1,1,0,1,1,,5,,2,3,0,9000,0,0,0,0,,,,0,,,,0,kkora,,2
IN-M-227K,recruitment_arm_1,,,1,,1,1,10,4,2,6,5,,5,,2,5,,,1,0,3,,1,4,5,0,2,3,0,0,0,0,0,1,1,0,1,,1,,5,0,0,30000,0,0,0,0,,,,1,1,3,12,0,otbah,,2
IN-M-228E,recruitment_arm_1,,,1,,1,0,7,3,2,5,2,,2,,3,3,,,2,1,3,,0,4,6,2,2,3,1,0,0,1,1,1,1,1,2,,4,,5,3,0,9000,1,0,0,0,1,2,9,1,1,2,9,1,kyceesay,,2
IN-M-229F,recruitment_arm_1,,,1,,1,0,15,4,2,5,5,,5,,3,3,,,2,0,2,,1,4,5,2,2,3,1,0,0,1,1,1,1,1,2,,5,,2,12,0,11000,1,0,0,0,1,2,7,0,,,,1,kkora,,2
IN-M-230G,recruitment_arm_1,,,1,,1,0,8,4,2,5,3,,4,,5,4,,,2,0,3,,1,3,5,2,2,3,1,1,0,1,1,1,1,1,5,Petty trading ,3,,7,0,0,7500,0,0,0,0,,,,0,,,,0,kyceesay,,2
IN-M-231G,recruitment_arm_1,,,5,,1,1,15,4,2,4,5,,5,,10,5,,,1,0,3,,1,4,5,1,2,3,1,1,0,1,1,1,1,1,2,,4,,5,23,0,7000,0,0,0,0,,,,1,1,2,8,0,otbah,,2
IN-M-232C,recruitment_arm_1,,,1,,1,2,10,4,2,4,5,,5,,2,5,,,2,0,4,,0,4,5,1,2,3,1,1,0,1,1,1,1,1,1,,8,business,4,10,0,5000,0,0,0,0,,,,0,,,,0,otbah,,2
IN-M-233B,recruitment_arm_1,,,1,,1,0,7,4,2,9,3,,4,,6,3,,,2,1,3,,0,4,5,0,2,3,1,0,0,0,0,1,0,0,2,,4,,5,10,4,7500,1,0,0,0,1,3,11,0,,,,1,kyceesay,,2
IN-M-234D,recruitment_arm_1,,,1,,1,0,12,3,2,6,5,,5,,1,3,,,2,0,2,,1,4,5,1,2,3,1,0,0,0,0,1,0,1,1,,1,,7,5,0,9000,0,1,1,0,2,,2,0,,,,0,kkora,,2
IN-M-235D,recruitment_arm_1,,,1,,1,1,25,4,2,4,5,,5,,3,5,,,2,0,4,,0,4,5,1,2,3,1,1,0,0,0,1,0,0,1,,4,,5,6,0,5000,1,0,0,0,1,3,9,1,2,3,12,0,otbah,,2
IN-M-236J,recruitment_arm_1,,,1,,1,1,13,4,2,9,2,,2,,2,4,,,2,0,4,,0,4,5,1,2,3,0,0,0,0,0,1,0,0,2,,5,,1,2,0,7000,1,0,0,0,1,3,12,1,1,4,16,1,kyceesay,,2
IN-M-237F,recruitment_arm_1,,,1,,1,1,5,3,2,4,5,,5,,3,5,,,1,0,4,,0,4,5,0,2,3,1,0,0,0,0,1,0,0,1,,4,,5,0,0,6000,0,1,0,1,2,,8,1,1,2,8,0,otbah,,2
IN-M-238C,recruitment_arm_1,,,1,,1,1,5,4,2,4,5,,5,,3,5,,,1,0,4,,0,4,5,1,2,3,1,1,0,1,1,1,1,1,2,,5,,1,0,0,5000,1,0,0,0,1,3,11,1,1,3,12,0,otbah,,2
IN-M-239D,recruitment_arm_1,,,1,,1,2,5,3,2,6,5,,5,,10,5,,,1,0,4,,0,3,5,1,2,3,1,1,1,0,0,1,0,0,1,,8,DRIVER,3,20,0,5000,1,0,0,0,1,3,12,1,1,3,12,0,otbah,,2
IN-M-240B,recruitment_arm_1,,,1,,1,0,15,4,2,5,3,,3,,1,3,,,2,0,3,,1,1,5,0,1,2,0,0,0,1,0,1,1,1,2,,5,,1,1,0,8000,1,0,0,0,2,3,12,1,1,4,14,0,kkora,,2
IN-M-241F,recruitment_arm_1,,,1,,1,0,8,3,2,5,5,,5,,2,4,,,2,0,2,,1,2,5,0,2,3,0,0,0,1,0,1,,1,2,,5,,4,3,0,4500,1,0,0,0,1,1,6,1,1,3,12,0,amjoof,,2
IN-M-242G,recruitment_arm_1,,,5,,1,1,8,4,2,4,5,,5,,20,5,,,1,0,3,,1,4,5,0,2,3,1,0,0,0,0,1,0,1,2,,8,tailor,1,5,0,6000,0,0,0,0,,,,,,,,0,otbah,,2
IN-M-243J,recruitment_arm_1,,,5,,1,1,10,3,2,4,5,,5,,10,5,,,1,0,4,,0,2,5,0,1,3,1,0,0,1,1,1,1,1,2,,4,,5,4,0,6500,1,0,0,0,2,1,6,1,1,2,9,0,otbah,,2
IN-M-244E,recruitment_arm_1,,,1,,1,1,7,4,2,6,3,,4,,2,3,,,2,0,4,,0,3,5,0,2,3,0,0,0,0,1,1,0,1,2,,5,,2,0,0,10000,0,0,0,0,,,,1,2,3,12,0,amjoof,,2
IN-M-245J,recruitment_arm_1,,,1,,1,0,8,4,2,5,3,,3,,1,3,,,1,0,4,,0,1,5,2,2,3,1,0,1,1,0,1,1,1,2,,1,,7,15,6,8000,1,0,0,0,1,2,9,1,1,2,7,0,amjoof,,2
IN-M-246G,recruitment_arm_1,,,5,,1,1,15,4,2,4,5,,5,,2,5,,,1,0,4,,0,4,5,0,1,3,1,0,0,0,1,1,0,1,2,,1,,7,5,0,6000,0,0,0,0,,,,0,,,,0,otbah,,2
IN-M-247K,recruitment_arm_1,,,1,,1,1,7,3,2,5,2,,2,,2,3,,,2,0,3,,0,4,5,2,0,3,1,0,1,1,1,1,1,1,2,,8,Technical,2,9,0,12000,1,0,0,0,1,2,8,1,1,3,11,1,kyceesay,,2
IN-M-248F,recruitment_arm_1,,,1,,1,0,20,4,2,5,5,,5,,1,3,,,2,1,3,,1,4,5,1,2,3,0,0,0,0,0,1,0,1,2,,5,,1,3,0,7000,1,1,1,0,2,2,9,1,1,2,9,0,kkora,,2
IN-M-249K,recruitment_arm_1,,,1,,1,0,22,4,2,5,3,,4,,2,3,,,1,0,4,,0,4,4,1,2,3,1,1,0,1,1,1,1,1,2,,3,,4,10,20,11000,1,0,0,0,2,3,12,1,1,3,12,0,amjoof,,2
IN-M-250J,recruitment_arm_1,,,5,,1,0,16,3,2,6,5,,5,,1,3,,,2,0,3,,0,4,5,2,2,3,1,1,0,0,0,1,0,1,2,,2,,7,16,13,8000,1,0,0,0,1,2,8,1,1,1,5,0,kkora,,2
IN-M-251B,recruitment_arm_1,,,1,,1,0,5,4,2,6,5,,5,,3,3,,,2,1,2,,1,2,5,1,2,3,1,0,0,0,0,1,0,1,2,,2,,7,2,0,5000,1,0,0,0,2,1,6,0,,,,0,kkora,,2
IN-M-252B,recruitment_arm_1,,,1,,1,1,32,4,2,5,3,,4,,5,3,,,1,0,4,,0,4,5,0,2,3,0,0,0,0,1,1,1,1,2,,8,Carpenter ,1,6,0,8000,0,0,0,0,,,,1,2,2,8,0,amjoof,,2
IN-M-253G,recruitment_arm_1,,,1,,1,1,15,,2,5,5,,5,,1,3,,,2,0,3,,1,3,5,0,2,3,1,0,0,1,1,1,1,1,2,,5,,1,4,0,8000,1,0,0,0,1,2,9,1,1,3,12,0,kkora,,2
IN-M-254E,recruitment_arm_1,,,1,,1,0,15,4,2,6,5,,5,,2,3,,,2,0,2,,1,4,5,1,2,3,1,0,0,0,0,1,0,1,2,,5,,1,2,0,7000,1,0,0,0,2,3,12,1,2,3,12,1,kkora,,2
IN-M-255D,recruitment_arm_1,,,1,,1,0,4,3,2,5,5,,5,,1,1,,3,2,1,2,,1,2,5,1,2,3,1,0,1,1,0,1,1,1,2,,5,,1,6,0,4000,1,0,0,0,1,3,11,1,1,5,16,1,kkora,,2
IN-M-256K,recruitment_arm_1,,,1,,1,0,15,4,2,5,5,,5,,4,3,,,2,0,2,,1,4,5,1,2,3,1,0,1,1,0,1,1,1,2,,5,,1,8,0,10000,1,0,0,0,2,3,12,1,2,5,14,1,kkora,,2
IN-M-257E,recruitment_arm_1,,,1,,1,0,4,4,2,5,3,,3,,5,3,,,1,0,3,,1,3,5,0,1,2,1,1,1,1,1,1,1,1,2,,5,,1,1,1,5000,1,0,0,0,1,3,12,1,1,3,12,0,amjoof,,2
IN-M-258C,recruitment_arm_1,,,1,,1,0,10,4,2,5,5,,5,,3,3,,,2,0,2,,1,4,5,1,2,3,1,0,0,1,1,1,1,1,2,,5,,1,3,0,8000,1,0,0,0,,,,,,,,1,kkora,,2
IN-M-259H,recruitment_arm_1,,,1,,1,0,10,4,2,6,3,,3,,2,3,,,2,1,3,,1,2,5,2,0,2,1,0,0,0,1,1,1,0,2,,4,,3,5,2,8000,1,1,0,1,2,1,9,1,1,2,8,0,amjoof,,2
IN-M-260K,recruitment_arm_1,,,5,,1,2,20,4,,4,5,,5,,3,5,,,1,0,3,,1,3,5,1,2,3,1,1,1,1,1,1,1,1,1,,8,DRIVER,3,7,10,5000,0,0,0,0,,,,1,1,2,9,0,otbah,,2
IN-M-261J,recruitment_arm_1,,,5,,1,1,5,3,2,4,5,,5,,5,5,,,1,0,4,,0,2,5,0,2,3,0,0,0,0,0,1,0,1,2,,1,,5,0,0,6000,0,0,0,0,,,,0,,,,0,otbah,,2
IN-M-262E,recruitment_arm_1,,,1,,1,0,8,4,2,9,2,,1,,1,4,,,2,0,3,,1,1,5,2,2,2,1,1,0,0,0,1,0,0,2,,1,,5,0,0,6000,1,0,0,0,2,2,8,1,1,3,11,0,amjoof,,2
IN-M-263A,recruitment_arm_1,,,1,,1,0,12,4,2,9,5,,5,,1,4,,,2,0,2,,1,4,5,2,2,3,1,0,1,0,0,1,0,0,2,,8,Mason,2,5,0,9000,1,1,1,0,1,3,10,0,,,,1,kkora,,2
IN-M-264H,recruitment_arm_1,,,1,,1,1,30,4,2,6,3,,3,,1,4,,,1,0,3,,1,1,5,2,0,3,1,1,0,1,1,1,0,1,2,,4,,3,20,0,12000,1,0,0,0,1,1,5,1,2,3,12,0,amjoof,,2
IN-M-265E,recruitment_arm_1,,,1,,1,0,23,4,2,6,1,,2,,1,4,,,2,0,3,,1,1,5,1,1,2,1,0,0,0,0,1,0,0,2,,4,,5,25,20,,1,0,0,0,1,1,5,1,1,3,11,0,amjoof,,2
IN-M-266G,recruitment_arm_1,,,1,,1,0,7,3,2,5,5,,5,,2,3,,,2,0,3,,1,2,5,2,2,3,1,1,0,1,0,1,1,1,2,,5,,1,2,0,10000,1,0,0,0,1,2,9,0,,,,1,kkora,,2
IN-M-267C,recruitment_arm_1,,,1,,1,1,10,4,2,5,3,,3,,4,4,,,2,0,3,,1,3,5,0,2,3,1,0,0,1,1,1,1,1,2,,1,,3,2,0,6000,1,0,0,0,2,1,6,1,2,3,12,0,amjoof,,2
IN-M-268F,recruitment_arm_1,,,1,,1,0,8,3,2,6,5,,5,,2,3,,,2,0,2,,1,2,5,1,1,3,1,1,0,0,1,1,1,1,2,,5,,1,3,1,8000,1,1,1,0,1,2,9,1,1,3,12,1,kkora,,2
IN-M-269H,recruitment_arm_1,,,1,,1,0,20,4,2,9,3,,3,,1,4,,,1,0,3,,1,2,5,1,2,3,1,0,0,0,0,1,0,0,4,,8,Cook,5,10,2,6500,1,0,0,0,1,2,7,1,2,2,7,0,amjoof,,2
IN-M-270C,recruitment_arm_1,,,1,,1,0,20,3,2,5,5,,5,,2,1,,2,2,0,2,,1,4,5,1,2,3,1,0,1,1,1,1,1,1,2,,5,,2,0,0,15000,1,0,0,0,2,2,7,1,2,2,9,0,kkora,,2
IN-M-271H,recruitment_arm_1,,,,,1,1,16,3,2,4,5,,5,,3,5,,,1,0,4,,0,3,5,1,2,3,1,1,0,1,1,1,1,1,2,,4,,5,4,0,6000,1,0,0,0,1,2,9,0,,,,0,otbah,,2
IN-M-272D,recruitment_arm_1,,,1,,1,1,20,4,2,4,5,,5,,5,5,,,1,0,4,,0,3,5,0,2,3,1,1,0,1,1,1,1,1,2,,5,,3,10,0,5000,1,0,0,0,1,3,12,1,1,4,15,0,otbah,,2
IN-M-273H,recruitment_arm_1,,,1,,1,0,7,4,2,6,3,,3,,5,4,,,2,0,3,,1,1,5,2,2,3,0,1,0,0,0,1,0,0,2,,4,,5,0,0,8000,0,0,0,0,,,,1,2,1,6,0,amjoof,,2
IN-M-274B,recruitment_arm_1,,,5,,1,0,31,3,2,5,5,,5,,5,3,,,2,0,2,,1,4,5,1,2,3,1,0,0,1,1,1,1,1,2,,5,,1,6,5,10000,1,1,1,0,1,3,12,1,1,5,16,1,kkora,,2
IN-M-275H,recruitment_arm_1,,,5,,1,2,10,4,2,4,5,,5,,3,5,,,1,0,4,,0,4,5,1,2,3,1,1,0,0,0,1,0,0,1,,1,,5,5,0,5000,1,0,0,0,1,2,8,0,,,,0,otbah,,2
IN-M-276H,recruitment_arm_1,,,1,,1,0,8,3,2,6,1,,1,,1,4,,,2,0,4,,0,2,5,0,2,2,0,0,0,0,1,1,1,0,2,,5,,7,0,0,8000,1,0,0,0,1,2,7,1,1,2,9,0,amjoof,,2
IN-M-277N,recruitment_arm_1,,,1,,1,0,5,4,2,5,5,,5,,2,3,,,2,1,2,,1,2,1,1,2,3,1,0,0,,0,1,0,1,2,,8,Watchman,7,0,0,5000,1,0,0,0,1,1,6,0,,,,0,kkora,,2
IN-M-278K,recruitment_arm_1,,,4,,1,0,7,4,2,9,5,,5,,3,3,,,2,0,2,,1,4,2,0,2,3,1,0,0,0,0,1,0,0,2,,1,,7,0,0,10000,1,0,0,0,2,3,10,1,1,2,9,0,kkora,,2
IN-M-279D,recruitment_arm_1,,,1,,1,1,9,4,2,4,5,,5,,10,5,,,1,0,4,,0,2,6,1,2,2,1,0,0,0,1,1,0,0,1,,3,,1,12,0,6000,1,0,0,0,1,1,6,1,1,3,12,0,otbah,,2
IN-M-280K,recruitment_arm_1,,,5,,1,1,7,4,2,5,3,,4,,4,3,,,2,0,3,,1,4,5,1,2,3,0,0,0,0,0,1,0,1,2,,5,,1,1,0,5000,1,0,0,0,1,1,3,1,1,4,15,1,msumbunu,,2
IN-M-281C,recruitment_arm_1,,,5,,1,1,5,4,2,6,5,,5,,3,3,,,2,0,2,,1,2,5,1,0,2,1,1,0,1,1,1,1,1,2,,8,Business/petty trading,4,2,0,8000,1,0,0,0,1,2,8,0,,,,0,kkora,,2
IN-M-282D,recruitment_arm_1,,,1,,1,0,20,4,2,5,5,,5,,1,3,,,2,0,2,,1,4,5,2,2,3,1,1,1,1,1,1,1,1,4,,1,,7,12,15,15000,1,0,0,0,1,1,3,0,,,,0,kkora,,2
IN-M-283F,recruitment_arm_1,,,1,,1,0,6,4,2,9,5,,5,,3,3,,,2,0,3,,1,3,5,1,2,3,0,0,0,0,0,1,0,0,1,,5,,1,2,0,5000,1,0,0,0,1,2,7,1,1,3,12,1,msumbunu,,2
IN-M-284K,recruitment_arm_1,,,1,,1,0,7,4,2,6,3,,4,,2,3,,,2,0,3,,1,4,2,1,2,3,0,0,0,0,0,1,1,1,1,,3,,7,0,0,5500,1,0,0,0,2,1,4,0,,,,0,msumbunu,,2
IN-M-285A,recruitment_arm_1,,,5,,1,1,14,4,2,6,4,,5,,1,3,,,2,0,3,,1,4,5,2,2,3,0,0,0,0,0,1,0,1,2,,5,,2,3,1,10000,1,0,0,0,1,1,6,1,1,1,6,1,kkora,,2
IN-M-286J,recruitment_arm_1,,,1,,1,0,18,4,2,6,3,,3,,15,4,,,1,0,3,,1,2,5,0,2,3,0,0,0,0,0,1,0,0,2,,1,,7,2,0,8000,1,0,0,0,2,1,2,1,1,1,5,0,amjoof,,2
IN-M-287K,recruitment_arm_1,,,1,,1,0,11,4,2,5,5,,5,,1,3,,,2,0,3,,1,4,5,2,2,3,1,1,0,1,0,1,1,1,2,,5,,2,5,1,10500,1,0,0,0,2,2,8,1,2,2,9,0,kkora,,2
IN-M-288G,recruitment_arm_1,,,1,,1,0,5,4,2,9,3,,3,,2,4,,,1,0,3,,1,2,5,0,0,2,0,0,0,0,0,1,0,0,2,,8,Driver,7,2,0,4500,1,0,0,0,1,2,8,1,2,2,9,0,amjoof,,2
IN-M-289F,recruitment_arm_1,,,1,,1,0,23,3,2,5,5,,5,,1,3,,,2,0,2,,1,4,6,1,2,3,1,1,0,1,1,1,1,1,2,,1,,3,16,5,15000,0,1,1,0,2,,2,1,1,3,12,0,kkora,,2
IN-M-290B,recruitment_arm_1,,,1,,1,0,10,3,2,5,1,,1,,1,3,,,1,0,3,,1,1,5,2,2,2,1,0,1,1,1,1,1,1,2,,4,,5,15,0,9000,1,0,0,0,2,1,4,1,2,3,12,0,amjoof,,2
IN-M-291J,recruitment_arm_1,,,1,,1,0,16,3,2,6,5,,5,,1,1,,1,2,0,2,,1,2,6,2,2,3,1,1,0,1,1,1,1,1,2,,5,,1,3,2,15000,1,0,0,0,1,3,12,1,1,3,12,1,kkora,,2
IN-M-292D,recruitment_arm_1,,,1,,1,1,10,4,2,6,5,,5,,4,3,,,2,1,3,,0,2,5,1,0,3,1,0,0,0,1,1,0,1,2,,8,Bread baker,4,11,0,6000,1,0,0,0,1,1,2,0,,,,0,kkora,,2
IN-M-293C,recruitment_arm_1,,,5,,1,1,30,4,2,6,5,,5,,3,5,,,2,0,4,,0,4,5,0,0,3,0,1,0,0,0,1,0,0,2,,1,,5,5,100,10000,0,0,0,0,,,,0,,,,0,otbah,,2
IN-M-294F,recruitment_arm_1,,,5,,1,3,10,4,2,4,5,,5,,10,5,,,1,0,4,,0,4,5,0,0,3,1,0,0,0,0,1,0,0,1,,1,,5,1,0,7000,0,0,0,0,,,,0,,,,0,otbah,,2
IN-M-295F,recruitment_arm_1,,,1,,1,0,10,4,2,6,5,,5,,1,3,,,2,0,2,,1,4,5,2,2,3,1,1,0,0,1,1,0,1,2,,8,Commercial Driver,7,5,0,7000,1,0,0,0,1,1,6,0,,,,0,kkora,,2
IN-M-296G,recruitment_arm_1,,,1,,1,0,10,3,2,5,3,,3,,3,4,,,1,0,3,,1,3,6,2,2,3,1,0,0,1,1,1,1,1,2,,4,,5,0,0,6000,1,0,0,0,1,1,4,1,2,1,5,0,abarjo,,2
IN-M-297E,recruitment_arm_1,,,1,,1,0,8,3,2,5,1,,1,,1,4,,,3,0,3,,1,2,5,0,2,3,0,1,1,1,1,1,1,1,2,,5,,1,15,0,6000,1,0,0,0,1,3,12,1,1,5,15,1,abarjo,,2
IN-M-298B,recruitment_arm_1,,,1,,1,0,25,4,2,5,3,,3,,5,3,,,1,0,3,,1,3,5,1,2,3,1,1,1,1,1,1,1,1,2,,8,driver,7,15,2,7000,1,0,0,0,3,1,6,1,1,1,5,0,abarjo,,2
IN-M-299A,recruitment_arm_1,,,5,,1,0,20,4,2,6,3,,3,,5,3,,,1,0,4,,0,4,5,1,2,3,1,0,0,0,1,1,0,0,2,,5,,1,50,20,10000,1,0,0,0,2,3,11,1,1,4,15,0,amjoof,,2
IN-M-300F,recruitment_arm_1,,,1,,1,0,9,3,2,5,1,,1,,1,5,,,3,0,3,,1,3,5,1,2,3,1,1,0,0,0,1,0,1,2,,5,,1,3,0,5000,1,0,0,0,1,3,12,1,1,3,12,0,amjoof,,2
IN-M-301F,recruitment_arm_1,,,1,,2,,20,4,2,5,2,,2,,3,3,,,2,1,3,,0,4,5,2,2,3,1,1,0,1,1,1,1,1,3,,5,,2,7,0,11000,1,1,0,1,1,3,10,,,,,1,kyceesay,22,2
IN-M-302A,recruitment_arm_1,,,1,,1,1,11,4,2,5,2,,2,,1,3,,,1,0,3,,1,2,5,1,2,3,0,1,0,1,1,1,1,1,2,,5,,1,4,0,8000,1,0,0,0,1,2,8,1,2,3,12,1,amjoof,,2
IN-M-303K,recruitment_arm_1,,,1,,1,0,5,3,2,5,3,,3,,1,1,,1,1,0,3,,1,3,2,1,2,3,1,1,0,1,1,1,1,1,2,,5,,4,2,0,6000,1,0,0,0,2,2,9,1,2,3,12,1,amjoof,,2
IN-M-304E,recruitment_arm_1,,,5,,1,3,6,3,2,9,3,,3,,5,3,,,2,1,3,,0,4,5,0,0,2,1,0,0,0,0,1,0,0,2,,8,Shopkeeper ,7,0,0,7500,0,0,0,0,,,,0,,,,0,msumbunu,,2
IN-M-305B,recruitment_arm_1,,,1,,1,1,15,3,2,4,5,,5,,2,5,,,2,0,4,,0,,5,1,2,3,0,1,1,1,1,,1,1,2,,4,,5,0,0,10000,1,0,0,0,1,3,11,0,,,,0,otbah,,2
IN-M-306K,recruitment_arm_1,,,1,,1,2,17,4,2,6,3,,3,,5,4,,,3,0,3,,1,2,5,1,2,3,0,0,0,0,0,1,0,0,2,,1,,3,10,4,12000,1,0,0,0,2,1,2,1,2,3,12,0,amjoof,,2
IN-M-307K,recruitment_arm_1,,,1,,1,1,7,3,2,4,5,,5,,4,5,,,1,0,4,,0,4,5,1,2,3,1,0,0,1,1,1,1,1,2,,8,DRIVER,1,5,0,5000,1,0,0,0,1,2,7,1,2,3,12,0,otbah,,2
IN-M-308B,recruitment_arm_1,,,1,,1,0,8,3,2,5,3,,3,,3,4,,,3,0,3,,1,3,6,1,0,3,1,0,0,1,1,1,1,1,2,,5,,1,0,0,10000,1,0,0,0,2,1,3,1,2,2,6,0,amjoof,,2
IN-M-309K,recruitment_arm_1,,,1,,1,1,12,4,2,6,5,,5,,3,5,,,2,0,4,,0,2,5,0,2,3,0,0,0,0,0,1,0,0,2,,4,,5,0,20,5000,1,0,0,0,1,2,9,0,,,,0,otbah,,2
IN-M-310B,recruitment_arm_1,,,1,,1,1,5,4,2,4,5,,5,,2,5,,,1,0,4,,0,2,5,0,2,3,1,0,0,1,1,1,1,1,1,,8,TEACHER,1,2,0,4000,1,0,0,0,1,1,6,1,1,5,14,0,otbah,,2
IN-M-311A,recruitment_arm_1,,,1,,1,0,6,3,2,5,1,,1,,3,1,,,2,0,4,,0,2,5,2,2,3,1,0,0,1,1,1,1,1,2,,8,Security guard ,7,10,0,4000,1,0,0,0,2,3,12,1,1,3,12,0,amjoof,,2
IN-M-312C,recruitment_arm_1,,,1,,1,1,10,4,2,6,5,,5,,6,5,,,2,0,4,,0,4,5,1,2,3,1,1,1,0,0,1,0,0,1,,4,,5,3,0,8000,1,0,0,0,2,1,6,0,,,,0,otbah,,2
IN-M-313E,recruitment_arm_1,,,1,,1,0,4,3,2,6,1,,1,,5,3,,,1,0,4,,0,4,6,1,1,3,1,0,1,0,1,1,1,1,2,,5,,2,5,0,6000,1,0,0,0,1,3,12,1,1,3,11,0,amjoof,,2
IN-M-314F,recruitment_arm_1,,,5,,1,1,6,4,2,4,5,,5,,5,5,,,1,0,4,,0,4,5,0,0,3,1,0,0,0,0,1,0,0,2,,1,,5,4,20,5000,0,0,0,0,,,,0,,,,0,otbah,,2
IN-M-315E,recruitment_arm_1,,,1,,1,0,24,4,2,6,3,,4,,15,3,,,2,0,4,,0,4,5,1,1,3,0,0,0,0,0,1,0,0,2,,5,,2,8,0,4500,1,0,0,0,1,1,6,0,,,,0,amjoof,,2
IN-M-316H,recruitment_arm_1,,,1,,1,3,13,3,2,6,5,,5,,5,5,,,2,0,4,,0,4,5,1,2,3,1,1,0,0,0,1,0,0,1,,4,,5,6,4,7000,0,0,0,0,,,,0,,,,0,otbah,,2
IN-M-317J,recruitment_arm_1,,,1,,1,2,30,4,2,4,5,,5,,2,5,,,1,0,4,,0,4,5,0,2,3,0,1,0,1,0,1,1,1,1,,1,,3,8,0,10000,1,0,0,0,2,2,7,1,1,3,12,0,otbah,,2
IN-M-318F,recruitment_arm_1,,,1,,1,2,24,3,2,4,5,,5,,2,5,,,2,0,4,,0,1,5,1,2,3,1,1,0,1,1,1,1,1,1,,1,,5,15,5,10000,1,0,0,0,2,1,4,1,1,1,6,0,otbah,,2
IN-M-319F,recruitment_arm_1,,,1,,1,1,10,4,2,6,5,,5,,5,5,,,2,0,4,,0,1,5,1,2,3,1,1,0,0,0,1,0,0,1,,1,,5,5,2,8000,0,0,0,0,,,,1,2,3,12,0,otbah,,2
IN-M-320E,recruitment_arm_1,,,5,,1,1,25,4,2,4,5,,5,,3,5,,,2,0,3,,1,4,5,,1,3,0,1,1,1,1,1,1,1,5,Business ,4,,5,0,0,15000,1,0,0,0,1,2,9,1,1,3,11,0,otbah,,2
IN-M-321D,recruitment_arm_1,,,5,,1,1,3,3,2,4,5,,5,,4,5,,,1,0,4,,0,2,5,0,1,2,0,0,0,0,1,1,1,1,2,,4,,5,2,0,5000,1,0,0,0,1,1,6,0,,,,0,otbah,,2
IN-M-322F,recruitment_arm_1,,,5,,1,1,11,3,2,4,5,,5,,5,5,,,1,0,4,,0,2,5,1,2,2,1,1,0,0,1,1,1,1,2,,8,Driver ,1,15,0,6000,0,0,0,0,,,,0,,,,0,otbah,,2
IN-M-323D,recruitment_arm_1,,,1,,1,3,22,4,2,6,5,,5,,5,5,,,1,0,4,,0,3,5,1,2,3,1,1,0,0,1,1,0,0,1,,4,,5,7,0,8000,1,0,0,0,2,1,5,0,,,,0,abarjo,,2
IN-M-324J,recruitment_arm_1,,,1,,1,2,16,4,2,6,5,,5,,20,3,,,2,0,3,,1,2,5,2,2,3,1,0,0,0,0,1,1,1,2,,3,,7,6,4,2000,0,1,1,0,2,,15,0,,,,1,abarjo,,2
IN-M-325K,recruitment_arm_1,,,1,,1,1,20,4,2,6,5,,5,,4,5,,,1,0,4,,0,4,1,1,1,2,1,0,0,0,0,1,0,0,1,,4,,5,6,1,5500,1,0,0,0,2,2,9,1,1,3,10,0,otbah,,2
IN-M-326B,recruitment_arm_1,,,1,,1,2,6,4,2,4,5,,5,,5,5,,,1,0,4,,0,4,1,1,0,3,1,0,0,0,1,1,1,1,1,,1,,5,5,30,5000,0,0,0,0,,,,0,,,,0,otbah,,2
IN-M-327F,recruitment_arm_1,,,1,,1,0,2,4,2,6,2,,2,,2,3,,,2,0,3,,0,2,5,2,0,2,0,1,0,0,0,1,1,0,1,,5,,7,4,0,5000,0,1,1,0,2,,20,1,1,4,15,0,kyceesay,,2
IN-M-328K,recruitment_arm_1,,,5,,1,1,26,4,2,6,5,,5,,5,5,,,1,0,4,,0,4,1,0,2,3,1,0,0,0,0,1,0,0,2,,4,,5,0,0,8000,0,0,0,0,,,,0,,,,0,otbah,,2
IN-M-329D,recruitment_arm_1,,,1,,1,0,3,4,2,5,3,,4,,5,3,,,2,0,3,,0,2,5,2,2,3,1,0,0,1,0,1,0,1,3,,5,,1,5,2,13000,0,1,0,1,2,,15,1,2,4,16,0,kyceesay,,2
IN-M-330H,recruitment_arm_1,,,5,,1,1,6,4,2,6,5,,5,,5,5,,,1,0,4,,0,3,1,1,2,3,1,0,0,0,1,1,1,0,2,,4,,5,15,5,6000,0,0,0,0,,,,0,,,,0,otbah,,2
IN-M-331E,recruitment_arm_1,,,1,,1,0,10,4,2,5,3,,4,,6,3,,,2,0,3,,0,4,5,2,2,3,1,1,0,1,1,1,1,1,2,,5,,1,5,0,7500,0,1,0,1,2,,9,1,1,3,12,0,kyceesay,,2
IN-M-332E,recruitment_arm_1,,,1,,1,1,2,4,2,4,5,,5,,5,5,,,1,0,4,,0,2,1,0,1,3,0,0,0,1,0,1,0,1,3,,3,,1,30,0,4000,1,0,0,0,2,3,12,1,1,1,6,0,otbah,,2
IN-M-333H,recruitment_arm_1,,,1,,1,0,10,3,2,5,1,,1,,1,4,,,1,1,4,,0,2,5,0,1,2,1,0,0,1,1,1,1,1,2,,4,,5,20,4,6000,1,0,0,0,2,1,4,1,1,2,9,0,amjoof,,2
IN-M-334J,recruitment_arm_1,,,1,,1,1,4,3,2,4,6,,5,,4,1,,1,1,0,4,,0,2,5,1,1,2,1,0,1,1,1,1,1,1,2,,8,driver ,1,8,0,5000,1,0,0,0,2,1,6,1,1,3,12,0,otbah,,2
IN-M-335V,recruitment_arm_1,,,1,,1,1,20,4,2,5,2,,2,,1,4,,,3,0,3,,1,2,5,1,2,3,1,,0,0,0,1,0,1,2,,3,,4,14,0,10000,1,0,0,0,2,1,6,1,1,2,9,1,amjoof,,2
IN-M-336H,recruitment_arm_1,,,1,,1,2,20,4,2,4,5,,5,,5,5,,,1,0,4,,0,4,1,1,2,3,1,1,0,0,0,1,1,1,1,,8,TAILOR ,1,3,0,8000,0,0,0,0,,,,1,1,1,6,0,otbah,,2
IN-M-337B,recruitment_arm_1,,,1,,1,1,10,4,2,5,1,,1,,1,4,,,1,0,3,,1,2,5,0,2,3,0,0,0,1,0,1,1,1,2,,5,,3,0,0,10000,1,0,0,0,2,1,5,0,,,,0,amjoof,,2
IN-M-338G,recruitment_arm_1,,,1,,1,1,7,4,2,4,5,,5,,5,5,,,1,0,4,,0,4,1,1,0,3,0,1,0,1,0,1,1,1,2,,8,HOTEL ,7,1,0,7000,1,0,0,0,1,3,11,1,1,3,12,0,otbah,,2
IN-M-339K,recruitment_arm_1,,,1,,1,0,7,3,2,9,3,,3,,2,3,,,1,0,4,,1,3,6,2,2,3,1,0,0,0,0,1,0,0,2,,5,,3,2,0,9000,1,0,0,0,2,2,7,1,1,2,8,0,amjoof,,2
IN-M-340D,recruitment_arm_1,,,1,,1,1,9,3,2,6,5,,5,,,5,,,1,0,4,,0,4,5,1,2,3,1,0,0,0,0,1,0,0,2,,8,Europe ,7,10,0,6000,1,0,0,0,1,3,9,1,1,3,11,0,otbah,,2
IN-M-341A,recruitment_arm_1,,,1,,1,2,30,3,2,6,2,,2,,1,1,,1,2,0,4,,1,3,6,2,2,3,0,1,0,1,1,1,1,1,2,,5,,1,0,0,12000,1,0,0,0,2,2,7,1,2,4,14,1,amjoof,,2
IN-M-342B,recruitment_arm_1,,,1,,1,1,12,4,2,6,5,,5,,3,5,,,1,1,4,,0,4,5,1,2,3,1,1,0,0,0,1,0,0,2,,4,,5,0,0,,1,0,0,0,1,3,10,0,,,,0,otbah,,2
IN-M-343G,recruitment_arm_1,,,1,,1,1,12,4,2,6,5,,9,,10,3,,,2,0,3,,1,2,5,0,2,3,0,1,0,0,0,1,1,1,1,,1,,5,3,0,3500,0,1,0,1,2,,15,1,1,3,12,1,abarjo,,2
IN-M-344F,recruitment_arm_1,,,1,,1,1,30,4,2,5,3,,3,,2,3,,,2,0,4,,1,4,6,0,1,3,1,1,1,1,1,1,1,1,2,,5,,1,0,0,15000,1,0,0,0,2,1,6,1,1,4,15,0,amjoof,,2
IN-M-345B,recruitment_arm_1,,,1,,1,2,28,4,2,6,5,,5,,5,5,,,1,0,4,,0,4,1,1,2,3,1,0,0,0,0,1,0,0,2,,8,Teacher ,1,0,10,8000,1,0,0,0,1,2,9,1,1,4,15,0,otbah,,2
IN-M-346A,recruitment_arm_1,,,1,,1,1,9,4,2,6,3,,3,,5,3,,,3,0,3,,1,3,5,0,2,3,0,0,0,0,0,0,1,1,2,,4,,5,3,10,10000,1,0,0,0,2,2,9,1,2,2,7,1,amjoof,,2
IN-M-347H,recruitment_arm_1,,,1,,1,2,6,4,2,6,5,,4,,5,3,,,2,1,3,,1,3,5,0,2,1,0,1,0,0,0,1,0,1,2,,5,,3,10,0,4000,0,1,0,1,2,,2,1,1,3,12,1,abarjo,,2
IN-M-348F,recruitment_arm_1,,,1,,1,1,36,4,2,6,5,,5,,2,5,,,1,0,4,,0,4,1,0,2,3,0,0,1,0,0,1,1,0,1,,8,TEACHER ,7,17,0,9000,1,0,0,0,1,3,12,1,2,3,12,0,otbah,,2
IN-M-349K,recruitment_arm_1,,,1,,1,1,20,4,2,4,5,,5,,1,5,,,1,0,4,,0,4,1,0,2,3,0,0,0,0,1,1,1,1,1,,4,,5,0,0,9000,0,0,0,0,,,,0,,,,0,otbah,,2
IN-M-350B,recruitment_arm_1,,,5,,1,2,18,4,2,4,6,,7,,3,5,,,1,0,4,,0,3,1,1,2,3,0,0,0,0,0,1,0,1,1,,1,,5,5,15,8000,0,0,0,0,,,,0,,,,0,otbah,,2
IN-M-351B,recruitment_arm_1,,,5,,1,2,10,4,2,4,6,,6,,3,5,,,1,0,4,,0,2,1,1,2,3,0,1,0,0,0,1,0,0,1,,1,,5,16,10,4000,0,0,0,0,,,,0,,,,0,otbah,,2
IN-M-352C,recruitment_arm_1,,,5,,1,1,12,4,2,4,6,,6,,5,5,,,2,0,4,,0,2,1,1,2,3,0,1,0,0,0,1,0,0,1,,1,,5,1,5,6000,1,0,0,0,1,2,9,1,1,3,12,0,otbah,,2
IN-M-353D,recruitment_arm_1,,,1,,1,1,5,3,2,9,4,,6,,20,3,,,2,0,3,,1,1,5,0,1,2,0,0,0,0,0,1,0,0,2,,1,,4,7,0,1500,1,1,1,0,2,2,7,0,,,,0,abarjo,,2
IN-M-354C,recruitment_arm_1,,,5,,1,0,4,3,2,5,3,,2,,2,1,,2,1,0,3,,0,2,4,1,2,3,1,0,0,1,1,1,1,1,2,,8,Shopkeeper,4,2,0,9000,1,1,0,1,3,2,8,1,3,3,10,0,kyceesay,6,2
IN-M-355U,recruitment_arm_1,,,1,,1,0,18,4,2,6,5,,5,,1,3,,,2,0,2,,1,4,5,2,2,3,0,1,0,0,0,1,0,1,2,,1,,7,5,1,10000,0,0,0,0,,,,0,,,,0,kkora,,2
IN-M-356C,recruitment_arm_1,,,1,,1,0,5,4,2,5,5,,4,,5,3,,,2,0,3,,0,1,5,1,0,1,0,1,0,1,1,1,1,1,2,,2,,1,7,0,3000,0,0,0,0,,,,0,,,,0,abarjo,,2
IN-M-357T,recruitment_arm_1,,,1,,1,1,1,3,2,5,5,,5,,1,1,,1,2,0,2,,1,3,6,0,0,3,0,0,0,1,1,1,1,1,4,,5,,1,0,0,5000,1,0,0,0,1,2,9,1,1,3,12,0,kkora,22,2
IN-M-358J,recruitment_arm_1,,,1,,1,0,10,4,2,5,5,,5,,7,3,,,2,0,3,,1,1,5,1,1,2,1,1,0,0,1,1,1,1,1,,5,,1,4,0,5000,0,0,0,0,,,,1,1,4,15,0,abarjo,,2
IN-M-359R,recruitment_arm_1,,,4,,1,0,15,3,2,6,5,,5,,20,3,,,2,0,3,,0,2,5,1,1,1,0,0,1,0,0,1,0,0,4,,5,,1,20,30,3000,1,1,0,1,2,3,10,0,,,,1,abarjo,,2
IN-M-360D,recruitment_arm_1,,,1,,1,0,4,3,2,5,1,,1,,1,1,,1,1,0,4,,0,2,5,0,2,3,1,1,0,1,1,1,1,1,2,,5,,1,0,0,6000,1,0,0,0,1,2,8,1,1,3,12,0,amjoof,,2
IN-M-361J,recruitment_arm_1,,,1,,1,0,6,4,2,9,5,,5,,10,3,,,1,0,3,,0,1,5,0,1,1,1,0,0,0,0,1,0,0,2,,2,,3,7,5,4500,0,0,0,0,,,,1,1,2,9,0,abarjo,,2
IN-M-362E,recruitment_arm_1,,,1,,1,0,7,4,2,5,3,,3,,3,4,,,1,0,4,,0,3,5,0,2,3,0,0,0,1,0,1,1,1,2,,4,,5,6,0,4000,0,0,0,0,,,,1,1,3,12,0,amjoof,,2
IN-M-363J,recruitment_arm_1,,,1,,1,0,13,4,2,5,5,,5,,2,3,,,2,0,2,,1,4,5,0,2,3,1,0,0,0,1,1,1,1,2,,5,,2,2,0,7000,1,0,0,0,2,3,12,1,1,3,12,0,kkora,,2
IN-M-364B,recruitment_arm_1,,,5,,1,0,6,4,2,5,3,,4,,20,3,,,2,1,3,,1,3,5,1,2,3,0,0,0,0,0,1,1,1,2,,5,,1,6,0,6000,0,1,1,0,2,,2,0,,,,0,msumbunu,,2
IN-M-365J,recruitment_arm_1,,,1,,1,0,11,4,2,5,2,,2,,2,4,,,2,1,3,,0,4,5,2,0,3,0,1,0,1,1,1,1,1,2,,5,,1,5,0,15000,1,0,0,0,1,2,8,1,1,4,16,1,kyceesay,,2
IN-M-366D,recruitment_arm_1,,,1,,1,0,25,4,2,5,5,,5,,1,3,,,2,0,2,,1,4,5,2,2,3,1,0,0,1,1,1,1,1,2,,1,,7,0,0,15000,1,0,0,0,1,3,11,1,1,2,9,1,kkora,,2
IN-M-367G,recruitment_arm_1,,,1,,1,0,30,4,2,6,5,,5,,2,3,,,2,0,3,,1,1,5,1,1,2,1,1,0,1,1,1,1,1,2,,5,,1,2,0,10000,1,0,0,0,1,1,5,0,,,,0,abarjo,,2
IN-M-368G,recruitment_arm_1,,,1,,1,0,20,4,2,6,5,,5,,5,1,,1,2,0,3,,1,1,5,1,2,3,1,0,0,1,0,1,1,1,2,,2,,1,4,0,3000,0,0,0,0,,,,0,,,,0,abarjo,,2
IN-M-369J,recruitment_arm_1,,,1,,1,0,13,3,2,5,3,,4,,4,2,,,1,0,3,,0,4,6,2,2,3,1,0,1,0,1,1,1,1,2,,5,,2,7,0,18000,0,1,0,1,2,,7,0,,,,0,kyceesay,,2
IN-M-370E,recruitment_arm_1,,,1,,1,0,5,4,2,6,5,,5,,3,1,,1,2,0,3,,1,2,5,1,1,3,0,1,0,0,1,1,1,1,2,,2,,1,0,0,5000,0,0,0,0,,,,0,,,,0,abarjo,,2
IN-M-371G,recruitment_arm_1,,,1,,1,0,7,4,2,6,5,,5,,30,3,,,2,0,3,,1,2,1,0,2,2,0,0,0,1,0,1,1,1,2,,3,,4,0,0,6000,1,0,0,0,2,1,3,0,,,,0,abarjo,,2
IN-M-372J,recruitment_arm_1,,,1,,1,0,6,4,2,9,3,,4,,5,3,,,2,0,3,,1,3,5,0,2,3,0,0,0,0,0,1,0,0,1,,5,,2,0,0,6500,0,1,1,0,2,,6,0,,,,0,kyceesay,,2
IN-M-373D,recruitment_arm_1,,,1,,1,0,8,4,2,9,3,,4,,6,3,,,2,0,3,,0,3,5,2,2,3,0,1,0,0,0,1,0,0,1,,5,,2,3,0,7000,0,1,0,1,2,,5,1,1,2,7,0,kyceesay,,2
IN-M-374J,recruitment_arm_1,,,1,,1,0,9,4,2,6,5,,5,,15,3,,,2,0,3,,1,1,1,1,0,1,0,0,0,0,0,1,1,1,2,,5,,1,6,1,3000,1,0,0,0,2,3,12,1,1,3,12,1,abarjo,,2
IN-M-375H,recruitment_arm_1,,,1,,1,2,15,4,2,6,5,,5,,3,5,,,1,0,4,,0,4,1,0,2,3,0,0,0,0,0,1,0,0,1,,4,,5,5,0,8000,1,0,0,0,1,2,9,0,,,,0,otbah,,2
IN-M-376B,recruitment_arm_1,,,1,,1,0,10,4,2,5,5,,5,,10,3,,,2,0,3,,1,2,1,1,2,1,1,0,0,1,1,1,1,1,2,,1,,3,17,50,3000,0,0,0,0,,,,0,,,,0,abarjo,,2
IN-M-377X,recruitment_arm_1,,,1,,1,2,12,3,2,4,5,,5,,2,5,,,1,0,4,,0,2,5,1,2,3,1,1,0,0,1,1,0,1,1,,8,business ,7,1,0,5000,1,0,0,0,1,1,4,1,1,3,12,0,otbah,,2
IN-M-378J,recruitment_arm_1,,,5,,1,1,36,4,2,6,5,,6,,3,5,,,1,0,3,,1,4,1,0,2,3,1,1,0,0,0,1,0,0,1,,1,,5,3,50,9000,0,0,0,0,,,,1,1,3,11,0,otbah,,2
IN-M-379Q,recruitment_arm_1,,,5,,1,0,15,4,2,6,6,,6,,4,5,,,1,0,4,,0,4,1,1,2,3,1,1,0,0,0,1,0,0,1,,8,teacher ,7,1,0,8000,0,0,0,0,,,,1,1,4,15,0,otbah,,2
IN-M-380A,recruitment_arm_1,,,5,,1,0,8,4,2,6,6,,6,,4,5,,,1,0,4,,0,4,1,1,2,3,0,1,0,0,0,1,0,0,1,,8,business ,7,5,0,7000,0,0,0,0,,,,1,1,2,9,0,otbah,,2
IN-M-381H,recruitment_arm_1,,,1,,1,0,7,4,2,5,5,,5,,5,3,,,2,0,3,,0,1,5,0,0,1,1,0,0,1,0,1,1,1,3,,5,,1,2,0,3000,1,1,1,0,1,3,10,0,,,,1,abarjo,,2
IN-M-382C,recruitment_arm_1,,,1,,1,1,9,4,2,6,5,,5,,3,3,,,2,0,3,,1,3,5,2,2,3,1,0,0,1,0,1,0,1,2,,1,,7,8,0,10000,1,0,0,0,2,1,6,0,,,,0,kkora,,2
IN-M-383A,recruitment_arm_1,,,1,,1,0,17,4,2,5,5,,5,,3,3,,,2,0,3,,1,2,5,2,2,3,0,0,0,1,1,1,1,1,2,,5,,1,0,0,12000,1,0,0,0,2,2,9,1,1,4,15,1,kkora,,2
IN-M-384D,recruitment_arm_1,,,1,,1,1,15,3,2,5,5,,5,,5,3,,,2,0,3,,0,1,5,0,0,1,1,0,0,1,0,1,1,1,2,,1,,4,10,0,4000,0,0,0,0,,,,0,,,,1,abarjo,,2
IN-M-385K,recruitment_arm_1,,,5,,1,0,10,4,2,6,6,,6,,4,5,,,1,0,3,,1,4,1,0,2,3,0,1,0,0,0,1,0,0,1,,1,,5,2,0,8000,1,0,0,0,1,2,9,1,1,3,12,0,otbah,,2
IN-M-386K,recruitment_arm_1,,,5,,1,1,16,3,2,4,5,,5,,5,5,,,1,0,4,,0,4,1,0,2,3,0,0,0,0,0,1,0,1,1,,1,,7,1,0,7000,0,0,0,0,,,,0,,,,0,otbah,,2
IN-M-387B,recruitment_arm_1,,,5,,1,0,20,4,2,6,6,,6,,5,5,,,1,0,4,,0,2,1,0,1,3,1,1,0,0,0,1,0,0,1,,1,,7,5,0,8000,0,0,0,0,,,,0,,,,0,otbah,,2
IN-M-388F,recruitment_arm_1,,,5,,1,1,30,4,2,4,5,,5,,5,5,,,2,0,4,,0,4,1,0,2,3,0,1,1,1,0,1,1,1,1,,1,,5,2,0,9000,0,0,0,0,,,,0,,,,0,otbah,,2
IN-M-389C,recruitment_arm_1,,,5,,1,0,10,4,2,4,6,,6,,5,5,,,1,0,4,,0,2,1,0,2,3,0,0,0,0,0,1,0,0,1,,1,,5,0,0,5000,0,0,0,0,,,,0,,,,0,otbah,,2
IN-M-390A,recruitment_arm_1,,,5,,1,0,16,4,2,4,5,,5,,5,5,,,1,0,4,,0,4,1,0,2,3,1,0,0,0,0,1,0,1,1,,4,,5,4,0,,0,0,0,0,,,,0,,,,0,otbah,,2
IN-M-391J,recruitment_arm_1,,,1,,1,02,30,4,2,6,5,,5,,10,3,,,2,0,4,,0,3,5,0,2,1,1,1,0,0,0,1,0,0,2,,1,,4,10,10,10000,1,0,0,0,2,3,14,0,,,,0,abarjo,,2
IN-M-392J,recruitment_arm_1,,,1,,1,0,5,3,2,9,5,,5,,2,3,,,2,0,3,,0,1,1,0,1,2,0,1,0,0,0,1,0,0,2,,1,,4,1,0,4000,1,0,0,0,1,2,9,1,1,3,13,1,abarjo,,2
IN-M-393H,recruitment_arm_1,,,1,,1,0,30,3,2,4,5,,5,,2,1,,1,1,0,4,,0,4,5,0,2,3,1,1,1,1,1,1,1,1,1,,8,TEACHER,1,20,2,17000,1,0,0,0,1,3,11,1,1,5,18,0,otbah,,2
IN-M-394J,recruitment_arm_1,,,1,,1,0,10,4,2,5,5,,5,,3,3,,,2,0,2,,1,3,5,2,2,3,1,1,0,1,1,1,1,1,2,,1,,7,6,0,15000,1,0,0,0,2,1,6,1,1,3,12,0,kkora,,2
IN-M-395J,recruitment_arm_1,,,1,,1,0,4,4,2,5,5,,5,,3,3,,,2,0,3,,0,1,5,0,1,1,1,1,0,1,1,1,1,1,4,,5,,4,2,0,2000,1,0,0,0,1,4,13,0,,,,1,abarjo,,2
IN-M-396F,recruitment_arm_1,,,5,,1,0,9,3,2,4,5,,5,,2,5,,,1,0,4,,0,4,1,1,2,3,1,0,0,0,0,1,0,1,2,,1,,5,9,0,5000,1,0,0,0,1,2,9,1,1,3,12,0,otbah,,2
IN-M-397D,recruitment_arm_1,,,1,,1,0,6,4,2,4,5,,5,,2,5,,,1,0,4,,0,2,1,1,2,2,1,1,0,1,1,1,1,1,1,,4,,5,10,4,5000,1,0,0,0,1,2,7,1,1,3,12,0,otbah,,2
IN-M-398A,recruitment_arm_1,,,5,,1,0,6,4,2,4,5,,5,,2,5,,,1,0,4,,0,2,1,0,2,2,1,0,0,1,1,1,0,1,1,,1,,5,5,0,5000,0,0,0,0,,,,0,,,,0,otbah,,2
IN-M-399C,recruitment_arm_1,,,1,,1,0,26,4,2,5,5,,5,,2,3,,,2,0,3,,1,3,5,2,2,3,1,1,0,1,1,1,1,1,2,,5,,1,10,0,15000,1,0,0,0,1,2,9,0,,,,1,kkora,,2
IN-M-400D,recruitment_arm_1,,,1,,1,0,12,4,2,5,5,,5,,5,3,,,2,0,,,1,2,5,0,2,3,0,0,0,1,1,1,1,1,2,,2,,3,9,0,5000,1,1,1,0,2,3,6,1,2,1,9,0,abarjo,,2
IN-M-401A,recruitment_arm_1,,,5,,1,0,10,4,2,6,5,,5,,6,5,,,1,0,4,,0,2,1,1,2,3,0,1,0,0,1,1,1,0,1,,1,,5,13,20,7000,1,0,0,0,1,1,4,1,1,1,5,0,otbah,,2
IN-M-402K,recruitment_arm_1,,,1,,1,0,6,4,2,5,5,,5,,20,3,,,2,0,3,,1,1,5,0,1,1,1,1,1,1,1,1,1,1,2,,5,,3,0,2,8000,0,1,1,0,1,,9,1,1,3,12,1,abarjo,,2
IN-M-403C,recruitment_arm_1,,,1,,1,0,40,4,2,5,5,,5,,5,3,,,2,0,3,,1,1,5,1,0,1,1,0,0,0,1,1,0,1,3,,5,,1,10,30,5000,1,1,0,1,2,3,12,1,2,3,12,1,abarjo,,2
IN-M-404B,recruitment_arm_1,,,1,,1,0,3,3,2,5,5,,5,,5,3,,,2,0,3,,1,2,5,0,1,1,0,0,0,1,1,1,1,1,2,,5,,1,3,0,3000,1,0,0,0,1,2,9,0,1,,,1,abarjo,,2
IN-M-405C,recruitment_arm_1,,,1,,1,0,9,4,2,6,5,,5,,2,5,,,2,0,4,,0,2,5,1,2,3,1,0,0,0,1,1,0,0,2,,4,,5,0,0,8000,1,0,0,0,1,2,7,0,,,,0,kyceesay,,2
IN-M-406K,recruitment_arm_1,,,1,,1,0,10,4,2,5,5,,5,,3,3,,,2,0,2,,1,4,5,2,2,3,1,0,0,1,1,1,1,1,4,,5,,1,4,5,10000,1,0,0,0,2,3,12,1,1,4,15,1,kkora,,2
IN-M-407C,recruitment_arm_1,,,1,,1,0,10,3,2,5,5,,5,,10,3,,,2,0,3,,1,2,5,0,2,3,0,0,0,1,0,1,1,1,2,,5,,1,2,0,9000,1,1,0,1,2,3,12,1,1,3,12,1,abarjo,,2
IN-M-408B,recruitment_arm_1,,,5,,1,0,10,3,2,4,5,,5,,5,5,,,1,0,4,,0,4,1,0,2,3,1,0,0,1,1,1,1,1,1,,8,driver,1,4,0,8000,1,0,0,0,2,2,8,1,1,2,9,0,otbah,,2
IN-M-409B,recruitment_arm_1,,,1,,1,0,8,4,2,5,5,,5,,1,3,,,2,0,2,,1,4,5,1,2,3,0,0,0,1,1,1,1,1,2,,8,Watchman,7,3,0,10000,1,0,0,0,2,1,4,0,,,,0,kkora,,2
IN-M-410J,recruitment_arm_1,,,1,,1,0,8,4,2,5,5,,5,,1,3,,,2,0,3,,0,4,5,2,0,3,1,1,0,1,1,1,1,1,2,,5,,1,0,0,8000,0,1,1,0,2,,4,1,1,3,12,0,kkora,,2
IN-M-411Q,recruitment_arm_1,,,1,,1,0,11,4,2,9,5,,5,,,3,,,2,0,3,,1,1,5,1,1,1,1,0,0,0,0,0,0,0,2,,3,,4,7,0,4000,1,0,0,0,1,2,9,0,,,,1,abarjo,,2
IN-M-412E,recruitment_arm_1,,,1,,1,0,7,4,2,6,5,,5,,3,3,,,2,0,2,,1,3,5,2,2,3,0,0,0,0,0,1,0,1,2,,5,,2,0,0,10000,1,0,0,0,1,1,6,1,1,3,12,0,kkora,,2
IN-M-413B,recruitment_arm_1,,,1,,1,0,10,3,2,5,5,,5,,2,3,,,2,1,2,,1,3,5,1,2,3,1,1,0,0,0,1,0,1,2,,1,,7,1,0,15000,1,1,1,0,2,1,6,0,,,,0,kkora,,2
IN-M-414B,recruitment_arm_1,,,1,,1,1,35,3,2,5,5,,5,,5,3,,,2,0,2,,1,3,6,0,2,1,1,1,1,1,0,1,1,1,2,,5,,1,7,30,20000,1,1,0,1,2,2,8,1,2,4,15,1,abarjo,,2
IN-M-415L,recruitment_arm_1,,,5,,1,0,3,4,2,6,5,,5,,3,3,,,2,0,3,,1,3,5,2,0,2,0,0,0,0,0,1,0,0,2,,1,,3,6,0,500,1,0,0,0,1,2,9,1,1,2,7,1,abarjo,,2
IN-M-416K,recruitment_arm_1,,,1,,1,0,22,4,2,6,5,,5,,5,3,,,2,0,3,,1,1,5,1,2,2,1,0,0,0,0,1,0,0,2,,5,,1,10,12,13000,1,1,0,1,2,1,4,1,2,3,12,0,abarjo,,2
IN-M-417F,recruitment_arm_1,,,5,,1,0,6,3,2,5,3,,4,,5,3,,,2,1,3,,1,3,5,0,2,3,0,0,0,1,0,1,1,1,2,,5,,1,4,0,5000,0,1,1,0,2,,2,1,1,4,14,0,abarjo,,2
IN-M-418C,recruitment_arm_1,,,1,,1,0,4,3,2,5,2,,2,,2,3,,,2,1,3,,0,3,5,2,1,3,1,0,0,0,0,1,1,1,2,,8,Masson ,2,1,0,6500,1,0,0,0,1,2,9,1,1,2,9,1,kyceesay,,2
IN-M-419C,recruitment_arm_1,,,5,,1,0,5,4,2,6,4,,4,,10,3,,,2,1,3,,1,1,5,0,0,2,1,1,0,0,0,1,0,1,2,,5,,1,1,0,25300,1,0,0,0,1,1,6,1,1,3,12,1,abarjo,,2
IN-M-420K,recruitment_arm_1,,,1,,1,0,20,4,2,6,3,,4,,4,2,,,2,0,2,,1,4,5,1,2,3,1,0,0,1,1,1,1,1,2,,5,,1,10,1,20000,1,0,0,0,1,2,9,1,1,5,18,1,kyceesay,,2
IN-M-421E,recruitment_arm_1,,,1,,1,1,4,4,2,4,5,,5,,2,3,,,1,0,4,,0,2,1,0,2,3,1,0,0,1,0,1,0,1,1,,1,,5,4,0,5000,1,0,0,0,1,1,2,0,,,,0,otbah,,2
IN-M-422K,recruitment_arm_1,,,1,,1,0,10,4,2,4,5,,5,,4,5,,,2,0,4,,0,3,1,1,2,3,1,1,0,0,0,1,0,0,2,,4,,5,12,20,7000,1,0,0,0,1,3,10,1,2,2,9,0,otbah,,2
IN-M-423K,recruitment_arm_1,,,1,,1,0,5,3,2,6,5,,5,,2,3,,,2,0,4,,0,2,1,1,2,3,0,1,0,0,0,1,0,0,1,,1,,3,0,0,5000,1,0,0,0,1,2,9,1,1,3,12,0,otbah,,2
IN-M-424B,recruitment_arm_1,,,1,,1,0,6,3,2,5,5,,5,,5,1,,1,1,0,3,,0,2,6,1,0,3,1,0,1,1,0,1,1,1,2,,5,,1,4,3,15000,0,0,0,0,,,,1,2,5,17,0,abarjo,,2
IN-M-425E,recruitment_arm_1,,,1,,1,0,13,4,2,9,5,,5,,3,3,,,2,0,3,,1,2,5,1,2,2,0,0,1,0,0,1,0,0,1,,5,,4,3,0,10450,0,0,0,0,,,,,,,,0,abarjo,,2
IN-M-426G,recruitment_arm_1,,,5,,1,0,5,4,2,6,5,,5,,2,5,,,1,0,4,,0,2,1,1,2,3,0,1,0,0,0,1,0,0,1,,1,,5,4,0,5000,1,0,0,0,1,3,10,0,,,,0,otbah,,2
IN-M-427G,recruitment_arm_1,,,1,,1,2,10,4,2,6,5,,5,,5,3,,,2,0,2,,1,3,1,0,2,2,0,0,0,0,0,1,0,1,1,,1,,5,0,0,8100,0,0,0,0,,,,0,,,,0,abarjo,,2
IN-M-428C,recruitment_arm_1,,,1,,1,0,6,3,2,6,5,,5,,5,5,,,2,0,4,,0,3,1,1,2,3,0,0,0,0,0,1,0,0,1,,4,,3,1,0,5000,1,0,0,0,1,2,9,1,1,3,10,0,otbah,,2
IN-M-429A,recruitment_arm_1,,,1,,1,0,10,3,2,9,5,,5,,5,1,,1,2,0,2,,1,2,6,0,1,2,1,0,0,0,0,1,0,0,2,,1,,5,0,0,6400,0,1,1,0,2,,6,0,,,,0,abarjo,,2
IN-M-430H,recruitment_arm_1,,,5,,1,0,6,4,2,4,5,,5,,4,5,,,1,0,4,,0,2,1,1,2,3,0,1,0,0,0,1,0,0,1,,1,,5,5000,5,0,0,0,0,0,,,,0,,,,0,otbah,,2
IN-M-431J,recruitment_arm_1,,,1,,1,0,11,4,2,9,3,,4,,5,4,,,2,0,3,,0,4,5,2,2,3,1,0,0,0,0,1,0,0,2,,5,,1,8,0,8500,1,0,0,0,1,2,09,1,1,4,16,1,kyceesay,,2
IN-M-432G,recruitment_arm_1,,,1,,1,0,6,3,2,5,5,,5,,5,4,,,2,0,3,,0,4,5,0,2,1,0,0,0,1,1,1,0,1,2,,2,,1,6,0,7000,1,0,0,0,1,2,8,1,1,3,12,1,abarjo,,2
IN-M-433G,recruitment_arm_1,,,1,,1,0,6,4,2,5,5,,5,,3,4,,,2,0,3,,1,1,5,0,1,2,0,0,0,1,1,1,1,1,2,,5,,1,3,0,5700,1,1,1,0,2,1,6,1,2,4,15,0,abarjo,,2
IN-M-434E,recruitment_arm_1,,,1,,1,0,10,4,2,4,5,,5,,4,5,,,1,0,4,,0,4,1,1,2,3,1,0,0,0,1,1,1,1,5,business ,1,,1,1,0,5000,1,0,0,0,1,1,5,0,,,,0,otbah,,2
IN-M-435H,recruitment_arm_1,,,1,,1,2,17,4,2,5,5,,5,,3,3,,,2,1,3,,1,3,5,1,2,3,1,0,0,1,0,0,1,1,1,,1,,3,4,5,7400,0,0,0,0,,,,0,,,,0,abarjo,,2
IN-M-436A,recruitment_arm_1,,,1,,1,0,12,4,2,9,5,,5,,10,3,,,2,0,3,,0,2,5,0,0,1,1,0,0,0,0,0,0,0,1,,1,,1,0,0,4000,0,0,0,0,,,,0,,,,0,abarjo,,2
IN-M-437J,recruitment_arm_1,,,2,,1,0,35,3,2,6,2,,2,,2,1,,2,2,1,3,,1,4,5,2,2,3,1,1,1,0,0,1,1,0,1,,1,,7,10,0,35000,0,1,1,0,2,,10,1,2,3,15,0,kyceesay,,2
IN-M-438G,recruitment_arm_1,,,1,,1,0,6,3,2,6,5,,5,,5,5,,,1,0,4,,0,4,1,0,2,3,1,0,0,0,0,1,1,0,1,,8,police officer ,1,9,1,6000,1,0,0,0,2,1,5,1,1,3,12,0,otbah,,2
IN-M-439F,recruitment_arm_1,,,2,,1,0,20,4,2,6,5,,5,,5,5,,,1,0,4,,0,4,1,0,2,3,0,0,0,0,0,1,0,0,1,,1,,5,5,0,6000,0,0,0,0,,,,0,,,,0,otbah,,2
IN-M-440F,recruitment_arm_1,,,2,,1,1,20,3,2,6,2,,2,,3,1,,2,2,1,3,,1,4,6,2,2,3,1,0,1,0,0,1,0,0,2,,1,,7,6,0,33000,0,1,1,0,2,,15,0,,,,0,kyceesay,,2
IN-M-441F,recruitment_arm_1,,,2,,1,1,15,4,2,6,5,,5,,4,6,,,3,1,3,,1,4,5,2,2,3,0,0,0,0,0,1,0,0,2,,1,,7,2,0,20000,0,1,1,0,2,,13,0,,,,0,kyceesay,,2
IN-M-442H,recruitment_arm_1,,,1,,1,1,20,4,2,5,3,,4,,6,1,,2,2,1,3,,1,4,5,2,2,3,1,0,0,1,1,1,1,1,2,,8,Steel bender,2,20,0,25000,0,1,1,0,2,,10,0,,,,0,kyceesay,,2
IN-M-443B,recruitment_arm_1,,,1,,1,0,7,3,2,9,5,,5,,1,3,,,2,0,2,,1,4,5,1,2,3,1,1,0,0,0,1,0,0,1,,1,,7,5,0,6000,0,0,0,0,,,,1,1,1,6,0,kkora,,2
IN-M-444E,recruitment_arm_1,,,2,,1,2,25,3,2,6,2,,2,,2,4,,,2,1,3,,1,4,5,0,2,3,0,0,0,0,0,1,0,0,1,,1,,7,7,4,20000,0,1,1,0,2,,10,0,,,,0,kyceesay,,2
IN-M-445G,recruitment_arm_1,,,1,,1,0,14,4,2,5,3,,4,,4,4,,,2,0,3,,0,4,5,1,2,3,1,0,0,1,0,1,1,1,2,,1,,7,8,2,15000,0,1,0,1,2,,5,0,,,,0,kyceesay,,2
IN-M-446E,recruitment_arm_1,,,1,,1,0,18,3,2,5,3,,4,,6,2,,,2,0,2,,1,4,5,2,2,3,1,0,0,0,1,1,1,1,5,Saloon and cosmetics ,8,Tailoring ,2,30,0,16500,1,0,0,0,1,2,09,0,,,,1,kyceesay,,2
IN-M-447J,recruitment_arm_1,,,1,,1,0,8,3,2,5,5,,5,,5,3,,,2,0,3,,1,2,5,1,0,3,1,0,0,1,0,1,1,1,2,,5,,1,3,0,7000,1,1,0,1,2,2,7,1,2,1,6,0,abarjo,,2
IN-M-448A,recruitment_arm_1,,,1,,1,0,10,4,2,9,5,,5,,6,3,,,2,1,3,,0,1,5,0,1,2,1,1,0,0,0,1,0,0,2,,1,,3,14,0,7500,0,0,0,0,,,,0,,,,0,abarjo,,2
IN-M-449F,recruitment_arm_1,,,1,,1,0,15,4,2,5,2,,2,,2,4,,,2,0,3,,0,4,5,2,2,3,1,1,0,1,1,1,1,1,2,,8,Tailoring,2,16,0,13000,1,1,1,0,1,3,12,1,2,3,11,1,kyceesay,,2
IN-M-450E,recruitment_arm_1,,,1,,1,0,8,4,2,5,5,,5,,5,3,,,2,0,3,,0,1,5,0,0,1,1,0,0,1,1,1,1,1,2,,2,,1,7,2,7500,1,1,0,1,2,3,13,1,2,3,11,0,abarjo,,2
IN-M-451B,recruitment_arm_1,,,1,,1,0,13,4,2,5,5,,5,,1,3,,,2,0,2,,1,4,5,1,2,3,1,0,0,0,0,1,0,1,2,,1,,7,7,0,7500,0,0,0,0,,,,0,,,,0,kkora,,2
IN-M-452K,recruitment_arm_1,,,5,,1,0,20,3,2,5,5,,5,,10,1,,1,2,0,3,,0,1,5,0,1,1,1,0,0,1,1,1,1,1,4,,2,,1,3,3,19350,0,0,0,0,,,,0,,,,0,abarjo,,2
IN-M-453D,recruitment_arm_1,,,1,,1,0,13,4,2,5,3,,4,,6,4,,,2,0,3,,0,4,2,2,2,3,1,0,0,1,1,1,1,1,2,,1,,7,5,2,12000,1,0,0,0,1,1,5,1,1,3,12,0,kyceesay,,2
IN-M-454C,recruitment_arm_1,,,1,,1,0,18,4,2,5,5,,5,,3,3,,,2,0,2,,1,4,5,2,2,3,1,0,0,0,1,1,1,1,2,,8,Carpenter ,2,12,0,15000,1,1,1,0,2,2,7,0,,,,0,kkora,,2
IN-M-455F,recruitment_arm_1,,,5,,1,0,5,4,2,6,2,,2,,2,4,,,2,1,3,,1,2,5,2,0,3,0,1,0,0,1,1,1,0,2,,1,,7,0,0,5000,1,0,0,0,1,3,10,0,,,,0,mdanjo,,2
IN-M-456A,recruitment_arm_1,,,5,,1,0,4,3,2,6,5,,5,,4,5,,,1,0,4,,0,3,1,2,,3,1,0,0,0,1,1,0,0,1,,8,TAILOR ,1,5,30,4000,1,0,0,0,1,2,7,1,2,3,12,0,otbah,,2
IN-M-457G,recruitment_arm_1,,,5,,1,0,8,4,2,4,5,,5,,5,5,,,2,0,4,,0,3,1,1,2,3,1,0,0,0,0,1,0,0,1,,1,,5,4,0,5000,0,0,0,0,,,,0,,,,0,otbah,,2
IN-M-458H,recruitment_arm_1,,,5,,1,1,20,4,2,6,5,,5,,4,5,,,1,0,4,,0,4,1,0,2,3,0,0,0,0,0,1,,0,1,,1,,5,2,0,8000,1,0,0,0,1,2,6,1,1,2,9,0,otbah,,2
IN-M-459E,recruitment_arm_1,,,5,,1,0,5,4,2,4,5,,6,,15,5,,,2,0,4,,0,2,1,1,2,3,1,0,0,0,0,1,0,1,1,,1,,5,4,0,6000,0,0,0,0,,,,1,2,2,9,0,otbah,,2
IN-M-460E,recruitment_arm_1,,,6,Serer,1,0,9,4,2,5,5,,5,,3,3,,,2,0,2,,1,4,5,2,2,3,1,0,1,1,1,1,1,1,2,,8,Capenter,2,9,5,10000,1,0,0,0,1,2,9,1,2,2,8,1,kkora,,2
IN-M-461H,recruitment_arm_1,,,1,,1,0,4,3,2,5,5,,5,,1,1,,3,2,0,2,,1,3,6,0,2,3,1,0,0,1,0,1,1,1,2,,4,,5,11,0,6000,1,0,0,0,1,2,7,0,,,,0,kkora,,2
IN-M-462F,recruitment_arm_1,,,1,,1,1,11,4,2,6,3,,3,,5,3,,,1,1,3,,1,3,6,0,2,3,1,1,0,0,0,1,0,0,2,,5,,3,10,0,5000,1,0,0,0,2,1,6,1,1,3,12,1,amjoof,,2
IN-M-463G,recruitment_arm_1,,,5,,1,0,5,4,2,4,5,,5,,8,5,,,2,0,4,,0,2,1,0,2,3,1,0,0,1,0,1,0,1,1,,1,,5,2,0,5000,0,0,0,0,,,,0,,,,0,otbah,,2
IN-M-464J,recruitment_arm_1,,,1,,1,0,4,3,2,5,3,,3,,1,3,,,,0,4,,0,2,5,0,0,3,0,0,1,1,1,1,1,1,2,,5,,4,7,0,7000,1,0,0,0,2,1,5,1,2,1,6,0,amjoof,,2
IN-M-465G,recruitment_arm_1,,,1,,1,0,16,4,2,6,5,,5,,4,5,,,2,0,4,,0,4,1,0,2,3,1,0,1,0,0,1,0,0,1,,8,plumber ,1,10,0,8000,0,0,0,0,,,,1,1,3,12,0,otbah,,2
IN-M-466E,recruitment_arm_1,,,1,,1,0,6,4,2,5,5,,5,,1,1,,3,2,0,3,,1,2,5,1,2,3,1,0,0,1,0,1,1,1,2,,8,Commercial driver,7,4,0,10000,1,1,1,0,2,1,4,0,,,,0,kkora,,2
IN-M-467H,recruitment_arm_1,,,5,,1,0,10,4,2,4,5,,5,,8,5,,,1,0,4,,0,4,1,0,2,3,0,0,0,1,1,1,1,1,1,,1,,5,5,0,,0,0,0,0,,,,0,,,,0,otbah,,2
IN-M-468H,recruitment_arm_1,,,1,,1,0,7,3,2,5,5,,5,,1,3,,,2,0,2,,1,4,5,2,0,3,1,0,0,1,0,1,1,1,2,,8,Plumbing ,2,3,0,10000,1,0,0,0,2,1,4,1,1,2,9,0,kkora,,2
IN-M-469E,recruitment_arm_1,,,5,,1,0,20,3,2,4,5,,5,,2,5,,,2,0,4,,0,4,1,2,2,3,0,0,0,0,1,1,1,1,2,,8,driver ,5,15,0,8000,1,0,0,0,1,2,9,1,1,3,10,0,otbah,,2
IN-M-470A,recruitment_arm_1,,,1,,1,0,10,4,2,5,1,,3,,1,1,,1,1,0,4,,0,2,6,1,0,3,1,1,0,1,1,1,1,1,2,,5,,1,9,0,4500,1,0,0,0,3,2,9,1,1,4,12,1,amjoof,,2
IN-M-471A,recruitment_arm_1,,,5,,1,0,10,4,2,4,5,,5,,2,5,,,1,1,4,,0,4,1,1,2,3,1,1,0,1,1,1,1,1,1,,1,,5,25,0,8000,0,0,0,0,,,,1,2,3,12,0,otbah,,2
IN-M-472E,recruitment_arm_1,,,1,,1,0,9,4,2,6,5,,5,,1,3,,,2,0,2,,1,2,5,2,2,3,1,1,0,1,1,1,1,1,2,,8,Commercial driver,7,3,0,10000,0,0,0,0,,,,1,1,2,9,0,kkora,,2
IN-M-473C,recruitment_arm_1,,,1,,1,0,6,4,2,9,5,,5,,1,3,,,2,0,2,,1,4,5,2,2,3,1,0,0,0,0,1,0,0,2,,3,,7,1,0,10500,1,0,0,0,1,2,7,1,1,2,9,0,kkora,,2
IN-M-474B,recruitment_arm_1,,,1,,1,0,6,4,2,6,5,,5,,5,5,,,2,0,4,,0,3,1,1,2,3,1,0,1,0,1,1,1,0,1,,8,teacher ,1,7,1,7000,1,0,0,0,1,2,5,1,1,4,15,0,otbah,,2
IN-M-475G,recruitment_arm_1,,,1,,1,0,15,4,2,6,5,,5,,6,5,,,1,0,4,,0,4,1,1,2,3,1,1,0,0,1,1,1,0,1,,1,,5,10,4,1000,1,0,0,0,1,1,3,1,1,3,12,0,otbah,,2
IN-M-476N,recruitment_arm_1,,,1,,1,1,21,3,2,5,5,,5,,1,3,,,2,1,2,,1,4,5,2,2,3,1,0,1,1,1,1,1,1,1,,1,,7,4,0,15000,0,1,1,0,2,,4,1,1,1,6,1,kkora,,2
IN-M-477F,recruitment_arm_1,,,1,,1,0,12,3,2,4,5,,5,,2,5,,,1,0,4,,0,4,1,1,2,3,1,0,1,1,0,1,0,0,1,,8,business ,4,5,0,1000,1,0,0,0,1,3,11,1,1,3,12,0,otbah,,2
IN-M-478F,recruitment_arm_1,,,1,,1,0,5,4,2,5,5,,5,,1,3,,,2,0,2,,0,4,5,2,2,3,0,0,0,0,0,0,1,1,2,,8,Mason,2,0,0,7000,1,0,0,0,1,2,9,0,,,,1,kkora,,2
IN-M-479F,recruitment_arm_1,,,1,,1,0,15,4,2,9,3,,4,,6,4,,,2,0,3,,0,4,5,2,2,3,1,0,0,0,0,1,0,0,2,,8,Masson (Brick layer),2,7,0,7000,1,0,0,0,1,2,7,1,2,2,9,1,kyceesay,,2
IN-M-480A,recruitment_arm_1,,,5,,1,0,2,3,2,5,5,,6,,5,1,,1,2,0,4,,0,1,6,0,0,2,1,0,0,1,1,1,1,1,4,,5,,1,4,0,16800,1,1,1,0,1,4,14,1,1,3,12,1,abarjo,,2
IN-M-481K,recruitment_arm_1,,,1,,1,0,8,4,2,5,3,,3,,1,4,,,,0,3,,0,2,5,1,2,3,1,0,0,1,0,1,1,1,2,,5,,3,0,2,5000,1,0,0,0,2,2,7,1,1,3,12,0,amjoof,,2
IN-M-482E,recruitment_arm_1,,,2,,1,1,15,3,2,6,3,,2,,3,1,,2,2,0,3,,1,4,5,2,2,3,1,1,0,0,1,1,0,0,2,,1,,7,12,2,17000,0,1,1,0,2,,7,0,,,,0,kyceesay,,2
IN-M-483S,recruitment_arm_1,,,1,,1,0,13,4,2,6,2,,2,,4,4,,,2,1,3,,0,4,6,2,2,3,1,1,0,0,0,1,0,0,1,,1,,7,4,0,6500,1,0,0,0,1,2,9,0,,,,1,kyceesay,,2
IN-M-484H,recruitment_arm_1,,,1,,1,0,8,4,2,6,5,,5,,10,3,,,2,0,3,,0,1,5,0,1,1,1,0,0,0,0,1,0,0,1,,5,,3,8,0,10500,1,1,1,0,2,1,1,0,,,,0,abarjo,,2
IN-M-485G,recruitment_arm_1,,,1,,1,0,15,4,2,5,5,,5,,1,4,,,2,1,2,,1,4,5,2,2,3,1,0,0,1,1,1,1,1,2,,1,,7,10,0,10000,1,0,0,0,1,1,4,1,1,2,9,0,kkora,,2
IN-M-486J,recruitment_arm_1,,,1,,1,0,8,4,2,5,5,,5,,1,3,,,2,0,3,,0,4,5,2,2,3,1,0,0,0,0,1,0,1,2,,5,,1,0,1,11000,1,1,1,0,1,2,8,1,2,4,14,0,kkora,,2
IN-M-487A,recruitment_arm_1,,,6,serere ,1,2,12,4,2,6,3,,3,,20,3,,,3,0,3,,1,3,5,1,2,3,1,0,0,0,1,1,1,0,2,,8,marabout ,7,6,2,8000,1,0,0,0,2,2,9,1,2,2,7,1,amjoof,,2
IN-M-488C,recruitment_arm_1,,,2,,1,3,20,4,2,6,2,,2,,3,3,,,2,0,3,,0,4,5,0,2,3,0,1,0,0,0,1,0,0,1,,1,,7,5,0,17000,0,1,1,0,2,,5,0,,,,0,kyceesay,,2
IN-M-489D,recruitment_arm_1,,,1,,1,0,6,3,2,5,3,,3,,2,3,,,1,0,4,,0,4,5,1,2,3,1,0,0,1,1,0,0,1,2,,5,,1,20,2,6000,1,0,0,0,1,2,9,1,2,3,12,1,amjoof,,2
IN-M-490E,recruitment_arm_1,,,1,,1,0,10,4,2,5,3,,4,,6,4,,,2,0,3,,0,4,5,2,2,3,1,1,0,1,1,1,1,1,2,,2,,7,15,100,15000,1,0,0,0,1,1,6,0,,,,0,kyceesay,,2
IN-M-491D,recruitment_arm_1,,,5,,1,0,10,4,2,6,5,,5,,1,3,,,2,0,2,,1,4,5,1,2,3,1,0,0,0,0,1,0,1,2,,8,Commercial driver,7,7,0,,1,0,0,0,2,1,6,1,1,2,9,0,kkora,,2
IN-M-492E,recruitment_arm_1,,,1,,1,1,11,4,2,5,3,,3,,3,4,,,2,0,3,,1,4,5,1,2,3,1,0,0,1,1,1,1,1,2,,1,,3,7,5,1000,1,0,0,0,1,1,3,1,2,3,12,0,amjoof,,2
IN-M-493A,recruitment_arm_1,,,5,,1,0,7,4,2,5,3,,3,,5,4,,,2,1,4,,1,4,5,1,0,3,0,0,0,1,1,1,1,1,2,,1,,3,0,0,8000,1,0,0,0,2,1,2,1,2,1,6,0,amjoof,,2
IN-M-494G,recruitment_arm_1,,,1,,1,0,11,4,2,6,5,,5,,1,3,,,2,0,2,,1,4,5,2,2,3,0,0,0,0,0,1,0,1,2,,1,,7,5,0,12000,0,1,1,0,2,,6,0,,,,0,kkora,,2
IN-M-495J,recruitment_arm_1,,,1,,1,0,10,4,2,5,3,,4,,5,2,,,2,0,3,,1,4,5,2,2,3,1,1,0,1,1,1,1,1,3,,5,,1,2,0,8500,0,1,0,1,2,,13,0,,,,1,kyceesay,,2
IN-M-496D,recruitment_arm_1,,,5,,1,0,15,4,2,4,5,,6,,2,5,,,1,0,4,,0,4,1,0,2,3,1,1,0,1,1,1,1,1,2,,8,capinter ,5,20,22,9000,0,0,0,0,,,,0,,,,0,otbah,,2
IN-M-497A,recruitment_arm_1,,,1,,1,0,10,3,2,5,5,,5,,1,3,,,2,0,2,,1,4,6,2,2,3,1,0,1,1,1,1,1,1,2,,8,Commercial driver,7,10,0,15000,1,0,0,0,1,3,11,1,1,3,12,1,kkora,,2
IN-M-498F,recruitment_arm_1,,,5,,1,0,13,4,2,4,5,,6,,4,5,,,1,0,4,,0,4,1,1,2,3,0,0,0,0,0,0,0,0,1,,1,,5,0,0,8000,0,0,0,0,,,,0,,,,0,otbah,,2
IN-M-499J,recruitment_arm_1,,,2,,1,1,9,3,2,6,2,,2,,3,4,,,2,1,3,,0,4,5,1,2,3,0,0,0,0,1,1,0,0,1,,1,,7,2,0,13500,1,0,0,0,3,1,3,0,,,,0,kyceesay,,2
IN-M-500D,recruitment_arm_1,,,1,,1,1,21,4,2,6,5,,5,,1,3,,,2,0,3,,0,4,5,2,2,3,0,0,0,0,0,1,0,1,2,,5,,1,4,5,13000,1,0,0,0,1,2,5,1,1,4,14,1,kkora,,2
IN-M-501E,recruitment_arm_1,,,2,,1,0,15,4,2,6,2,,2,,4,4,,,2,1,3,,0,4,5,2,2,3,1,1,0,0,0,1,0,0,1,,1,,7,15,0,11000,0,1,1,0,2,,14,0,,,,0,kyceesay,,2
IN-M-502C,recruitment_arm_1,,,2,,1,1,20,3,2,6,2,,2,,2,4,,,2,1,3,,0,4,5,0,2,3,1,1,0,0,0,1,0,0,1,,1,,7,4,45,20000,0,1,1,0,2,,6,0,,,,0,kyceesay,,2
IN-M-503D,recruitment_arm_1,,,2,,1,1,6,4,2,6,2,,2,,2,4,,,2,1,3,,0,3,5,0,0,3,0,0,0,0,0,1,0,0,1,,1,,7,1,0,17000,0,0,0,0,,,,0,,,,0,kyceesay,22,2
IN-M-504B,recruitment_arm_1,,,2,,1,1,8,3,2,6,2,,2,,3,4,,,2,1,3,,0,4,5,2,2,3,1,1,0,1,0,1,1,0,1,,1,,7,5,0,15000,0,0,0,0,,,,0,,,,0,kyceesay,,2
IN-M-505A,recruitment_arm_1,,,5,,1,0,10,4,2,4,5,,5,,4,5,,,1,0,4,,0,4,1,0,2,3,1,0,0,0,0,1,0,0,1,,1,,5,4,0,5000,0,0,0,0,,,,0,,,,0,otbah,,2
IN-M-506F,recruitment_arm_1,,,1,,1,0,20,3,2,5,5,,5,,3,1,,1,1,0,2,,0,1,6,0,1,2,1,1,0,1,1,1,1,1,2,,2,,1,20,5,10000,1,1,0,1,2,1,8,1,1,2,9,1,abarjo,,2
IN-M-507F,recruitment_arm_1,,,1,,1,2,25,3,2,5,5,,5,,2,1,,1,2,0,2,,1,4,5,2,2,3,1,1,0,1,1,1,1,1,2,,8,Imam,3,6,0,15000,1,0,0,0,2,1,4,0,,,,0,kkora,,2
IN-M-508G,recruitment_arm_1,,,5,,1,0,12,4,2,4,5,,5,,5,5,,,1,0,4,,0,4,1,0,2,3,0,0,0,0,0,1,0,0,1,,1,,5,4,0,6000,0,0,0,0,,,,0,,,,0,otbah,,2
IN-M-509F,recruitment_arm_1,,,1,,1,0,2,3,2,5,5,,5,,1,3,,,2,0,2,,1,1,5,2,1,2,0,1,0,0,0,1,1,1,2,,8,Hunter,7,3,0,5000,1,0,0,0,1,1,5,0,,,,0,kkora,,2
IN-M-510E,recruitment_arm_1,,,1,,1,0,20,4,2,4,5,,5,,5,5,,,1,0,4,,0,4,1,1,2,3,1,1,0,1,0,1,1,1,5,business ,1,,5,4,4,7000,0,0,0,0,,,,1,1,2,9,0,otbah,,2
IN-M-511F,recruitment_arm_1,,,1,,1,2,11,4,2,5,5,,5,,10,3,,,2,0,3,,1,1,5,0,2,3,0,0,0,0,1,1,1,1,4,,5,,1,2,0,5000,0,0,0,0,,,,1,2,4,15,0,abarjo,,2
IN-M-512G,recruitment_arm_1,,,1,,1,1,20,4,2,5,5,,5,,5,3,,,2,0,3,,1,3,5,0,2,1,1,1,0,0,0,1,0,1,1,,1,,1,12,0,7050,0,0,0,0,,,,1,1,1,5,0,abarjo,,2
IN-M-513A,recruitment_arm_1,,,1,,1,0,20,4,2,5,2,,2,,4,3,,,2,0,3,,0,4,5,0,2,3,1,1,1,1,1,1,1,1,5,Petty trading,5,,1,15,20,20000,0,1,0,1,2,,12,1,2,4,16,0,kyceesay,,2
IN-M-514B,recruitment_arm_1,,,5,,1,0,26,4,2,4,5,,6,,4,5,,,1,0,4,,0,4,1,0,2,3,0,0,0,0,0,0,0,0,1,,1,,5,0,0,8000,0,0,0,0,,,,1,1,2,9,0,otbah,,2
IN-M-515D,recruitment_arm_1,,,1,,1,0,8,4,2,5,3,,3,,3,3,,,3,0,3,,1,3,5,1,2,3,1,0,0,0,0,1,0,1,2,,1,,3,1,0,8000,1,0,0,0,2,1,5,1,2,2,7,0,amjoof,,2
IN-M-516E,recruitment_arm_1,,,1,,1,1,13,4,2,5,5,,5,,5,3,,,2,0,3,,0,3,5,0,2,3,0,1,0,0,0,1,1,1,2,,1,,1,0,0,8000,1,1,1,0,2,3,12,1,1,3,12,0,abarjo,,2
IN-M-517H,recruitment_arm_1,,,1,,1,1,18,4,2,5,5,,5,,,3,,,2,0,3,,0,1,5,0,0,2,0,0,0,1,1,1,1,1,2,,8,commercial vehicle  Driver,1,21,0,7000,1,1,1,0,2,1,4,0,,,,0,abarjo,,2
IN-M-518H,recruitment_arm_1,,,1,,1,0,10,3,2,5,1,,1,,1,1,,1,1,0,4,,1,1,6,0,1,2,0,0,0,1,1,1,1,1,2,,5,,1,0,0,6000,1,0,0,0,1,3,12,1,1,3,12,1,amjoof,,2
IN-M-519J,recruitment_arm_1,,,1,,1,1,15,4,2,4,5,,5,,5,5,,,1,0,3,,1,4,1,1,2,3,1,1,0,1,1,1,1,1,1,,1,,5,3,0,10000,1,0,0,0,2,1,4,0,,,,0,otbah,,2
IN-M-520B,recruitment_arm_1,,,1,,1,0,3,4,2,5,5,,5,,20,3,,,2,0,3,,0,3,5,1,2,1,1,0,0,0,0,1,0,0,2,,4,,5,0,25,5500,0,0,0,0,,,,0,,,,0,abarjo,,2
IN-M-521K,recruitment_arm_1,,,1,,1,0,30,4,2,5,3,,3,,5,4,,,3,1,4,,0,1,5,0,2,3,0,0,0,1,0,1,0,1,2,,1,,1,0,0,1000,1,0,0,0,1,3,12,1,2,1,6,0,amjoof,,2
IN-M-522A,recruitment_arm_1,,,1,,1,1,10,4,2,5,5,,5,,10,3,,,2,0,3,,0,1,5,0,1,1,0,1,0,1,1,1,1,1,2,,2,,2,3,0,5250,0,0,0,0,,,,0,,,,0,abarjo,,2
IN-M-523A,recruitment_arm_1,,,1,,1,0,25,3,2,6,1,,1,,1,3,,,1,0,4,,0,1,5,0,2,2,0,0,0,0,0,1,0,0,2,,5,,1,8,0,6000,1,0,0,0,1,3,12,1,2,1,6,0,amjoof,,2
IN-M-524J,recruitment_arm_1,,,1,,1,0,12,4,2,4,5,,6,,5,5,,,1,0,4,,0,4,1,1,2,3,1,1,0,0,0,0,0,0,1,,4,,5,2,0,6000,1,0,0,0,1,3,11,1,1,1,6,0,otbah,,2
IN-M-525G,recruitment_arm_1,,,4,,1,1,10,4,2,5,5,,5,,5,3,,,2,0,3,,1,2,5,0,1,1,1,0,1,1,1,1,1,1,2,,2,,1,7,0,13250,1,0,0,0,1,3,12,1,1,3,12,1,abarjo,,2
IN-M-526B,recruitment_arm_1,,,1,,1,0,12,4,2,5,3,,3,,1,3,,,1,0,4,,0,1,5,2,1,2,1,1,0,1,1,1,1,1,2,,5,,1,1,0,8000,1,0,0,0,1,2,9,1,1,3,11,0,amjoof,,2
IN-M-527F,recruitment_arm_1,,,1,,1,0,6,3,2,6,5,,5,,5,3,,,2,1,3,,0,2,6,0,0,3,0,0,0,0,0,0,0,0,2,,8,she dont know her husband's work,7,15,0,10000,1,0,0,0,1,3,12,0,,,,1,abarjo,,2
IN-M-528J,recruitment_arm_1,,,1,,1,0,19,3,2,5,5,,5,,2,3,,,2,0,3,,0,1,6,0,0,1,0,0,1,1,0,1,1,1,2,,5,,1,30,3,12000,1,1,1,0,2,2,7,1,1,2,9,0,abarjo,,2
IN-M-529C,recruitment_arm_1,,,1,,1,0,7,4,2,11,5,,5,,3,3,,,2,0,3,,0,3,5,1,2,1,1,0,0,0,0,1,0,0,1,,2,,1,0,0,3750,0,0,0,0,,,,0,,,,0,abarjo,,2
IN-M-530F,recruitment_arm_1,,,2,,1,0,6,4,2,6,2,,2,,3,1,,2,2,0,3,,1,4,5,1,2,3,1,0,0,0,0,1,0,0,2,,8,Business ,4,6,4,15000,1,0,0,0,1,3,10,0,,,,1,kyceesay,,2
IN-M-531E,recruitment_arm_1,,,1,,1,0,7,4,2,6,5,,5,,1,3,,,2,0,2,,1,4,5,1,2,3,1,0,0,0,0,1,0,1,2,,4,,5,6,3,10000,1,0,0,0,1,3,12,1,2,3,11,1,kkora,,2
IN-M-532F,recruitment_arm_1,,,1,,1,0,8,3,2,5,5,,5,,1,3,,,2,0,2,,1,4,5,2,1,3,1,1,0,1,1,1,1,1,2,,4,,5,10,0,8000,1,1,1,0,2,1,6,1,2,1,6,0,kkora,,2
IN-M-533E,recruitment_arm_1,,,5,,1,0,5,4,2,6,5,,5,,15,3,,,2,0,3,,1,1,5,1,2,3,1,0,0,0,0,1,0,0,2,,1,,3,10,10,9000,1,1,1,0,2,1,2,1,2,2,9,0,abarjo,,2
IN-M-534J,recruitment_arm_1,,,1,,1,1,6,4,2,5,1,,1,,1,3,,,1,0,4,,0,2,5,1,1,3,1,0,0,1,0,1,1,1,2,,1,,4,20,0,9000,1,0,0,0,1,2,8,1,2,2,7,0,amjoof,,2
IN-M-535A,recruitment_arm_1,,,2,,1,1,20,3,2,6,2,,2,,2,1,,2,2,1,3,,1,4,5,1,2,3,1,1,1,0,1,1,1,0,2,,1,,7,15,0,25000,0,1,1,0,2,,5,0,,,,0,kyceesay,,2
IN-M-536D,recruitment_arm_1,,,1,,1,0,9,4,2,5,5,,5,,2,4,,,2,0,3,,1,2,5,0,2,1,0,0,0,1,0,1,1,1,1,,5,,1,0,0,5000,1,1,1,0,2,1,4,1,2,2,9,1,abarjo,,2
IN-M-537A,recruitment_arm_1,,,1,,1,0,7,3,2,5,5,,5,,1,3,,,2,0,2,,1,4,5,0,2,3,0,0,0,1,1,1,1,1,2,,1,,7,9,0,7000,1,0,0,0,2,2,8,1,1,3,13,0,kkora,,2
IN-M-538R,recruitment_arm_1,,,1,,1,1,9,4,2,5,5,,5,,5,1,,1,2,0,1,,1,3,5,0,2,1,1,1,0,1,1,1,1,1,2,,2,,1,18,3,20000,1,1,1,0,2,1,6,1,2,3,12,0,abarjo,,2
IN-M-539F,recruitment_arm_1,,,1,,1,0,9,3,2,6,5,,5,,2,3,,,2,0,2,,1,4,5,0,2,3,0,0,0,0,1,1,1,1,2,,7,,7,5,1,10000,0,1,1,0,2,,3,1,1,3,12,0,kkora,,2
IN-M-540Q,recruitment_arm_1,,,1,,1,1,5,3,2,4,5,,5,,2,5,,,1,0,4,,0,3,1,0,2,3,0,0,0,1,1,1,1,1,5,business ,8,driver ,5,0,0,5000,1,0,0,0,1,1,6,0,,,,0,otbah,,2
IN-M-541A,recruitment_arm_1,,,5,,1,1,13,4,2,5,5,,5,,3,3,,,2,0,3,,0,1,5,0,1,1,1,0,0,1,1,1,1,1,2,,5,,1,4,0,10500,1,0,0,0,1,1,4,0,,,,0,abarjo,,2
IN-M-542D,recruitment_arm_1,,,1,,1,0,10,4,2,11,5,,5,,5,3,,,2,1,3,,1,1,5,0,1,1,1,0,1,0,0,1,0,0,1,,2,,1,3,1,10000,1,1,1,0,2,2,8,1,2,1,3,0,abarjo,,2
IN-M-543C,recruitment_arm_1,,,1,,1,0,4,4,2,6,5,,5,,10,3,,,2,0,3,,1,1,5,1,1,2,1,0,0,0,0,1,1,0,2,,5,,4,5,3,5000,1,1,1,0,1,2,8,1,1,3,12,1,abarjo,,2
IN-M-544H,recruitment_arm_1,,,1,,1,0,16,4,2,6,5,,5,,3,3,,,2,0,3,,1,1,5,1,1,2,0,0,0,0,0,1,0,0,2,,1,,3,3,0,6000,1,0,0,0,1,2,10,0,,,,0,abarjo,,2
IN-M-545G,recruitment_arm_1,,,5,,1,0,5,4,2,4,5,,5,,5,3,,,2,0,3,,0,1,5,0,0,1,1,0,0,0,0,0,0,0,2,,1,,3,2,0,6000,1,0,0,0,1,2,7,0,,,,1,abarjo,,2
IN-M-546H,recruitment_arm_1,,,5,,1,0,20,3,2,5,5,,5,,5,3,,,2,0,3,,0,1,5,1,1,1,1,0,0,0,1,1,1,1,2,,5,,1,8,2,5000,1,0,0,0,1,3,11,1,1,2,9,1,abarjo,,2
IN-M-547E,recruitment_arm_1,,,1,,1,0,20,3,2,5,5,,5,,4,3,,,2,0,3,,0,3,6,1,0,1,1,1,0,1,1,1,1,1,2,,5,,4,10,0,10000,1,0,0,0,1,1,6,1,1,3,12,1,abarjo,,2
IN-M-548A,recruitment_arm_1,,,1,,1,0,15,3,2,6,3,,4,,5,3,,,2,0,3,,0,4,5,2,2,3,0,0,0,0,0,1,0,0,2,,5,,1,3,0,15000,1,0,0,0,1,3,12,1,1,3,12,1,kyceesay,,2
IN-M-549T,recruitment_arm_1,,,1,,1,0,25,3,2,6,5,,5,,3,3,,,2,0,3,,1,1,6,1,2,2,1,0,1,0,1,1,0,0,2,,5,,1,7,5,17000,1,1,1,0,2,1,4,1,1,3,12,0,abarjo,,2
IN-M-550J,recruitment_arm_1,,,1,,1,0,15,4,2,6,2,,2,,2,1,,2,2,0,3,,1,4,5,2,2,3,0,1,1,1,1,1,1,0,2,,8,Bakery man,2,1,50,17000,1,0,0,0,3,2,9,0,,,,1,kyceesay,,2
IN-M-551K,recruitment_arm_1,,,1,,1,0,12,4,2,6,2,,2,,3,4,,,2,1,3,,0,4,5,2,2,3,1,0,0,0,0,1,0,0,2,,2,,7,5,22,10000,1,1,0,1,1,2,8,1,2,2,9,1,kyceesay,,2
IN-M-552E,recruitment_arm_1,,,5,,1,1,14,4,2,5,5,,5,,10,3,,,2,1,3,,0,1,1,0,2,3,0,1,0,0,1,1,1,1,2,,2,,4,0,3,7000,0,0,0,0,,,,0,,,,0,abarjo,,2
IN-M-553D,recruitment_arm_1,,,1,,1,0,6,3,2,6,5,,6,,5,1,,1,1,0,4,,0,4,5,0,2,3,1,0,0,0,0,1,1,0,1,,1,,5,3,0,5000,1,0,0,0,2,1,4,0,,,,0,otbah,,2
IN-M-554A,recruitment_arm_1,,,1,,1,0,20,4,2,4,5,,6,,10,5,,,1,0,4,,0,4,1,0,2,3,1,0,0,0,0,1,0,0,1,,8,SECURITY,1,0,0,5000,0,0,0,0,,,,1,1,3,12,0,otbah,,2
IN-M-555A,recruitment_arm_1,,,1,,1,0,15,4,2,4,5,,6,,4,5,,,1,0,4,,0,4,1,0,2,3,1,0,0,0,0,1,0,0,1,,1,,5,6,30,8000,0,0,0,0,,,,0,,,,0,otbah,,2
IN-M-556P,recruitment_arm_1,,,1,,1,0,13,3,2,5,5,,5,,5,3,,,2,0,2,,1,2,5,0,1,1,1,0,1,0,0,1,0,1,2,,5,,1,7,3,6000,1,0,0,0,1,1,4,0,,,,0,abarjo,,2
IN-M-557F,recruitment_arm_1,,,5,,1,0,8,4,2,6,5,,6,,5,5,,,1,0,4,,0,3,1,0,1,3,0,0,0,0,0,1,0,0,1,,1,,5,0,0,6000,0,0,0,0,,,,0,,,,1,otbah,,2
IN-M-558A,recruitment_arm_1,,,1,,1,0,3,4,2,5,3,,4,,6,4,,,2,0,3,,0,2,5,2,1,2,0,0,0,0,0,1,0,1,2,,8,Masson (block laying),2,0,0,7000,1,0,0,0,1,2,9,1,1,3,12,1,kyceesay,,2
IN-M-559E,recruitment_arm_1,,,1,,,,1,4,2,6,5,,5,,3,3,,,2,1,3,,1,3,5,0,2,2,0,0,0,0,0,0,0,0,1,,1,,3,1,0,7000,0,0,0,0,,,,,,,,0,abarjo,,2
IN-M-560K,recruitment_arm_1,,,5,,1,0,20,4,2,4,5,,6,,5,5,,,1,0,4,,0,4,1,0,2,3,0,0,0,1,0,1,0,1,1,,1,,5,0,0,8000,0,0,0,0,,,,0,,,,0,otbah,,2
IN-M-561G,recruitment_arm_1,,,1,,1,0,10,4,2,5,3,,4,,8,4,,,2,0,3,,0,4,5,2,2,3,0,0,1,1,1,1,1,1,2,,8,Masson (Brick laying),2,5,0,11000,0,1,0,1,2,,6,1,1,2,9,1,kyceesay,,2
IN-M-562J,recruitment_arm_1,,,5,,1,0,50,4,2,4,5,,6,,6,5,,,1,1,4,,0,4,1,0,2,3,0,0,0,1,1,1,1,1,1,,1,,5,1,0,10000,0,0,0,0,,,,0,,,,0,otbah,,2
IN-M-563B,recruitment_arm_1,,,1,,1,0,8,4,2,6,5,,5,,20,3,,,2,0,3,,1,4,5,2,2,3,1,0,0,0,0,1,0,0,2,,3,,7,11,0,15000,0,1,1,0,2,,3,0,,,,0,kyceesay,,2
IN-M-564G,recruitment_arm_1,,,2,,1,0,30,4,2,6,2,,2,,4,4,,,2,1,3,,0,4,5,2,2,3,1,0,0,0,0,1,0,0,2,,1,,7,5,0,20000,0,1,1,0,2,,6,0,,,,0,kyceesay,,2
IN-M-565F,recruitment_arm_1,,,1,,1,0,8,3,2,4,5,,5,,2,3,,,1,0,4,,0,4,5,0,2,3,1,1,0,1,1,1,1,1,2,,4,,5,3,0,7000,1,0,0,0,1,1,4,0,,,,0,otbah,,2
IN-M-566K,recruitment_arm_1,,,1,,1,0,8,3,2,5,5,,5,,2,3,,,2,0,3,,1,1,5,0,2,3,1,0,0,0,0,1,0,1,1,,5,,1,1,0,10500,0,0,0,0,,,,1,1,3,12,0,abarjo,,2
IN-M-567C,recruitment_arm_1,,,1,,1,1,20,4,2,4,5,,6,,2,5,,,1,0,4,,0,4,1,0,2,3,1,1,0,1,1,1,1,1,1,,8,teacher ,1,4,0,10000,1,0,0,0,1,1,6,1,2,5,16,0,otbah,,2
IN-M-568A,recruitment_arm_1,,,1,,1,1,20,4,2,5,3,,3,,1,4,,,3,0,4,,1,1,5,0,2,3,1,0,0,1,1,1,1,1,2,,4,,3,0,0,12000,1,0,0,0,2,1,5,1,1,3,12,0,amjoof,,2
IN-M-569D,recruitment_arm_1,,,1,,1,0,12,4,2,5,5,,5,,2,3,,,2,0,3,,1,4,6,1,2,1,1,0,0,1,1,1,1,1,2,,5,,1,3,0,11800,1,1,1,0,2,1,6,1,1,3,12,0,abarjo,,2
IN-M-570H,recruitment_arm_1,,,5,,1,0,20,4,2,6,5,,6,,8,5,,,1,0,4,,0,4,1,0,2,3,0,0,0,0,0,1,0,0,1,,1,,5,0,0,9000,0,0,0,0,,,,0,,,,0,otbah,,2
IN-M-571D,recruitment_arm_1,,,1,,1,0,8,3,2,5,5,,5,,5,3,,,2,0,3,,0,1,5,0,1,3,0,0,0,0,0,1,0,1,2,,2,,3,3,0,5000,1,0,0,0,1,3,13,1,1,3,12,1,abarjo,,2
IN-M-572F,recruitment_arm_1,,,1,,1,2,10,4,2,6,3,,3,,2,4,,,3,1,3,,1,1,5,0,2,3,1,1,0,0,0,1,0,0,2,,5,,1,3,4,6000,1,0,0,0,2,1,4,1,1,3,12,1,amjoof,,2
IN-M-573H,recruitment_arm_1,,,1,,1,0,15,4,2,4,5,,6,,4,5,,,1,0,4,,0,4,1,0,2,3,1,1,1,1,1,1,1,1,1,,8,capinta,5,15,20,7000,1,0,0,0,1,3,10,0,,,,0,otbah,,2
IN-M-574K,recruitment_arm_1,,,1,,1,0,10,4,2,6,3,,3,,1,4,,,3,1,4,,1,3,5,1,2,3,0,0,0,0,0,1,1,0,2,,5,,1,0,0,6000,1,0,0,0,1,2,7,1,2,3,12,0,amjoof,,2
IN-M-575J,recruitment_arm_1,,,1,,1,0,20,4,2,6,1,,1,,1,4,,,1,0,4,,0,1,5,0,0,2,0,0,0,0,0,1,0,0,2,,5,,3,2,0,1000,1,0,0,0,1,1,5,1,1,3,12,0,amjoof,,2
IN-M-576G,recruitment_arm_1,,,1,,1,0,8,4,2,9,3,,3,,1,4,,,3,0,4,,0,1,5,1,2,3,1,0,0,0,0,1,0,0,2,,4,,5,0,0,8000,1,0,0,0,1,1,6,0,,,,0,amjoof,,2
IN-M-577D,recruitment_arm_1,,,1,,1,1,14,4,2,5,5,,5,,5,3,,,2,0,3,,1,1,5,0,1,2,1,1,0,1,0,1,1,1,2,,5,,1,2,0,10500,0,0,0,0,,,,1,1,4,15,0,abarjo,,2
IN-M-578G,recruitment_arm_1,,,1,,1,0,15,3,2,5,5,,5,,7,1,,1,2,0,3,,1,3,5,0,2,1,0,0,1,1,1,1,1,1,2,,5,,3,4,0,11000,1,1,0,1,2,3,12,1,1,2,9,1,abarjo,,2
IN-M-579A,recruitment_arm_1,,,1,,1,0,7,4,2,6,3,,3,,1,4,,,3,1,4,,0,1,5,1,2,3,1,1,0,0,0,1,0,0,2,,3,,4,3,0,6000,1,0,0,0,1,1,6,0,,,,0,amjoof,,2
IN-M-580A,recruitment_arm_1,,,1,,1,1,13,3,2,6,3,,4,,4,4,,,2,1,3,,0,4,6,2,2,3,1,1,0,0,0,1,1,0,2,,8,MASSON (Brick laying),2,2,0,15500,1,1,0,1,2,1,5,1,1,3,12,1,kyceesay,,2
IN-M-581A,recruitment_arm_1,,,1,,1,0,10,4,2,6,3,,4,,3,2,,,2,1,3,,0,4,5,2,2,3,1,0,1,0,0,1,0,0,2,,8,Tailor,2,8,1,22000,0,1,0,1,2,,5,1,1,2,9,0,kyceesay,,2
IN-M-582H,recruitment_arm_1,,,1,,1,0,7,4,2,5,3,,4,,5,1,,2,1,0,3,,0,4,5,2,2,3,1,1,0,1,1,1,1,1,2,,5,,2,3,0,10000,0,1,0,1,2,,3,1,1,2,9,0,kyceesay,,2
IN-M-583B,recruitment_arm_1,,,5,,1,0,24,4,2,4,6,,6,,4,5,,,1,0,4,,0,4,1,0,2,3,0,0,0,0,1,0,1,1,1,,1,,5,9,0,8000,0,0,0,0,,,,0,,,,0,otbah,,2
IN-M-584K,recruitment_arm_1,,,5,,1,1,18,4,2,6,5,,6,,5,5,,,1,0,4,,0,4,1,0,2,3,0,1,0,0,0,1,0,0,1,,1,,5,0,5,8000,0,0,0,0,,,,0,,,,0,otbah,,2
IN-M-585A,recruitment_arm_1,,,1,,1,0,10,4,2,6,5,,5,,1,3,,,2,0,2,,0,4,5,1,0,3,1,0,0,0,0,1,1,1,2,,1,,7,0,0,10000,1,0,0,0,2,1,5,1,1,1,6,0,kkora,,2
IN-M-586C,recruitment_arm_1,,,5,,1,0,18,4,2,4,5,,6,,2,5,,,1,0,4,,0,4,1,0,2,3,1,1,0,0,0,1,0,0,1,,1,,5,2,0,7000,0,0,0,0,,,,0,,,,0,otbah,,2
IN-M-587B,recruitment_arm_1,,,1,,1,0,5,4,2,9,5,,5,,3,3,,,2,0,3,,1,3,1,1,2,1,1,0,0,0,0,1,0,0,2,,1,,4,1,0,7500,1,0,0,0,1,1,6,0,,,,0,abarjo,,2
IN-M-588C,recruitment_arm_1,,,1,,1,0,10,4,2,5,5,,5,,5,3,,,2,1,3,,1,1,5,1,1,1,1,1,0,1,1,1,1,1,2,,5,,1,3,0,11000,1,1,0,1,2,2,8,1,1,5,15,1,abarjo,,2
IN-M-589B,recruitment_arm_1,,,1,,1,0,9,4,2,5,5,,5,,5,3,,,2,0,3,,0,1,5,0,1,1,1,0,0,1,0,1,1,1,4,,2,,1,6,0,12500,1,1,0,1,2,3,12,1,1,2,9,1,abarjo,,2
IN-M-590D,recruitment_arm_1,,,1,,1,0,7,4,2,5,5,,5,,7,3,,,2,0,3,,0,1,5,0,0,2,1,0,0,1,1,1,1,1,2,,5,,1,1,0,6000,1,1,0,1,2,2,8,1,1,2,8,0,abarjo,,2
IN-M-591K,recruitment_arm_1,,,1,,1,3,11,4,2,5,3,,4,,4,4,,,2,0,3,,0,4,5,0,2,3,0,0,0,0,1,1,1,1,2,,5,,1,3,0,8000,0,1,1,0,2,,2,0,,,,0,kyceesay,,2
IN-M-592K,recruitment_arm_1,,,,,,,,,,,,,,,,,,,,,,,,,,,,,,,,,,,,,,,,,,,,,,,0,0,,,,,,,,,,,0
IN-M-593B,recruitment_arm_1,,,1,,1,1,7,3,2,5,5,,5,,3,3,,,2,0,3,,0,1,6,1,1,1,1,0,0,1,1,1,1,1,2,,5,,4,12,7,10000,1,0,0,0,1,3,14,1,1,3,15,1,abarjo,,2
IN-M-594J,recruitment_arm_1,,,5,,1,0,6,4,2,4,5,,6,,6,5,,,1,0,4,,0,3,1,0,2,3,0,0,0,0,0,1,0,0,1,,4,,5,1,0,5000,0,0,0,0,,,,0,,,,0,otbah,,2
IN-M-595E,recruitment_arm_1,,,1,,1,1,20,3,2,4,5,,5,,5,5,,,1,0,4,,0,4,1,0,2,3,0,0,1,1,1,1,1,1,2,,8,electrician ,5,6,0,7000,1,0,0,0,2,1,6,1,1,1,4,0,otbah,,2
IN-M-596G,recruitment_arm_1,,,1,,1,0,7,4,2,5,5,,5,,5,3,,,2,0,3,,1,1,5,1,1,1,1,0,0,1,1,1,1,1,2,,2,,1,5,0,7000,1,1,1,0,2,3,6,1,1,4,14,1,abarjo,,2
IN-M-597E,recruitment_arm_1,,,1,,1,1,5,3,2,5,5,,5,,3,3,,,2,0,3,,0,3,5,0,2,3,1,0,0,0,0,1,0,1,2,,2,,3,0,0,5000,0,0,0,0,,,,1,2,3,13,0,abarjo,,2
IN-M-598J,recruitment_arm_1,,,1,,1,0,19,4,2,4,5,,5,,4,5,,,1,0,4,,0,4,1,0,2,3,1,0,0,0,0,1,0,0,1,,4,,5,13,1,8000,0,0,0,0,,,,,,,,0,otbah,,2
IN-M-599H,recruitment_arm_1,,,1,,1,0,30,4,2,4,5,,5,,4,5,,,1,0,4,,0,4,1,0,2,2,1,1,1,1,1,1,1,1,2,,1,,5,12,2,15000,1,0,0,0,1,3,12,1,1,3,12,0,otbah,,2
IN-M-600J,recruitment_arm_1,,,1,,1,0,20,4,2,5,5,,5,,10,3,,,2,0,3,,0,1,5,0,1,1,1,1,0,1,0,1,1,1,2,,2,,3,0,0,15000,0,0,0,0,,,,0,,,,0,abarjo,,2
IN-M-601B,recruitment_arm_1,,,1,,1,0,20,4,2,4,5,,5,,4,5,,,1,0,4,,0,4,1,1,2,3,1,1,0,1,1,1,1,1,2,,8,TEACHER,1,0,0,9000,1,0,0,0,2,3,12,1,2,4,15,0,otbah,,2
IN-M-602K,recruitment_arm_1,,,5,,1,0,15,4,2,6,5,,5,,2,5,,,1,0,4,,0,4,1,0,2,3,0,1,0,0,0,1,0,0,1,,1,,5,5,5,6000,0,0,0,0,,,,0,,,,0,otbah,,2
IN-M-603C,recruitment_arm_1,,,5,,1,0,16,4,2,6,5,,5,,3,5,,,1,0,4,,0,4,1,0,2,3,1,0,0,0,0,1,0,0,1,,1,,5,5,0,5000,1,0,0,0,2,1,4,0,,,,0,otbah,,2
IN-M-604C,recruitment_arm_1,,,1,,1,0,12,4,2,6,5,,5,,2,3,,,2,1,3,,1,2,1,1,2,2,1,0,0,0,0,1,0,1,2,,5,,4,2,0,12750,1,1,1,0,2,2,7,1,1,2,9,0,abarjo,,2
IN-M-605F,recruitment_arm_1,,,1,,1,0,20,4,2,4,5,,5,,2,5,,,1,0,4,,0,4,5,1,2,3,1,0,1,1,1,1,1,1,2,,8,driver ,1,0,0,8000,1,0,0,0,2,1,6,1,1,4,15,0,otbah,,2
IN-M-606H,recruitment_arm_1,,,1,,1,0,11,4,2,5,5,,5,,5,3,,,2,0,3,,1,2,6,0,2,3,1,1,0,1,0,1,1,1,2,,5,,2,5,0,10900,1,0,0,0,1,2,8,1,1,3,12,1,abarjo,,2
IN-M-607A,recruitment_arm_1,,,5,,1,0,22,4,2,4,5,,5,,7,5,,,1,0,4,,0,4,1,0,2,3,1,0,0,0,0,0,0,0,1,,8,driver ,1,2,0,9000,1,0,0,0,1,2,9,1,1,2,9,0,otbah,,2
IN-M-608C,recruitment_arm_1,,,1,,1,0,5,4,2,5,5,,5,,5,3,,,2,0,3,,1,3,5,0,2,3,0,0,0,1,0,1,1,1,2,,5,,1,0,0,10000,1,1,1,0,2,1,6,1,2,4,15,0,abarjo,,2
IN-M-609S,recruitment_arm_1,,,1,,1,0,6,3,2,5,5,,5,,3,1,,1,2,0,3,,0,1,5,0,0,2,1,1,0,1,1,1,1,1,2,,2,,3,10,0,5500,1,0,0,0,,,,,,,,1,abarjo,,2
IN-M-610B,recruitment_arm_1,,,5,,1,0,20,3,2,6,5,,5,,2,5,,,1,0,4,,0,4,5,0,2,3,1,0,1,0,0,1,0,0,1,,1,,5,10,40,8000,1,0,0,0,1,2,7,0,,,,0,otbah,,2
IN-M-611C,recruitment_arm_1,,,1,,1,1,30,4,2,5,5,,5,,10,3,,,2,0,3,,1,2,5,1,2,2,0,1,0,1,0,1,1,1,2,,5,,3,5,0,16000,1,0,0,0,1,1,5,0,,,,0,abarjo,,2
IN-M-612J,recruitment_arm_1,,,1,,1,0,25,4,2,5,5,,5,,10,3,,,2,0,3,,0,1,5,1,1,1,1,1,0,1,1,1,1,1,2,,2,,2,20,0,13000,1,1,0,1,2,1,6,1,2,2,12,0,abarjo,,2
IN-M-613J,recruitment_arm_1,,,5,,1,1,11,4,2,4,5,,5,,5,5,,,1,0,4,,0,4,1,0,2,3,1,1,0,1,0,1,0,1,1,,1,,5,10,0,5000,0,0,0,0,,,,0,,,,0,otbah,,2
IN-M-614H,recruitment_arm_1,,,1,,1,0,8,4,2,5,5,,5,,5,3,,,2,0,3,,1,2,6,0,2,3,0,1,0,1,1,1,1,1,2,,5,,3,0,0,10000,1,0,0,0,1,2,9,1,1,3,12,1,abarjo,,2
IN-M-615B,recruitment_arm_1,,,1,,1,0,9,4,2,9,5,,5,,1,3,,,2,1,2,,1,4,5,2,2,3,1,1,0,0,0,1,0,0,2,,3,,7,4,0,9000,1,0,0,0,1,2,7,1,1,1,5,1,kkora,,2
IN-M-616D,recruitment_arm_1,,,1,,1,0,10,3,2,6,5,,4,,3,1,,2,2,0,3,,1,3,5,1,2,3,1,1,0,0,0,1,0,0,2,,1,,1,15,4,14500,1,1,1,0,2,1,5,1,2,2,9,1,abarjo,,2
IN-M-617G,recruitment_arm_1,,,5,,1,0,13,4,2,6,5,,9,,5,3,,,2,0,3,,1,3,6,0,2,1,1,1,0,0,0,1,0,0,2,,2,,3,5,4,6300,0,0,0,0,,,,1,1,3,12,0,abarjo,,2
IN-M-618A,recruitment_arm_1,,,4,,1,0,4,4,2,9,5,,5,,5,3,,,2,0,3,,1,4,5,2,2,3,1,1,0,0,0,1,0,0,2,,1,,7,20,50,5000,1,0,0,0,1,1,5,0,,,,0,kkora,,2
IN-M-619F,recruitment_arm_1,,,2,,1,0,22,4,2,5,5,,5,,20,3,,,2,0,3,,0,1,5,1,1,1,1,0,0,1,1,1,1,1,2,,5,,3,4,0,16000,0,0,0,0,,,,1,2,3,9,0,abarjo,,2
IN-M-620A,recruitment_arm_1,,,1,,1,1,40,4,2,5,5,,5,,1,3,,,2,0,2,,1,4,5,2,2,3,1,0,0,1,1,1,1,1,2,,1,,7,0,0,20000,0,1,1,0,2,,7,0,,,,0,kkora,,2
IN-M-621F,recruitment_arm_1,,,5,,1,1,10,4,2,4,5,,5,,15,5,,,1,0,3,,1,2,1,1,,1,0,1,0,0,0,1,0,0,1,,1,,5,2,45,6000,0,0,0,0,,,,0,,,,0,otbah,,2
IN-M-622E,recruitment_arm_1,,,2,,1,1,10,4,2,6,2,,2,,3,1,,2,2,1,3,,0,4,5,0,2,3,0,0,0,0,0,1,1,0,2,,1,,7,3,0,15000,0,1,1,0,2,,18,0,,,,0,kyceesay,,2
IN-M-623G,recruitment_arm_1,,,2,,1,1,12,3,2,6,2,,2,,2,1,,2,2,0,3,,1,4,5,0,2,3,0,1,1,0,0,1,0,0,2,,1,,7,4,0,17500,0,1,1,0,2,,7,0,,,,0,kyceesay,,2
IN-M-624D,recruitment_arm_1,,,2,,1,0,12,3,2,6,5,,5,,3,5,,,1,0,4,,0,4,1,1,2,3,1,1,0,0,1,1,0,0,1,,1,,5,6,0,8000,0,0,0,0,,,,1,1,4,15,0,otbah,,2
IN-M-625A,recruitment_arm_1,,,1,,1,0,20,4,2,5,5,,5,,4,4,,,2,0,3,,0,1,5,0,2,2,1,0,0,1,1,1,1,1,2,,5,,1,10,0,11000,1,1,0,1,2,3,7,1,2,3,16,1,abarjo,,2
IN-M-626B,recruitment_arm_1,,,1,,1,0,10,4,2,5,5,,5,,10,3,,,2,0,3,,0,1,5,0,1,1,1,0,0,0,0,1,1,1,4,,2,,3,4,0,10000,1,1,0,1,2,4,15,1,2,3,12,1,abarjo,,2
IN-M-627C,recruitment_arm_1,,,1,,1,0,8,4,2,5,5,,5,,5,3,,,2,0,3,,1,2,6,0,1,2,1,0,0,1,1,1,1,1,2,,4,,5,1,1,10000,1,1,0,1,2,2,7,1,1,3,12,0,abarjo,,2
IN-M-628G,recruitment_arm_1,,,1,,1,1,25,4,2,5,5,,5,,7,3,,,2,0,3,,1,1,5,1,2,3,0,1,0,1,0,1,0,1,2,,1,,1,12,5,10000,1,1,1,0,2,1,6,0,,,,0,abarjo,,2
IN-M-629A,recruitment_arm_1,,,1,,1,0,8,4,2,5,5,,5,,3,3,,,2,1,3,,0,1,1,0,1,2,0,1,0,1,0,1,0,1,2,,1,,1,30,0,9000,1,0,0,0,1,1,6,1,2,3,12,0,abarjo,,2
IN-M-630A,recruitment_arm_1,,,1,,1,0,6,3,2,5,5,,5,,5,3,,,2,0,3,,0,1,6,0,1,1,1,1,0,1,1,1,1,1,2,,4,,3,7,0,9000,1,1,1,1,2,3,12,1,1,3,12,1,abarjo,,2
IN-M-631A,recruitment_arm_1,,,1,,1,0,11,4,2,5,3,,4,,3,4,,,2,0,3,,0,4,5,2,2,3,1,1,1,1,1,1,1,1,4,,5,,6,20,0,15000,1,0,0,0,1,3,12,0,,,,1,kyceesay,,2
IN-M-632J,recruitment_arm_1,,,1,,1,0,16,3,2,5,5,,5,,3,3,,,2,0,3,,0,1,5,0,0,2,1,0,1,0,0,1,1,1,2,,2,,3,21,0,15000,1,0,0,0,1,2,8,1,2,3,12,1,abarjo,,2
IN-M-633H,recruitment_arm_1,,,1,,1,0,6,3,2,6,5,,5,,15,3,,,2,1,3,,0,1,5,0,1,2,1,0,0,0,0,1,0,0,2,,2,,4,0,0,6000,1,0,0,0,1,2,7,1,2,3,12,0,abarjo,,2
IN-M-634H,recruitment_arm_1,,,1,,1,1,7,4,2,9,5,,5,,5,3,,,2,0,3,,0,1,5,1,1,1,1,0,0,1,0,1,0,0,2,,1,,1,3,0,6500,1,1,0,1,2,1,6,1,2,3,12,0,abarjo,,2
IN-M-635G,recruitment_arm_1,,,2,,1,2,7,4,2,6,2,,2,,2,1,,2,2,1,3,,1,4,5,2,2,3,1,0,0,0,0,1,1,0,2,,1,,7,4,50,18000,0,1,1,0,2,,15,0,,,,0,kyceesay,,2
IN-M-636J,recruitment_arm_1,,,1,,1,0,5,4,2,9,5,,5,,10,3,,,2,1,4,,1,4,1,0,2,1,1,0,0,0,0,1,0,0,2,,1,,3,0,0,9000,1,0,0,0,2,3,10,1,1,2,9,1,abarjo,,2
IN-M-637J,recruitment_arm_1,,,1,,1,0,5,4,2,5,5,,5,,5,1,,3,2,0,3,,0,1,1,2,2,3,1,0,0,0,0,1,0,1,1,,2,,2,0,0,6000,0,0,0,0,,,,0,,,,0,abarjo,,2
IN-M-638H,recruitment_arm_1,,,1,,1,0,12,4,2,5,5,,5,,3,3,,,2,0,3,,0,3,6,1,1,3,1,0,0,1,0,1,1,1,2,,8,he is Europe  so don't his specific job. ,7,4,0,20000,1,0,0,0,1,2,11,1,1,1,5,1,abarjo,,2
IN-M-639G,recruitment_arm_1,,,1,,1,0,4,4,2,6,5,,5,,7,3,,,2,0,3,,1,1,1,2,1,2,1,0,0,0,0,1,0,0,2,,2,,1,0,0,6000,1,0,0,0,1,1,6,0,,,,0,abarjo,,2
IN-M-640E,recruitment_arm_1,,,1,,1,0,16,3,2,5,5,,5,,3,1,,1,2,0,3,,1,2,6,2,1,1,1,0,0,1,1,1,1,1,2,,5,,1,20,50,15000,1,0,0,0,1,2,9,1,1,3,12,1,abarjo,,2
IN-M-641B,recruitment_arm_1,,,5,,1,0,5,4,2,9,5,,5,,5,3,,,2,0,3,,1,2,5,0,2,3,1,0,0,0,0,1,0,0,2,,1,,1,3,0,7000,1,1,1,0,2,3,11,1,2,3,13,1,abarjo,,2
IN-M-642N,recruitment_arm_1,,,5,,1,0,7,4,2,5,5,,5,,5,3,,,2,0,3,,0,1,5,2,2,3,1,1,0,0,1,1,0,1,2,,5,,4,15,2,6000,1,0,0,0,1,1,4,1,2,2,7,0,abarjo,,2
IN-M-643G,recruitment_arm_1,,,1,,1,0,5,4,2,6,5,,5,,5,3,,,2,1,3,,1,1,5,0,1,2,0,1,0,0,0,0,0,0,2,,5,,1,8,0,6000,1,1,0,1,2,2,8,1,1,4,15,0,abarjo,,2
IN-M-644K,recruitment_arm_1,,,1,,1,1,7,3,2,5,5,,5,,3,1,,1,2,0,3,,1,1,6,2,1,2,1,0,1,1,1,1,1,1,2,,5,,4,9,15,15000,1,0,0,0,1,2,9,1,2,2,7,0,abarjo,,2
IN-M-645K,recruitment_arm_1,,,1,,1,0,11,4,2,5,5,,5,,3,3,,,2,0,3,,1,1,5,2,1,2,1,0,1,0,1,1,1,1,2,,1,,2,3,0,11000,1,0,0,0,1,3,10,1,1,3,12,1,abarjo,,2
IN-M-646F,recruitment_arm_1,,,1,,1,3,22,3,2,9,5,,5,,15,3,,,2,1,3,,1,1,1,0,2,2,0,1,0,0,0,1,0,0,1,,1,,1,0,0,10000,0,0,0,0,,,,1,1,2,9,0,abarjo,,2
IN-M-647G,recruitment_arm_1,,,1,,1,0,20,4,2,6,5,,5,,10,3,,,1,0,3,,0,1,5,2,1,1,1,1,0,0,0,1,0,0,2,,5,,3,4,0,12500,0,0,0,0,,,,1,1,2,9,0,abarjo,,2
IN-M-648G,recruitment_arm_1,,,,,,,,,,,,,,,,,,,,,,,,,,,,,,,,,,,,,,,,,,,,,,,0,0,,,,,,,,,,,0
IN-M-649K,recruitment_arm_1,,,,,,,,,,,,,,,,,,,,,,,,,,,,,,,,,,,,,,,,,,,,,,,0,0,,,,,,,,,,,0
IN-M-650E,recruitment_arm_1,,,,,,,,,,,,,,,,,,,,,,,,,,,,,,,,,,,,,,,,,,,,,,,0,0,,,,,,,,,,,0
